Workbook

Sheet Tăng áp HK A1,2
A2: TT | B2: NỘI DUNG CÔNG VIỆC | D2: Nhãn hiệu/Xuất xứ | E2: Đơn vị tính | F2: Khối lượng | G2: Đầu vào | K2: Đơn giá | M2: Thuế Vat (theo quy định) | O2: Thành tiền | Q2: Ghi Chú
B3: BOQ | C3: NHÀ THẦU | G3: Đơn giá | H3: Lợi nhuận | I3: Hao hụt | J3: Vật liệu phụ | K3: Vật tư | L3: Nhân công | O3: Vật tư | P3: Nhân công
B4: Hạng mục: HỆ THỐNG ĐIỀU ÁP VÀ HÚT KHÓI - KHỐI A1+A2
B5: A. HỆ THỐNG TĂNG ÁP THANG BỘ VÀ SẢNH THANG MÁY HẦM
B6: Thiết bị
B7: Quạt tạo áp, động cơ cấp "H" chịu nhiệt độ tối đa 300°C trong 2h
B8: Quạt tạo áp: PAF-B2.01 - Hướng trục, nối ống gió. - Lưu lượng: 2600L/s@350Pa | E8: cái | F8: 1 | M8: =K8*8% -> 0 | N8: =L8*8% -> 0 | O8: =(K8+M8)*F8 -> 0 | P8: =(L8+N8)*F8 -> 0
B9: Quạt tạo áp: PAF-B1.01 - Hướng trục, nối ống gió. - Lưu lượng: 3400L/s@300Pa | E9: cái | F9: 1 | M9: =K9*8% -> 0 | N9: =L9*8% -> 0 | O9: =(K9+M9)*F9 -> 0 | P9: =(L9+N9)*F9 -> 0
B10: Quạt tạo áp: PAF-B1.02 - Hướng trục, nối ống gió. - Lưu lượng: 4300L/s@300Pa | E10: Cái | F10: 1 | M10: =K10*8% -> 0 | N10: =L10*8% -> 0 | O10: =(K10+M10)*F10 -> 0 | P10: =(L10+N10)*F10 -> 0
B11: Quạt tạo áp: PAF-B1.03 - Hướng trục, nối ống gió. - Lưu lượng: 3400L/s@300Pa | E11: Cái | F11: 1 | M11: =K11*8% -> 0 | N11: =L11*8% -> 0 | O11: =(K11+M11)*F11 -> 0 | P11: =(L11+N11)*F11 -> 0
B12: Quạt tạo áp: PAF-B1.04 - Hướng trục, nối ống gió. - Lưu lượng: 3400L/s@300Pa | E12: Cái | F12: 1 | M12: =K12*8% -> 0 | N12: =L12*8% -> 0 | O12: =(K12+M12)*F12 -> 0 | P12: =(L12+N12)*F12 -> 0
B13: Quạt tạo áp: PAF-A1-1F.01 - Hướng trục, nối ống gió. - Lưu lượng: 3200L/s@300Pa | E13: Cái | F13: 1 | M13: =K13*8% -> 0 | N13: =L13*8% -> 0 | O13: =(K13+M13)*F13 -> 0 | P13: =(L13+N13)*F13 -> 0
B14: Quạt tạo áp: PAF-A1-1F.02 - Hướng trục, nối ống gió. - Lưu lượng: 4150L/s@300Pa | E14: Cái | F14: 1 | M14: =K14*8% -> 0 | N14: =L14*8% -> 0 | O14: =(K14+M14)*F14 -> 0 | P14: =(L14+N14)*F14 -> 0
B15: Quạt tạo áp: PAF-A1-1F.03 - Hướng trục, nối ống gió. - Lưu lượng: 1050L/s@300Pa | E15: Cái | F15: 1 | M15: =K15*8% -> 0 | N15: =L15*8% -> 0 | O15: =(K15+M15)*F15 -> 0 | P15: =(L15+N15)*F15 -> 0
B16: Quạt tạo áp: PAF-A2-1F.01 - Hướng trục, nối ống gió. - Lưu lượng: 4300L/s@300Pa | E16: Cái | F16: 1 | M16: =K16*8% -> 0 | N16: =L16*8% -> 0 | O16: =(K16+M16)*F16 -> 0 | P16: =(L16+N16)*F16 -> 0
B17: Quạt tạo áp: PAF-A2-1F.02 - Hướng trục, nối ống gió. - Lưu lượng: 5100L/s@300Pa | E17: Cái | F17: 1
B18: Quạt tạo áp: PAF-A2-1F.03 - Hướng trục, nối ống gió. - Lưu lượng: 3400L/s@300Pa | E18: Cái | F18: 1 | M18: =K18*8% -> 0 | N18: =L18*8% -> 0 | O18: =(K18+M18)*F18 -> 0 | P18: =(L18+N18)*F18 -> 0
B19: Quạt tạo áp: PAF-A2-1F.04 - Hướng trục, nối ống gió. - Lưu lượng: 1050L/s@300Pa | E19: Cái | F19: 1 | M19: =K19*8% -> 0 | N19: =L19*8% -> 0 | O19: =(K19+M19)*F19 -> 0 | P19: =(L19+N19)*F19 -> 0
B20: Lò xo chống rung cho quạt | E20: Cái | F20: 48 | M20: =K20*8% -> 0 | N20: =L20*8% -> 0 | O20: =(K20+M20)*F20 -> 0 | P20: =(L20+N20)*F20 -> 0
B21: Vật tư phụ lắp đặt thiết bị (simili chống cháy, U...) | E21: Lô | F21: 1 | M21: =K21*8% -> 0 | N21: =L21*8% -> 0 | O21: =(K21+M21)*F21 -> 0 | P21: =(L21+N21)*F21 -> 0
B22: II. Vật tư đường ống | M22: =K22*8% -> 0 | N22: =L22*8% -> 0 | O22: =(K22+M22)*F22 -> 0 | P22: =(L22+N22)*F22 -> 0
B23: Bộ cảm biến khói, loại gắn trên ống gió | E23: cái | F23: 7 | M23: =K23*8% -> 0 | N23: =L23*8% -> 0 | O23: =(K23+M23)*F23 -> 0 | P23: =(L23+N23)*F23 -> 0
B24: Van một chiều NRD 500x500 | E24: cái | F24: 2 | M24: =K24*8% -> 0 | N24: =L24*8% -> 0 | O24: =(K24+M24)*F24 -> 0 | P24: =(L24+N24)*F24 -> 0
B25: Van một chiều NRD 600x500 | E25: cái | F25: 1
B26: Van một chiều NRD 900x300 | E26: cái | F26: 1 | M26: =K26*10% -> 0 | N26: =L26*8% -> 0 | O26: =(K26+M26)*F26 -> 0 | P26: =(L26+N26)*F26 -> 0
B27: Van xả áp PRD 1100x400 | E27: cái | F27: 8 | M27: =K27*10% -> 0 | N27: =L27*8% -> 0 | O27: =(K27+M27)*F27 -> 0 | P27: =(L27+N27)*F27 -> 0
B28: Van chặn lửa MFD, EI60 | M28: =K28*10% -> 0 | N28: =L28*8% -> 0 | O28: =(K28+M28)*F28 -> 0 | P28: =(L28+N28)*F28 -> 0
B29: Van chặn lửa MFD, EI60 MFD 400x250 | E29: cửa | F29: 3 | M29: =K29*10% -> 0 | N29: =L29*8% -> 0 | O29: =(K29+M29)*F29 -> 0 | P29: =(L29+N29)*F29 -> 0
B30: Van chặn lửa MFD, EI60 MFD 500x500 | E30: cái | F30: 5 | M30: =K30*10% -> 0 | N30: =L30*8% -> 0 | O30: =(K30+M30)*F30 -> 0 | P30: =(L30+N30)*F30 -> 0
B31: Van chặn lửa MFD, EI60 MFD 600x500 | E31: cái | F31: 2 | M31: =K31*10% -> 0 | N31: =L31*8% -> 0 | O31: =(K31+M31)*F31 -> 0 | P31: =(L31+N31)*F31 -> 0
B32: Van chặn lửa MFD, EI60 MFD 900x300 | E32: cái | F32: 3 | M32: =K32*10% -> 0 | N32: =L32*8% -> 0 | O32: =(K32+M32)*F32 -> 0 | P32: =(L32+N32)*F32 -> 0
B33: Louver lấy gió tươi | M33: =K33*10% -> 0 | N33: =L33*8% -> 0 | O33: =(K33+M33)*F33 -> 0 | P33: =(L33+N33)*F33 -> 0
B34: Louver lấy gió tươi FAL + LCCT 1900x500 | E34: cái | F34: 4 | M34: =K34*10% -> 0 | N34: =L34*8% -> 0 | O34: =(K34+M34)*F34 -> 0 | P34: =(L34+N34)*F34 -> 0
B35: Miệng gió | M35: =K35*10% -> 0 | N35: =L35*8% -> 0 | O35: =(K35+M35)*F35 -> 0 | P35: =(L35+N35)*F35 -> 0
B36: Miệng gió xả áp PAG 1150x550 | E36: Cái | F36: 27 | M36: =K36*10% -> 0 | N36: =L36*8% -> 0 | O36: =(K36+M36)*F36 -> 0 | P36: =(L36+N36)*F36 -> 0
B37: Miệng gió tạo áp PAG 600x300 + OBD Kèm box gió | E37: cái | F37: 6 | M37: =K37*10% -> 0 | N37: =L37*8% -> 0 | O37: =(K37+M37)*F37 -> 0 | P37: =(L37+N37)*F37 -> 0
B38: Miệng gió tạo áp PAG 800x350 + OBD Kèm box gió | E38: cái | F38: 2 | M38: =K38*10% -> 0 | N38: =L38*8% -> 0 | O38: =(K38+M38)*F38 -> 0 | P38: =(L38+N38)*F38 -> 0
B39: Miệng gió tạo áp SAG 250x250 + OBD Kèm box gió | E39: cái | F39: 6 | M39: =K39*10% -> 0 | N39: =L39*8% -> 0 | O39: =(K39+M39)*F39 -> 0 | P39: =(L39+N39)*F39 -> 0
B40: Miệng gió tạo áp SAG 1000x500 + OBD Kèm box gió | E40: cái | F40: 18 | M40: =K40*8% -> 0 | N40: =L40*8% -> 0 | O40: =(K40+M40)*F40 -> 0 | P40: =(L40+N40)*F40 -> 0
B41: Miệng gió tạo áp SAG 1150x550 + OBD Kèm box gió | E41: cái | F41: 11
B42: Hộp chống cháy EI45 cho quạt | M42: =K42*8% -> 0 | N42: =L42*8% -> 0 | O42: =(K42+M42)*F42 -> 0 | P42: =(L42+N42)*F42 -> 0
B43: Hộp chống cháy EI45 cho quạt DxRxC=1200x1200x1000 | E43: cái | F43: 7 | M43: =K43*8% -> 0 | N43: =L43*8% -> 0 | O43: =(K43+M43)*F43 -> 0 | P43: =(L43+N43)*F43 -> 0
B44: Ống gió chống cháy EI60 | M44: =K44*8% -> 0 | N44: =L44*8% -> 0 | O44: =(K44+M44)*F44 -> 0 | P44: =(L44+N44)*F44 -> 0
B45: Ống gió chống cháy EI60 400x250, tole dày 0.75mm | E45: m | F45: 67 | M45: =K45*8% -> 0 | N45: =L45*8% -> 0 | O45: =(K45+M45)*F45 -> 0 | P45: =(L45+N45)*F45 -> 0
B46: Ống gió chống cháy EI60 500x500, tole dày 0.75mm | E46: m | F46: 33 | M46: =K46*8% -> 0 | N46: =L46*8% -> 0 | O46: =(K46+M46)*F46 -> 0 | P46: =(L46+N46)*F46 -> 0
B47: Ống gió chống cháy EI60 600x300, tole dày 0.75mm | E47: m | F47: 63 | M47: =K47*8% -> 0 | N47: =L47*8% -> 0 | O47: =(K47+M47)*F47 -> 0 | P47: =(L47+N47)*F47 -> 0
B48: Ống gió chống cháy EI60 600x500, tole dày 0.75mm | E48: m | F48: 56 | M48: =K48*8% -> 0 | N48: =L48*8% -> 0 | O48: =(K48+M48)*F48 -> 0 | P48: =(L48+N48)*F48 -> 0
B49: Ống gió chống cháy EI60 900x300, tole dày 0.75mm | E49: m | F49: 39 | M49: =K49*8% -> 0 | N49: =L49*8% -> 0 | O49: =(K49+M49)*F49 -> 0 | P49: =(L49+N49)*F49 -> 0
B50: Ống gió chống cháy EI30 | M50: =K50*8% -> 0 | N50: =L50*8% -> 0 | O50: =(K50+M50)*F50 -> 0 | P50: =(L50+N50)*F50 -> 0
B51: Ống gió chống cháy EI30 400x400, tole dày 0.75mm | E51: m | F51: 28.141819
B52: Ống gió chống cháy EI30 500x500, tole dày 0.75mm | E52: m | F52: 23.673339 | N52: =L52*8% -> 0 | O52: =(G52+M52)*F52 -> 0 | P52: =(L52+N52)*F52 -> 0
B53: Ống gió chống cháy EI30 600x500, tole dày 0.75mm | E53: m | F53: 17.933741 | N53: =L53*8% -> 0 | O53: =(G53+M53)*F53 -> 0 | P53: =(L53+N53)*F53 -> 0
B54: Ống gió chống cháy EI30 900x300, tole dày 0.75mm | E54: m | F54: 21.784853 | N54: =L54*8% -> 0 | O54: =(G54+M54)*F54 -> 0 | P54: =(L54+N54)*F54 -> 0
B55: Phụ kiện lắp đặt ống gió (giảm, gót dày, chuyển vuông tròn...) | E55: Lô | F55: 1 | N55: =L55*8% -> 0 | O55: =(G55+M55)*F55 -> 0 | P55: =(L55+N55)*F55 -> 0
B56: Vật tư phụ | E56: Lô | F56: 1 | N56: =L56*8% -> 0 | O56: =(G56+M56)*F56 -> 0 | P56: =(L56+N56)*F56 -> 0
B57: Cáp điện điều khiển thiết bị | N57: =L57*8% -> 0 | O57: =(G57+M57)*F57 -> 0 | P57: =(L57+N57)*F57 -> 0
B58: 2Cx1.5mm2 Cu/pvc/Fr (dây chống cháy) | E58: m | F58: 2338.6 | N58: =L58*8% -> 0 | O58: =(G58+M58)*F58 -> 0 | P58: =(L58+N58)*F58 -> 0
B59: Ống PVC DN 25 | E59: m | F59: 1169.3 | N59: =L59*8% -> 0 | O59: =(G59+M59)*F59 -> 0 | P59: =(L59+N59)*F59 -> 0
B60: Vật tư phụ | E60: lô | F60: 1 | N60: =L60*8% -> 0 | O60: =(G60+M60)*F60 -> 0 | P60: =(L60+N60)*F60 -> 0
B61: B. HỆ THỐNG THÔNG GIÓ TẦNG HẦM | N61: =L61*8% -> 0 | O61: =(G61+M61)*F61 -> 0 | P61: =(L61+N61)*F61 -> 0
B62: I. Thiết bị | N62: =L62*8% -> 0 | O62: =(G62+M62)*F62 -> 0 | P62: =(L62+N62)*F62 -> 0
B63: Quạt hút khói hầm (loại 2 tốc độ), động cơ cấp "H" chịu nhiệt độ tối đa 300°C trong 2h | N63: =L63*8% -> 0 | O63: =(G63+M63)*F63 -> 0 | P63: =(L63+N63)*F63 -> 0
B64: Quạt hút khói: SEF-B3-Z1.01~02 - Hướng trục, nối ống gió, loại 2 tốc độ. - Lưu lượng: 6100/9150L/s@350/788Pa | E64: cái | F64: 2 | N64: =L64*8% -> 0 | O64: =(G64+M64)*F64 -> 0 | P64: =(L64+N64)*F64 -> 0
B65: Quạt hút khói: SEF-B3-Z2.01~02 - Hướng trục, nối ống gió, loại 2 tốc độ. - Lưu lượng: 4500/6700L/s@350/795Pa | E65: Cái | F65: 2 | N65: =L65*8% -> 0 | O65: =(G65+M65)*F65 -> 0 | P65: =(L65+N65)*F65 -> 0
B66: Quạt hút khói: SEF-B3-Z3.01~02 - Hướng trục, nối ống gió, loại 2 tốc độ. - Lưu lượng: 3850/5800L/s@320/795Pa | E66: Cái | F66: 2 | N66: =L66*8% -> 0 | O66: =(G66+M66)*F66 -> 0 | P66: =(L66+N66)*F66 -> 0
B67: Quạt hút khói: SEF-B3-Z4.01~02 - Hướng trục, nối ống gió, loại 2 tốc độ. - Lưu lượng: 4600/6900L/s@350/789Pa | E67: Cái | F67: 2 | N67: =L67*8% -> 0 | O67: =(G67+M67)*F67 -> 0 | P67: =(L67+N67)*F67 -> 0
B68: Quạt hút khói: SEF-B3-Z5.01~02 - Hướng trục, nối ống gió, loại 2 tốc độ. - Lưu lượng: 6300/9400L/s@350/789Pa | E68: Cái | F68: 2 | N68: =L68*8% -> 0 | O68: =(G68+M68)*F68 -> 0 | P68: =(L68+N68)*F68 -> 0
B69: Quạt hút khói: SEF-B2-Z1.01~02 - Hướng trục, nối ống gió, loại 2 tốc độ. - Lưu lượng: 4900/7300L/s@350/788Pa | E69: Cái | F69: 2 | N69: =L69*8% -> 0 | O69: =(G69+M69)*F69 -> 0 | P69: =(L69+N69)*F69 -> 0
B70: Quạt hút khói: SEF-B2-Z2.01~02 - Hướng trục, nối ống gió, loại 2 tốc độ. - Lưu lượng: 5500/8300L/s@350/795Pa | E70: Cái | F70: 2 | N70: =L70*8% -> 0 | O70: =(G70+M70)*F70 -> 0 | P70: =(L70+N70)*F70 -> 0
B71: Quạt hút khói: SEF-B2-Z3.01~02 - Hướng trục, nối ống gió, loại 2 tốc độ. - Lưu lượng: 7100/10600L/s@350/795Pa | E71: Cái | F71: 2 | N71: =L71*8% -> 0 | O71: =(G71+M71)*F71 -> 0 | P71: =(L71+N71)*F71 -> 0
B72: Quạt hút khói: SEF-B2-Z4.01~02 - Hướng trục, nối ống gió, loại 2 tốc độ. - Lưu lượng: 8000/12000L/s@350/789Pa | E72: Cái | F72: 2 | N72: =L72*8% -> 0 | O72: =(G72+M72)*F72 -> 0 | P72: =(L72+N72)*F72 -> 0
B73: Quạt hút khói: SEF-B2-Z5.01~02 - Hướng trục, nối ống gió, loại 2 tốc độ. - Lưu lượng: 7600/11300L/s@350/777Pa | E73: Cái | F73: 2 | N73: =L73*8% -> 0 | O73: =(G73+M73)*F73 -> 0 | P73: =(L73+N73)*F73 -> 0
B74: Quạt hút khói: SEF-B1-Z1.01~02 - Hướng trục, nối ống gió, loại 2 tốc độ. - Lưu lượng: 5400/8100L/s@350/788Pa | E74: Cái | F74: 2 | N74: =L74*8% -> 0 | O74: =(G74+M74)*F74 -> 0 | P74: =(L74+N74)*F74 -> 0
B75: Quạt hút khói: SEF-B1-Z2.01~02 - Hướng trục, nối ống gió, loại 2 tốc độ. - Lưu lượng: 5000/7500L/s@350/788Pa | E75: Cái | F75: 2 | N75: =L75*8% -> 0 | O75: =(G75+M75)*F75 -> 0 | P75: =(L75+N75)*F75 -> 0
... B78: Quạt hút khói: SEF-B1-Z5.01~02 - Hướng trục, nối ống gió, loại 2 tốc độ. - Lưu lượng: 6000/9000L/s@350/788Pa | E78: Cái | F78: 2 | N78: =L78*8% -> 0 | O78: =(G78+M78)*F78 -> 0 | P78: =(L78+N78)*F78 -> 0
B79: Quạt bù khí & cấp gió tươi hầm, động cơ cấp "H" chịu nhiệt độ tối đa 300°C trong 2h | N79: =L79*8% -> 0 | O79: =(G79+M79)*F79 -> 0 | P79: =(L79+N79)*F79 -> 0
B80: Quạt cấp gió: SFAF-B3-Z1.01~2 - Hướng trục, nối ống gió - Lưu lượng: 3900L/s@350Pa | E80: Cái | F80: 2 | N80: =L80*8% -> 0 | O80: =(G80+M80)*F80 -> 0 | P80: =(L80+N80)*F80 -> 0
B81: Quạt cấp gió: SFAF-B3-Z2.01~2 - Hướng trục, nối ống gió - Lưu lượng: 4300L/s@350Pa | E81: Cái | F81: 2 | N81: =L81*8% -> 0 | O81: =(G81+M81)*F81 -> 0 | P81: =(L81+N81)*F81 -> 0
B82: Quạt cấp gió: SFAF-B3-Z3.01~2 - Hướng trục, nối ống gió - Lưu lượng: 2500L/s@350Pa | E82: Cái | F82: 2 | N82: =L82*8% -> 0 | O82: =(G82+M82)*F82 -> 0 | P82: =(L82+N82)*F82 -> 0
B83: Quạt cấp gió: SFAF-B3-Z4.01~2 - Hướng trục, nối ống gió - Lưu lượng: 4400L/s@350Pa | E83: Cái | F83: 2 | N83: =L83*8% -> 0 | O83: =(G83+M83)*F83 -> 0 | P83: =(L83+N83)*F83 -> 0
B84: Quạt cấp gió: SFAF-B3-Z5.01~2 - Hướng trục, nối ống gió - Lưu lượng: 4000L/s@350Pa | E84: Cái | F84: 2 | N84: =L84*8% -> 0 | O84: =(G84+M84)*F84 -> 0 | P84: =(L84+N84)*F84 -> 0
B85: Quạt cấp gió: SFAF-B2-Z1.01~2 - Hướng trục, nối ống gió - Lưu lượng: 4700L/s@350Pa | E85: Cái | F85: 2 | N85: =L85*8% -> 0 | O85: =(G85+M85)*F85 -> 0 | P85: =(L85+N85)*F85 -> 0
B86: Quạt cấp gió: SFAF-B2-Z2.01~2 - Hướng trục, nối ống gió - Lưu lượng: 6300L/s@350Pa | E86: Cái | F86: 2 | N86: =L86*8% -> 0 | O86: =(G86+M86)*F86 -> 0 | P86: =(L86+N86)*F86 -> 0
B87: Quạt cấp gió: SFAF-B2-Z3.01~2 - Hướng trục, nối ống gió - Lưu lượng: 4500L/s@350Pa | E87: Cái | F87: 2 | N87: =L87*8% -> 0 | O87: =(G87+M87)*F87 -> 0 | P87: =(L87+N87)*F87 -> 0
B88: Quạt cấp gió: SFAF-B2-Z4.01~2 - Hướng trục, nối ống gió - Lưu lượng: 5100L/s@350Pa | E88: Cái | F88: 2 | N88: =L88*8% -> 0 | O88: =(G88+M88)*F88 -> 0 | P88: =(L88+N88)*F88 -> 0
B89: Quạt cấp gió: SFAF-B2-Z5.01~2 - Hướng trục, nối ống gió - Lưu lượng: 4800L/s@350Pa | E89: Cái | F89: 2 | N89: =L89*8% -> 0 | O89: =(G89+M89)*F89 -> 0 | P89: =(L89+N89)*F89 -> 0
B90: Quạt cấp gió: SFAF-B1-Z1.01~2 - Hướng trục, nối ống gió - Lưu lượng: 5200L/s@350Pa | E90: Cái | F90: 2 | N90: =L90*8% -> 0 | O90: =(G90+M90)*F90 -> 0 | P90: =(L90+N90)*F90 -> 0
B91: Quạt cấp gió: SFAF-B1-Z2.01~2 - Hướng trục, nối ống gió - Lưu lượng: 4800L/s@350Pa | E91: Cái | F91: 2 | N91: =L91*8% -> 0 | O91: =(G91+M91)*F91 -> 0 | P91: =(L91+N91)*F91 -> 0
... B93: Quạt cấp gió: SFAF-B1-Z4.01~2 - Hướng trục, nối ống gió - Lưu lượng: 4200L/s@350Pa | E93: Cái | F93: 2 | N93: =L93*8% -> 0 | O93: =(G93+M93)*F93 -> 0 | P93: =(L93+N93)*F93 -> 0
B94: Quạt cấp gió: SFAF-B1-Z5.01~2 - Hướng trục, nối ống gió - Lưu lượng: 5800L/s@350Pa | E94: Cái | F94: 2
B95: Quạt cấp gió tươi hầm | N95: =L95*8% -> 0 | O95: =(G95+M95)*F95 -> 0 | P95: =(L95+N95)*F95 -> 0
B96: Quạt cấp gió: SFAF-B3-Z1.03 - Hướng trục, nối ống gió - Lưu lượng: 3900L/s@350Pa | E96: Cái | F96: 1 | N96: =L96*8% -> 0 | O96: =(G96+M96)*F96 -> 0 | P96: =(L96+N96)*F96 -> 0
B97: Quạt cấp gió: SFAF-B3-Z2.03 - Hướng trục, nối ống gió - Lưu lượng: 4300L/s@350Pa | E97: Cái | F97: 1 | N97: =L97*8% -> 0 | O97: =(G97+M97)*F97 -> 0 | P97: =(L97+N97)*F97 -> 0
B98: Quạt cấp gió: SFAF-B3-Z3.03 - Hướng trục, nối ống gió - Lưu lượng: 2500L/s@350Pa | E98: Cái | F98: 1 | N98: =L98*8% -> 0 | O98: =(G98+M98)*F98 -> 0 | P98: =(L98+N98)*F98 -> 0
B99: Quạt cấp gió: SFAF-B3-Z4.03 - Hướng trục, nối ống gió - Lưu lượng: 4400L/s@350Pa | E99: Cái | F99: 1 | N99: =L99*8% -> 0 | O99: =(G99+M99)*F99 -> 0 | P99: =(L99+N99)*F99 -> 0
B100: Quạt cấp gió: SFAF-B3-Z5.03 - Hướng trục, nối ống gió - Lưu lượng: 4000L/s@350Pa | E100: Cái | F100: 1 | N100: =L100*8% -> 0 | O100: =(G100+M100)*F100 -> 0 | P100: =(L100+N100)*F100 -> 0
B101: Quạt cấp gió: SFAF-B2-Z1.03 - Hướng trục, nối ống gió - Lưu lượng: 4700L/s@350Pa | E101: Cái | F101: 1 | N101: =L101*8% -> 0 | O101: =(G101+M101)*F101 -> 0 | P101: =(L101+N101)*F101 -> 0
B102: Quạt cấp gió: SFAF-B2-Z2.03 - Hướng trục, nối ống gió - Lưu lượng: 6300L/s@350Pa | E102: Cái | F102: 1 | N102: =L102*8% -> 0 | O102: =(G102+M102)*F102 -> 0 | P102: =(L102+N102)*F102 -> 0
B103: Quạt cấp gió: SFAF-B2-Z3.03 - Hướng trục, nối ống gió - Lưu lượng: 4500L/s@350Pa | E103: Cái | F103: 1 | N103: =L103*8% -> 0 | O103: =(G103+M103)*F103 -> 0 | P103: =(L103+N103)*F103 -> 0
B104: Quạt cấp gió: SFAF-B2-Z4.03 - Hướng trục, nối ống gió - Lưu lượng: 5100L/s@350Pa | E104: Cái | F104: 1 | N104: =L104*8% -> 0 | O104: =(G104+M104)*F104 -> 0 | P104: =(L104+N104)*F104 -> 0
...

Sheet Tang áp HK A3
A2: TT | B2: NỘI DUNG CÔNG VIỆC | D2: Nhãn hiệu/Xuất xứ | E2: Đơn vị tính | F2: Khối lượng | G2: Đầu vào | K2: Đơn giá | M2: Thuế Vat (theo quy định) | O2: Thành tiền | Q2: Ghi Chú
B3: BOQ | C3: NHÀ THẦU | G3: Đơn giá | H3: Lợi nhuận | I3: Hao hụt | J3: Vật liệu phụ | K3: Vật tư | L3: Nhân công | O3: Vật tư | P3: Nhân công
B4: Hạng mục: HỆ THỐNG ĐIỀU ÁP VÀ HÚT KHÓI - KHỐI A3
B5: A. TẦNG HẦM (TẦNG B1, B2, B3)
B6: I. HỆ THỐNG TẠO ÁP
B7: a. Thiết bị
B8: Quạt tạo áp_Loại hướng trục SPAF-B3-BF-04 16.920m3/h@300Pa | E8: cái | F8: 1 | M8: =K8*8% -> 0 | N8: =L8*8% -> 0 | O8: =(K8+M8)*F8 -> 0 | P8: =(L8+N8)*F8 -> 0
B9: Quạt tạo áp_Loại hướng trục SPAF-B3-BF-02 6.000m3/h@200Pa | E9: cái | F9: 1 | M9: =K9*8% -> 0 | N9: =L9*8% -> 0 | O9: =(K9+M9)*F9 -> 0 | P9: =(L9+N9)*F9 -> 0
B10: Quạt tạo áp_Loại hướng trục SPAF-B1-BF-01 14.040m3/h@300Pa | E10: cái | F10: 1 | M10: =K10*8% -> 0 | N10: =L10*8% -> 0 | O10: =(K10+M10)*F10 -> 0 | P10: =(L10+N10)*F10 -> 0
B11: Quạt tạo áp_Loại hướng trục SPAF-B2-BF-04 18.000m3/h@300Pa | E11: cái | F11: 1 | M11: =K11*8% -> 0 | N11: =L11*8% -> 0 | O11: =(K11+M11)*F11 -> 0 | P11: =(L11+N11)*F11 -> 0
B12: Quạt tạo áp_Loại hướng trục SPAF-B2-BF-02 6.000m3/h@200Pa | E12: cái | F12: 1 | M12: =K12*8% -> 0 | N12: =L12*8% -> 0 | O12: =(K12+M12)*F12 -> 0 | P12: =(L12+N12)*F12 -> 0
B13: Quạt tạo áp_Loại hướng trục SPAF-B1-BF-01 14.040m3/h@300Pa | E13: cái | F13: 1 | M13: =K13*8% -> 0 | N13: =L13*8% -> 0 | O13: =(K13+M13)*F13 -> 0 | P13: =(L13+N13)*F13 -> 0
B14: Quạt tạo áp_Loại hướng trục SPAF-B1-BF-02 17.640m3/h@300Pa | E14: cái | F14: 1 | M14: =K14*8% -> 0 | N14: =L14*8% -> 0 | O14: =(K14+M14)*F14 -> 0 | P14: =(L14+N14)*F14 -> 0
B15: Quạt tạo áp_Loại hướng trục SPAF-B1-BF-03 16.200m3/h@300Pa | E15: cái | F15: 1 | M15: =K15*8% -> 0 | N15: =L15*8% -> 0 | O15: =(K15+M15)*F15 -> 0 | P15: =(L15+N15)*F15 -> 0
B16: Quạt tạo áp_Loại hướng trục SPAF-B1-BF-04 16.920m3/h@300Pa | E16: cái | F16: 1 | M16: =K16*8% -> 0 | N16: =L16*8% -> 0 | O16: =(K16+M16)*F16 -> 0 | P16: =(L16+N16)*F16 -> 0
B17: Nối mềm chống cháy | E17: bộ | F17: 9
B18: Ty treo giá đỡ | E18: trọn gói | F18: 1 | M18: =K18*8% -> 0 | N18: =L18*8% -> 0 | O18: =(K18+M18)*F18 -> 0 | P18: =(L18+N18)*F18 -> 0
M19: =K19*8% -> 0 | N19: =L19*8% -> 0 | O19: =(K19+M19)*F19 -> 0 | P19: =(L19+N19)*F19 -> 0
B20: b. Ống gió | M20: =K20*8% -> 0 | N20: =L20*8% -> 0 | O20: =(K20+M20)*F20 -> 0 | P20: =(L20+N20)*F20 -> 0
B21: Ống gió chống cháy EI120 | M21: =K21*8% -> 0 | N21: =L21*8% -> 0 | O21: =(K21+M21)*F21 -> 0 | P21: =(L21+N21)*F21 -> 0
B22: Ống gió thẳng | M22: =K22*8% -> 0 | N22: =L22*8% -> 0 | O22: =(K22+M22)*F22 -> 0 | P22: =(L22+N22)*F22 -> 0
B23: Ống gió chống cháy EI120 800x450 | E23: m | F23: 150 | M23: =K23*8% -> 0 | N23: =L23*8% -> 0 | O23: =(K23+M23)*F23 -> 0 | P23: =(L23+N23)*F23 -> 0
B24: Ống gió chống cháy EI120 800x400 | E24: m | F24: 282 | M24: =K24*8% -> 0 | N24: =L24*8% -> 0 | O24: =(K24+M24)*F24 -> 0 | P24: =(L24+N24)*F24 -> 0
B25: Ống gió chống cháy EI120 600x300 | E25: m | F25: 63
B26: Ống gió chống cháy EI120 1000x500 | E26: m | F26: 11 | M26: =K26*10% -> 0 | N26: =L26*8% -> 0 | O26: =(K26+M26)*F26 -> 0 | P26: =(L26+N26)*F26 -> 0
B27: Ống gió chống cháy EI120 800x350 | E27: m | F27: 41 | M27: =K27*10% -> 0 | N27: =L27*8% -> 0 | O27: =(K27+M27)*F27 -> 0 | P27: =(L27+N27)*F27 -> 0
B28: Ống gió chống cháy EI120 550x550 | E28: m | F28: 98 | M28: =K28*10% -> 0 | N28: =L28*8% -> 0 | O28: =(K28+M28)*F28 -> 0 | P28: =(L28+N28)*F28 -> 0
B29: Ống gió chống cháy EI120 800x400 | E29: m | F29: 13 | M29: =K29*10% -> 0 | N29: =L29*8% -> 0 | O29: =(K29+M29)*F29 -> 0 | P29: =(L29+N29)*F29 -> 0
B30: Chân rẽ | M30: =K30*10% -> 0 | N30: =L30*8% -> 0 | O30: =(K30+M30)*F30 -> 0 | P30: =(L30+N30)*F30 -> 0
B31: Chân rẽ 800x450-200H | E31: cái | F31: 1 | M31: =K31*10% -> 0 | N31: =L31*8% -> 0 | O31: =(K31+M31)*F31 -> 0 | P31: =(L31+N31)*F31 -> 0
B32: Co ngang ống gió | M32: =K32*10% -> 0 | N32: =L32*8% -> 0 | O32: =(K32+M32)*F32 -> 0 | P32: =(L32+N32)*F32 -> 0
B33: Co ngang ống gió 800x400-600R-45° | E33: cái | F33: 4 | M33: =K33*10% -> 0 | N33: =L33*8% -> 0 | O33: =(K33+M33)*F33 -> 0 | P33: =(L33+N33)*F33 -> 0
B34: Co ngang ống gió 800x450-600R-45° | E34: cái | F34: 1 | M34: =K34*10% -> 0 | N34: =L34*8% -> 0 | O34: =(K34+M34)*F34 -> 0 | P34: =(L34+N34)*F34 -> 0
B35: Co ngang ống gió 600x300-600R-45° | E35: cái | F35: 2 | M35: =K35*10% -> 0 | N35: =L35*8% -> 0 | O35: =(K35+M35)*F35 -> 0 | P35: =(L35+N35)*F35 -> 0
B36: Co ngang ống gió 800x400-400R-90° | E36: cái | F36: 10 | M36: =K36*10% -> 0 | N36: =L36*8% -> 0 | O36: =(K36+M36)*F36 -> 0 | P36: =(L36+N36)*F36 -> 0
B37: Co ngang ống gió 600x300-400R-90° | E37: cái | F37: 4 | M37: =K37*10% -> 0 | N37: =L37*8% -> 0 | O37: =(K37+M37)*F37 -> 0 | P37: =(L37+N37)*F37 -> 0
B38: Co ngang ống gió 800x450-400R-90° | E38: cái | F38: 4 | M38: =K38*10% -> 0 | N38: =L38*8% -> 0 | O38: =(K38+M38)*F38 -> 0 | P38: =(L38+N38)*F38 -> 0
B39: Co ngang ống gió 800x350-400R-90° | E39: cái | F39: 4 | M39: =K39*10% -> 0 | N39: =L39*8% -> 0 | O39: =(K39+M39)*F39 -> 0 | P39: =(L39+N39)*F39 -> 0
B40: Ty treo giá đỡ | E40: trọn gói | F40: 1 | M40: =K40*8% -> 0 | N40: =L40*8% -> 0 | O40: =(K40+M40)*F40 -> 0 | P40: =(L40+N40)*F40 -> 0
B42: Miệng gió Air grill | M42: =K42*8% -> 0 | N42: =L42*8% -> 0 | O42: =(K42+M42)*F42 -> 0 | P42: =(L42+N42)*F42 -> 0
B43: Miệng gió OAG + OBD 500x800 | E43: cái | F43: 6 | M43: =K43*8% -> 0 | N43: =L43*8% -> 0 | O43: =(K43+M43)*F43 -> 0 | P43: =(L43+N43)*F43 -> 0
B44: Miệng gió OAG + OBD 500x1000 | E44: cái | F44: 20 | M44: =K44*8% -> 0 | N44: =L44*8% -> 0 | O44: =(K44+M44)*F44 -> 0 | P44: =(L44+N44)*F44 -> 0
B45: Miệng gió MFD 800x400 - GHCL EI60 | E45: cái | F45: 4 | M45: =K45*8% -> 0 | N45: =L45*8% -> 0 | O45: =(K45+M45)*F45 -> 0 | P45: =(L45+N45)*F45 -> 0
B46: Miệng gió MFD 800x450 - GHCL EI60 | E46: cái | F46: 1 | M46: =K46*8% -> 0 | N46: =L46*8% -> 0 | O46: =(K46+M46)*F46 -> 0 | P46: =(L46+N46)*F46 -> 0
B47: Miệng gió MFD 800x350 - GHCL EI60 | E47: cái | F47: 2 | M47: =K47*8% -> 0 | N47: =L47*8% -> 0 | O47: =(K47+M47)*F47 -> 0 | P47: =(L47+N47)*F47 -> 0
B48: Miệng gió MFD 600x300 - GHCL EI60 | E48: cái | F48: 2 | M48: =K48*8% -> 0 | N48: =L48*8% -> 0 | O48: =(K48+M48)*F48 -> 0 | P48: =(L48+N48)*F48 -> 0
B49: Miệng gió PRD 200x200 | E49: cái | F49: 17 | M49: =K49*8% -> 0 | N49: =L49*8% -> 0 | O49: =(K49+M49)*F49 -> 0 | P49: =(L49+N49)*F49 -> 0
B50: Miệng gió NRD 800x400 | E50: cái | F50: 4 | M50: =K50*8% -> 0 | N50: =L50*8% -> 0 | O50: =(K50+M50)*F50 -> 0 | P50: =(L50+N50)*F50 -> 0
B51: Miệng gió NRD 800x450 | E51: cái | F51: 1
B52: Miệng gió NRD 800x350 | E52: cái | F52: 2 | N52: =L52*8% -> 0 | O52: =(G52+M52)*F52 -> 0 | P52: =(L52+N52)*F52 -> 0
B53: Miệng gió NRD 600x300 | E53: cái | F53: 2 | N53: =L53*8% -> 0 | O53: =(G53+M53)*F53 -> 0 | P53: =(L53+N53)*F53 -> 0
B54: Cảm biến khói gắn ống gió | E54: cái | F54: 3 | N54: =L54*8% -> 0 | O54: =(G54+M54)*F54 -> 0 | P54: =(L54+N54)*F54 -> 0
B55: Ty treo giá đỡ | E55: trọn gói | F55: 1 | N55: =L55*8% -> 0 | O55: =(G55+M55)*F55 -> 0 | P55: =(L55+N55)*F55 -> 0
N56: =L56*8% -> 0 | O56: =(G56+M56)*F56 -> 0 | P56: =(L56+N56)*F56 -> 0
B57: II. HỆ THỐNG BÙ GIÓ | N57: =L57*8% -> 0 | O57: =(G57+M57)*F57 -> 0 | P57: =(L57+N57)*F57 -> 0
B58: Thiết bị | N58: =L58*8% -> 0 | O58: =(G58+M58)*F58 -> 0 | P58: =(L58+N58)*F58 -> 0
B59: Quạt bù gió_Loại hướng trục MAF-B3-Z1.01 21.000 m3/h@300Pa Motor chống cháy 300°C/2h | E59: cái | F59: 1 | N59: =L59*8% -> 0 | O59: =(G59+M59)*F59 -> 0 | P59: =(L59+N59)*F59 -> 0
B60: Quạt bù gió_Loại hướng trục MAF-B3-Z1.02 26.800 m3/h@500Pa Motor chống cháy 300°C/2h | E60: cái | F60: 1 | N60: =L60*8% -> 0 | O60: =(G60+M60)*F60 -> 0 | P60: =(L60+N60)*F60 -> 0
B61: Quạt bù gió_Loại hướng trục MAF-B3-Z2.01 21.000 m3/h@300Pa Motor chống cháy 300°C/2h | E61: cái | F61: 1 | N61: =L61*8% -> 0 | O61: =(G61+M61)*F61 -> 0 | P61: =(L61+N61)*F61 -> 0
B62: Quạt bù gió_Loại hướng trục MAF-B3-Z2.02 26.800 m3/h@500Pa Motor chống cháy 300°C/2h | E62: cái | F62: 1 | N62: =L62*8% -> 0 | O62: =(G62+M62)*F62 -> 0 | P62: =(L62+N62)*F62 -> 0
B63: Quạt bù gió_Loại hướng trục MAF-B3-Z3.01 21.000 m3/h@300Pa Motor chống cháy 300°C/2h | E63: cái | F63: 1 | N63: =L63*8% -> 0 | O63: =(G63+M63)*F63 -> 0 | P63: =(L63+N63)*F63 -> 0
B64: Quạt bù gió_Loại hướng trục MAF-B3-Z3.02 26.800 m3/h@500Pa Motor chống cháy 300°C/2h | E64: cái | F64: 1 | N64: =L64*8% -> 0 | O64: =(G64+M64)*F64 -> 0 | P64: =(L64+N64)*F64 -> 0
B65: Quạt bù gió_Loại hướng trục MAF-B2-Z1.01 27.000 m3/h@300Pa Motor chống cháy 300°C/2h | E65: cái | F65: 1 | N65: =L65*8% -> 0 | O65: =(G65+M65)*F65 -> 0 | P65: =(L65+N65)*F65 -> 0
B66: Quạt bù gió_Loại hướng trục MAF-B2-Z1.02 34.425 m3/h@500Pa Motor chống cháy 300°C/2h | E66: cái | F66: 1 | N66: =L66*8% -> 0 | O66: =(G66+M66)*F66 -> 0 | P66: =(L66+N66)*F66 -> 0
B67: Quạt bù gió_Loại hướng trục MAF-B2-Z2.01 27.000 m3/h@300Pa Motor chống cháy 300°C/2h | E67: cái | F67: 1 | N67: =L67*8% -> 0 | O67: =(G67+M67)*F67 -> 0 | P67: =(L67+N67)*F67 -> 0
B68: Quạt bù gió_Loại hướng trục MAF-B2-Z2.02 26.800 m3/h@500Pa Motor chống cháy 300°C/2h | E68: cái | F68: 1 | N68: =L68*8% -> 0 | O68: =(G68+M68)*F68 -> 0 | P68: =(L68+N68)*F68 -> 0
B69: Quạt bù gió_Loại hướng trục MAF-B2-Z3.01 27.000 m3/h@300Pa Motor chống cháy 300°C/2h | E69: cái | F69: 1 | N69: =L69*8% -> 0 | O69: =(G69+M69)*F69 -> 0 | P69: =(L69+N69)*F69 -> 0
B70: Quạt bù gió_Loại hướng trục MAF-B2-Z3.02 34.425 m3/h@500Pa Motor chống cháy 300°C/2h | E70: cái | F70: 1 | N70: =L70*8% -> 0 | O70: =(G70+M70)*F70 -> 0 | P70: =(L70+N70)*F70 -> 0
... B78: Ty treo giá đỡ | E78: trọn gói | F78: 1 | N78: =L78*8% -> 0 | O78: =(G78+M78)*F78 -> 0 | P78: =(L78+N78)*F78 -> 0
N79: =L79*8% -> 0 | O79: =(G79+M79)*F79 -> 0 | P79: =(L79+N79)*F79 -> 0
B80: Ống gió Air duct | N80: =L80*8% -> 0 | O80: =(G80+M80)*F80 -> 0 | P80: =(L80+N80)*F80 -> 0
B81: Ống gió chống cháy EI120 | N81: =L81*8% -> 0 | O81: =(G81+M81)*F81 -> 0 | P81: =(L81+N81)*F81 -> 0
B82: Ống gió thẳng | N82: =L82*8% -> 0 | O82: =(G82+M82)*F82 -> 0 | P82: =(L82+N82)*F82 -> 0
B83: Ống gió chống cháy EI120 1400x400 | E83: m | F83: 180 | N83: =L83*8% -> 0 | O83: =(G83+M83)*F83 -> 0 | P83: =(L83+N83)*F83 -> 0
B84: Ống gió chống cháy EI120 1200x550 | E84: m | F84: 120 | N84: =L84*8% -> 0 | O84: =(G84+M84)*F84 -> 0 | P84: =(L84+N84)*F84 -> 0
B85: Ống gió chống cháy EI120 1200x400 | E85: m | F85: 225 | N85: =L85*8% -> 0 | O85: =(G85+M85)*F85 -> 0 | P85: =(L85+N85)*F85 -> 0
B86: Ống gió chống cháy EI120 1100x350 | E86: m | F86: 555 | N86: =L86*8% -> 0 | O86: =(G86+M86)*F86 -> 0 | P86: =(L86+N86)*F86 -> 0
B87: Ống gió chống cháy EI120 900x300 | E87: m | F87: 534 | N87: =L87*8% -> 0 | O87: =(G87+M87)*F87 -> 0 | P87: =(L87+N87)*F87 -> 0
B88: Ống gió chống cháy EI120 900x350 | E88: m | F88: 30 | N88: =L88*8% -> 0 | O88: =(G88+M88)*F88 -> 0 | P88: =(L88+N88)*F88 -> 0
B89: Ống gió chống cháy EI120 900x300 | E89: m | F89: 209 | N89: =L89*8% -> 0 | O89: =(G89+M89)*F89 -> 0 | P89: =(L89+N89)*F89 -> 0
B90: Côn chuyển | N90: =L90*8% -> 0 | O90: =(G90+M90)*F90 -> 0 | P90: =(L90+N90)*F90 -> 0
B91: Côn chuyển 1200x550/ 1100x350-500L | E91: cái | F91: 4 | N91: =L91*8% -> 0 | O91: =(G91+M91)*F91 -> 0 | P91: =(L91+N91)*F91 -> 0
B92: Côn chuyển 1200x400/ 1100x350-500L | E92: cái | F92: 8 | N92: =L92*8% -> 0 | O92: =(G92+M92)*F92 -> 0 | P92: =(L92+N92)*F92 -> 0
B93: Côn chuyển 1100x350/ 900x300-500L | E93: cái | F93: 17 | N93: =L93*8% -> 0 | O93: =(G93+M93)*F93 -> 0 | P93: =(L93+N93)*F93 -> 0
B94: Côn chuyển 1400x400/ 1200x400-500L | E94: cái | F94: 3
B95: Côn chuyển 1400x400/ 1100x350-500L | E95: cái | F95: 2 | N95: =L95*8% -> 0 | O95: =(G95+M95)*F95 -> 0 | P95: =(L95+N95)*F95 -> 0
B96: Chân rẽ | N96: =L96*8% -> 0 | O96: =(G96+M96)*F96 -> 0 | P96: =(L96+N96)*F96 -> 0
B97: Chân rẽ 1100x350-200H | E97: cái | F97: 11 | N97: =L97*8% -> 0 | O97: =(G97+M97)*F97 -> 0 | P97: =(L97+N97)*F97 -> 0
B98: Chân rẽ 900x300-200H | E98: cái | F98: 44 | N98: =L98*8% -> 0 | O98: =(G98+M98)*F98 -> 0 | P98: =(L98+N98)*F98 -> 0
B99: Chân rẽ 900x350-200H | E99: cái | F99: 1 | N99: =L99*8% -> 0 | O99: =(G99+M99)*F99 -> 0 | P99: =(L99+N99)*F99 -> 0
B100: Co ngang ống gió | N100: =L100*8% -> 0 | O100: =(G100+M100)*F100 -> 0 | P100: =(L100+N100)*F100 -> 0
B101: Co ngang ống gió 1200x550-600R-45° | E101: cái | F101: 4 | N101: =L101*8% -> 0 | O101: =(G101+M101)*F101 -> 0 | P101: =(L101+N101)*F101 -> 0
B102: Co ngang ống gió 1200x400-600R-45° | E102: cái | F102: 2 | N102: =L102*8% -> 0 | O102: =(G102+M102)*F102 -> 0 | P102: =(L102+N102)*F102 -> 0
B103: Co ngang ống gió 1400x400-400R-90° | E103: cái | F103: 9 | N103: =L103*8% -> 0 | O103: =(G103+M103)*F103 -> 0 | P103: =(L103+N103)*F103 -> 0
B104: Co ngang ống gió 1200x400-400R-90° | E104: cái | F104: 5 | N104: =L104*8% -> 0 | O104: =(G104+M104)*F104 -> 0 | P104: =(L104+N104)*F104 -> 0
B105: Co ngang ống gió 1100x350-400R-90° | E105: cái | F105: 5 | N105: =L105*8% -> 0 | O105: =(G105+M105)*F105 -> 0 | P105: =(L105+N105)*F105 -> 0
B106: Co ngang ống gió 900x350-400R-90° | E106: cái | F106: 2 | N106: =L106*8% -> 0 | O106: =(G106+M106)*F106 -> 0 | P106: =(L106+N106)*F106 -> 0
B107: Co ngang ống gió 900x300-400R-90° | E107: cái | F107: 28 | N107: =L107*8% -> 0 | O107: =(G107+M107)*F107 -> 0 | P107: =(L107+N107)*F107 -> 0
B108: Ty treo giá đỡ | E108: trọn gói | F108: 1 | N108: =L108*8% -> 0 | O108: =(G108+M108)*F108 -> 0 | P108: =(L108+N108)*F108 -> 0
N109: =L109*8% -> 0 | O109: =(G109+M109)*F109 -> 0 | P109: =(L109+N109)*F109 -> 0
...

Sheet DHKK A3
A2: TT | B2: NỘI DUNG CÔNG VIỆC | D2: Nhãn hiệu/Xuất xứ | E2: Đơn vị tính | F2: Khối lượng | G2: Đầu vào | K2: Đơn giá | M2: Thuế Vat (theo quy định) | O2: Thành tiền | Q2: Ghi Chú
B3: BOQ | C3: NHÀ THẦU | G3: Đơn giá | H3: Lợi nhuận | I3: Hao hụt | J3: Vật liệu phụ | K3: Vật tư | L3: Nhân công | O3: Vật tư | P3: Nhân công
B4: Hạng mục: HỆ THỐNG ĐIỀU HÒA KHÔNG KHÍ VÀ THÔNG GIÓ - KHỐI A1 + A2
B5: A. PHẦN CÔNG CỘNG
B6: I. Đường ống
B7: 1. Ống nước ngưng
B8: Ống nước ngưng uPVC D.27 | C8: Ống nước ngưng uPVC D.27 Class 1 | D8: Tiền Phong/Việt Nam | E8: m | F8: 452 | G8: 14404 | H8: =G8*5% -> 720.2 | I8: =(G8+H8)*10% -> 1512.42 | J8: =(G8+H8+I8)*17% -> 2828.2254 | K8: =G8+H8+I8+J8 -> 19464.845 | L8: =K8*25% -> 4866.2114 | M8: =K8*8% -> 1557.1876 | N8: =L8*8% -> 389.29691 | O8: =(K8+M8)*F8 -> 9501958.9 | P8: =(L8+N8)*F8 -> 2375489.7
B9: Ống nước ngưng uPVC D.34 | C9: Ống nước ngưng uPVC D.34 Class 1 | D9: Tiền Phong/Việt Nam | E9: m | F9: 225 | G9: 17604 | H9: =G9*5% -> 880.2 | I9: =(G9+H9)*10% -> 1848.42 | J9: =(G9+H9+I9)*17% -> 3456.5454 | K9: =G9+H9+I9+J9 -> 23789.165 | L9: =K9*25% -> 5947.2914 | M9: =K9*8% -> 1903.1332 | N9: =L9*8% -> 475.78331 | O9: =(K9+M9)*F9 -> 5780767.2 | P9: =(L9+N9)*F9 -> 1445191.8
B10: Ống nước ngưng uPVC D.42 | C10: Ống nước ngưng uPVC D.42 Class 1 | D10: Tiền Phong/Việt Nam | E10: m | F10: 178 | G10: 24192 | H10: =G10*5% -> 1209.6 | I10: =(G10+H10)*10% -> 2540.16 | J10: =(G10+H10+I10)*17% -> 4750.0992 | K10: =G10+H10+I10+J10 -> 32691.859 | L10: =K10*25% -> 8172.9648 | M10: =K10*8% -> 2615.3487 | N10: =L10*8% -> 653.83718 | O10: =(K10+M10)*F10 -> 6284683 | P10: =(L10+N10)*F10 -> 1571170.8
B11: Ống nước ngưng uPVC D.60 | C11: Ống nước ngưng uPVC D.60 Class 1 | D11: Tiền Phong/Việt Nam | E11: m | F11: 4885 | G11: 40716 | H11: =G11*5% -> 2035.8 | I11: =(G11+H11)*10% -> 4275.18 | J11: =(G11+H11+I11)*17% -> 7994.5866 | K11: =G11+H11+I11+J11 -> 55021.567 | L11: =K11*25% -> 13755.392 | M11: =K11*8% -> 4401.7253 | N11: =L11*8% -> 1100.4313 | O11: =(K11+M11)*F11 -> 2.9028278e+08 | P11: =(L11+N11)*F11 -> 72570695
B12: Ống nước ngưng uPVC D.75 | C12: Ống nước ngưng uPVC D.75 Class 1 | D12: Tiền Phong/Việt Nam | E12: m | F12: 104 | G12: 51840 | H12: =G12*5% -> 2592 | I12: =(G12+H12)*10% -> 5443.2 | J12: =(G12+H12+I12)*17% -> 10178.784 | K12: =G12+H12+I12+J12 -> 70053.984 | L12: =K12*25% -> 17513.496 | M12: =K12*8% -> 5604.3187 | N12: =L12*8% -> 1401.0797 | O12: =(K12+M12)*F12 -> 7868463.5 | P12: =(L12+N12)*F12 -> 1967115.9
B13: Ống nước ngưng uPVC D.90 | C13: Ống nước ngưng uPVC D.90 Class 1 | D13: Tiền Phong/Việt Nam | E13: m | F13: 56 | G13: 63936 | H13: =G13*5% -> 3196.8 | I13: =(G13+H13)*10% -> 6713.28 | J13: =(G13+H13+I13)*17% -> 12553.834 | K13: =G13+H13+I13+J13 -> 86399.914 | L13: =K13*25% -> 21599.978 | M13: =K13*8% -> 6911.9931 | N13: =L13*8% -> 1727.9983 | O13: =(K13+M13)*F13 -> 5225466.8 | P13: =(L13+N13)*F13 -> 1306366.7
B14: Ống nước ngưng uPVC D.114 | C14: Ống nước ngưng uPVC D.110 Class 1 | D14: Tiền Phong/Việt Nam | E14: m | F14: 236 | G14: 95148 | H14: =G14*5% -> 4757.4 | I14: =(G14+H14)*10% -> 9990.54 | J14: =(G14+H14+I14)*17% -> 18682.31 | K14: =G14+H14+I14+J14 -> 128578.25 | L14: =K14*25% -> 32144.562 | M14: =K14*8% -> 10286.26 | N14: =L14*8% -> 2571.565 | O14: =(K14+M14)*F14 -> 32772024 | P14: =(L14+N14)*F14 -> 8193006.1
B15: Phụ kiện ống nước ngưng | D15: Việt Nam | E15: Lô | F15: 1 | G15: =SUM(O8:O14)*17% -> 60811745 | H15: =G15*5% -> 3040587.2 | I15: =(G15+H15)*10% -> 6385233.2 | J15: =(G15+H15+I15)*17% -> 11940386 | K15: =G15+H15+I15+J15 -> 82177951 | L15: =K15*25% -> 20544488 | M15: =K15*8% -> 6574236.1 | N15: =L15*8% -> 1643559 | O15: =(K15+M15)*F15 -> 88752187 | P15: =(L15+N15)*F15 -> 22188047
B16: Vật tư phụ | D16: Việt Nam | E16: Lô | F16: 1 | G16: =SUM(O8:O14)*15% -> 53657422 | H16: =G16*5% -> 2682871.1 | I16: =(G16+H16)*10% -> 5634029.3 | J16: =(G16+H16+I16)*17% -> 10535635 | K16: =G16+H16+I16+J16 -> 72509957 | L16: =K16*25% -> 18127489 | M16: =K16*8% -> 5800796.5 | N16: =L16*8% -> 1450199.1 | O16: =(K16+M16)*F16 -> 78310753 | P16: =(L16+N16)*F16 -> 19577688
B17: Ống Cách nhiệt ống nước ngưng, tỉ trọng 25kg/m3
B18: Cách nhiệt ống D.27 dày 10mm | C18: Cách nhiệt ống D26.7 dày 10mm | D18: THERMOBREAK-Sekisui /Thái Lan | E18: m | F18: 452 | G18: =69613/2 -> 34806.5 | H18: =G18*5% -> 1740.325 | I18: =(G18+H18)*10% -> 3654.6825 | J18: =(G18+H18+I18)*17% -> 6834.2563 | K18: =G18+H18+I18+J18 -> 47035.764 | L18: =K18*25% -> 11758.941 | M18: =K18*8% -> 3762.8611 | N18: =L18*8% -> 940.71528 | O18: =(K18+M18)*F18 -> 22960978 | P18: =(L18+N18)*F18 -> 5740244.6
B19: Cách nhiệt ống D34 dày 10mm | C19: Cách nhiệt ống D33.4 dày 10mm | D19: THERMOBREAK-Sekisui /Thái Lan | E19: m | F19: 225 | G19: =78147/2 -> 39073.5 | H19: =G19*5% -> 1953.675 | I19: =(G19+H19)*10% -> 4102.7175 | J19: =(G19+H19+I19)*17% -> 7672.0817 | K19: =G19+H19+I19+J19 -> 52801.974 | L19: =K19*25% -> 13200.494 | M19: =K19*8% -> 4224.1579 | N19: =L19*8% -> 1056.0395 | O19: =(K19+M19)*F19 -> 12830880 | P19: =(L19+N19)*F19 -> 3207719.9
B20: Cách nhiệt ống D42 dày 10mm | C20: Cách nhiệt ống D42.2 dày 10mm | D20: THERMOBREAK-Sekisui /Thái Lan | E20: m | F20: 178 | G20: =97075/2 -> 48537.5 | H20: =G20*5% -> 2426.875 | I20: =(G20+H20)*10% -> 5096.4375 | J20: =(G20+H20+I20)*17% -> 9530.3381 | K20: =G20+H20+I20+J20 -> 65591.151 | L20: =K20*25% -> 16397.788 | M20: =K20*8% -> 5247.2921 | N20: =L20*8% -> 1311.823 | O20: =(K20+M20)*F20 -> 12609243 | P20: =(L20+N20)*F20 -> 3152310.7
B21: Cách nhiệt ống D60 dày 10mm | C21: Cách nhiệt ống D60.3 dày 10mm | D21: THERMOBREAK-Sekisui /Thái Lan | E21: m | F21: 4885 | G21: =126999/2 -> 63499.5 | H21: =G21*5% -> 3174.975 | I21: =(G21+H21)*10% -> 6667.4475 | J21: =(G21+H21+I21)*17% -> 12468.127 | K21: =G21+H21+I21+J21 -> 85810.049 | L21: =K21*25% -> 21452.512 | M21: =K21*8% -> 6864.8039 | N21: =L21*8% -> 1716.201 | O21: =(K21+M21)*F21 -> 4.5271666e+08 | P21: =(L21+N21)*F21 -> 1.1317916e+08
B22: Cách nhiệt ống D75 dày 10mm | C22: Cách nhiệt ống D76.2 dày 10mm | D22: THERMOBREAK-Sekisui /Thái Lan | E22: m | F22: 104 | G22: =158729/2 -> 79364.5 | H22: =G22*5% -> 3968.225 | I22: =(G22+H22)*10% -> 8333.2725 | J22: =(G22+H22+I22)*17% -> 15583.22 | K22: =G22+H22+I22+J22 -> 107249.22 | L22: =K22*25% -> 26812.304 | M22: =K22*8% -> 8579.9374 | N22: =L22*8% -> 2144.9843 | O22: =(K22+M22)*F22 -> 12046232 | P22: =(L22+N22)*F22 -> 3011558
B23: Cách nhiệt ống D90 dày 10mm | C23: Cách nhiệt ống D88.9 dày 10mm | D23: THERMOBREAK-Sekisui /Thái Lan | E23: m | F23: 56 | G23: =167892/2 -> 83946 | H23: =G23*5% -> 4197.3 | I23: =(G23+H23)*10% -> 8814.33 | J23: =(G23+H23+I23)*17% -> 16482.797 | K23: =G23+H23+I23+J23 -> 113440.43 | L23: =K23*25% -> 28360.107 | M23: =K23*8% -> 9075.2342 | N23: =L23*8% -> 2268.8085 | O23: =(K23+M23)*F23 -> 6860877 | P23: =(L23+N23)*F23 -> 1715219.3
B24: Cách nhiệt ống D114 dày 10mm | C24: Cách nhiệt ống D114.3 dày 10mm | D24: THERMOBREAK-Sekisui /Thái Lan | E24: m | F24: 236 | G24: =225881/2 -> 112940.5 | H24: =G24*5% -> 5647.025 | I24: =(G24+H24)*10% -> 11858.753 | J24: =(G24+H24+I24)*17% -> 22175.867 | K24: =G24+H24+I24+J24 -> 152622.14 | L24: =K24*25% -> 38155.536 | M24: =K24*8% -> 12209.772 | N24: =L24*8% -> 3052.4429 | O24: =(K24+M24)*F24 -> 38900332 | P24: =(L24+N24)*F24 -> 9725083.1
B25: 2. Ống đồng
B26: Ống đồng Ø6.4 | C26: Ống đồng Ø6.35 dày 0.71 mm | D26: Toàn phát/Việt Nam | E26: m | F26: 75 | G26: 44300 | H26: =G26*25% -> 11075 | I26: =(G26+H26)*10% -> 5537.5 | J26: =(G26+H26+I26)*17% -> 10355.125 | K26: =G26+H26+I26+J26 -> 71267.625 | L26: =K26*25% -> 17816.906 | M26: =K26*10% -> 7126.7625 | N26: =L26*8% -> 1425.3525 | O26: =(K26+M26)*F26 -> 5879579.1 | P26: =(L26+N26)*F26 -> 1443169.4
B27: Ống đồng Ø9.5 | C27: Ống đồng Ø9.5 dày 0.71 mm | D27: Toàn phát/Việt Nam | E27: m | F27: 1117 | G27: 69300 | H27: =G27*25% -> 17325 | I27: =(G27+H27)*10% -> 8662.5 | J27: =(G27+H27+I27)*17% -> 16198.875 | K27: =G27+H27+I27+J27 -> 111486.38 | L27: =K27*25% -> 27871.594 | M27: =K27*10% -> 11148.638 | N27: =L27*8% -> 2229.7275 | O27: =(K27+M27)*F27 -> 1.3698331e+08 | P27: =(L27+N27)*F27 -> 33623176
B28: Ống đồng Ø12.7 | C28: Ống đồng Ø12.7 dày 0.71 mm | D28: Toàn phát/Việt Nam | E28: m | F28: 75 | G28: 94400 | H28: =G28*25% -> 23600 | I28: =(G28+H28)*10% -> 11800 | J28: =(G28+H28+I28)*17% -> 22066 | K28: =G28+H28+I28+J28 -> 151866 | L28: =K28*25% -> 37966.5 | M28: =K28*10% -> 15186.6 | N28: =L28*8% -> 3037.32 | O28: =(K28+M28)*F28 -> 12528945 | P28: =(L28+N28)*F28 -> 3075286.5
B29: Ống đồng Ø15.9 | C29: Ống đồng Ø15.9 dày 0.71 mm | D29: Toàn phát/Việt Nam | E29: m | F29: 1083 | G29: 119100 | H29: =G29*25% -> 29775 | I29: =(G29+H29)*10% -> 14887.5 | J29: =(G29+H29+I29)*17% -> 27839.625 | K29: =G29+H29+I29+J29 -> 191602.12 | L29: =K29*25% -> 47900.531 | M29: =K29*10% -> 19160.213 | N29: =L29*8% -> 3832.0425 | O29: =(K29+M29)*F29 -> 2.2825561e+08 | P29: =(L29+N29)*F29 -> 56026377
B30: Ống đồng Ø19.1 | C30: Ống đồng Ø19.1 dày 0.71 mm | D30: Toàn phát/Việt Nam | E30: m | F30: 115 | G30: 2162000 | H30: =G30*25% -> 540500 | I30: =(G30+H30)*10% -> 270250 | J30: =(G30+H30+I30)*17% -> 505367.5 | K30: =G30+H30+I30+J30 -> 3478117.5 | L30: =K30*25% -> 869529.38 | M30: =K30*10% -> 347811.75 | N30: =L30*8% -> 69562.35 | O30: =(K30+M30)*F30 -> 4.3998186e+08 | P30: =(L30+N30)*F30 -> 1.0799555e+08
B31: Ống đồng Ø22.2 | C31: Ống đồng Ø22.2 dày 0.81 mm | D31: Toàn phát/Việt Nam | E31: m | F31: 81 | G31: 688000 | H31: =G31*25% -> 172000 | I31: =(G31+H31)*10% -> 86000 | J31: =(G31+H31+I31)*17% -> 160820 | K31: =G31+H31+I31+J31 -> 1106820 | L31: =K31*25% -> 276705 | M31: =K31*10% -> 110682 | N31: =L31*8% -> 22136.4 | O31: =(K31+M31)*F31 -> 98617662 | P31: =(L31+N31)*F31 -> 24206153
B32: Ống đồng Ø28.6 | C32: Ống đồng Ø28.6 dày 1.00 mm | D32: Toàn phát/Việt Nam | E32: m | F32: 47 | G32: 894000 | H32: =G32*25% -> 223500 | I32: =(G32+H32)*10% -> 111750 | J32: =(G32+H32+I32)*17% -> 208972.5 | K32: =G32+H32+I32+J32 -> 1438222.5 | L32: =K32*25% -> 359555.62 | M32: =K32*10% -> 143822.25 | N32: =L32*8% -> 28764.45 | O32: =(K32+M32)*F32 -> 74356103 | P32: =(L32+N32)*F32 -> 18251044
B33: Ống đồng Ø34.9 | C33: Ống đồng Ø34.9 dày 1.00 mm | D33: Toàn phát/Việt Nam | E33: m | F33: 42 | G33: 1312000 | H33: =G33*25% -> 328000 | I33: =(G33+H33)*10% -> 164000 | J33: =(G33+H33+I33)*17% -> 306680 | K33: =G33+H33+I33+J33 -> 2110680 | L33: =K33*25% -> 527670 | M33: =K33*10% -> 211068 | N33: =L33*8% -> 42213.6 | O33: =(K33+M33)*F33 -> 97513416 | P33: =(L33+N33)*F33 -> 23935111
B34: Ống đồng Ø41.3 | C34: Ống đồng Ø41.3 dày 1.20 mm | D34: Toàn phát/Việt Nam | E34: m | F34: 100 | G34: 1559000 | H34: =G34*25% -> 389750 | I34: =(G34+H34)*10% -> 194875 | J34: =(G34+H34+I34)*17% -> 364416.25 | K34: =G34+H34+I34+J34 -> 2508041.2 | L34: =K34*25% -> 627010.31 | M34: =K34*10% -> 250804.12 | N34: =L34*8% -> 50160.825 | O34: =(K34+M34)*F34 -> 2.7588454e+08 | P34: =(L34+N34)*F34 -> 67717114
B35: Bộ chia gas dàn lạnh | C35: KHRP26A22T8, KHRP26A33T8 | D35: Daikin/Việt Nam | E35: Cái | F35: 34 | G35: 1255000 | K35: =G35+H35+I35+J35 -> 1255000 | L35: 200000 | M35: =K35*10% -> 125500 | N35: =L35*8% -> 16000 | O35: =(K35+M35)*F35 -> 46937000 | P35: =(L35+N35)*F35 -> 7344000
C36: KHRP26A72T8 | D36: Daikin/Việt Nam | E36: Cái | G36: 1637000 | K36: =G36+H36+I36+J36 -> 1637000 | L36: 200000 | M36: =K36*10% -> 163700 | N36: =L36*8% -> 16000 | O36: =(K36+M36)*F36 -> 0 | P36: =(L36+N36)*F36 -> 0
C37: KHRP26A73T8, KHRP26A73TP8 | D37: Daikin/Việt Nam | E37: Cái | G37: 2700000 | K37: =G37+H37+I37+J37 -> 2700000 | L37: 200000 | M37: =K37*10% -> 270000 | N37: =L37*8% -> 16000 | O37: =(K37+M37)*F37 -> 0 | P37: =(L37+N37)*F37 -> 0
B38: Bộ chia gas dàn nóng | C38: BHFP22R168-8 | D38: Daikin/Việt Nam | E38: Cái | F38: 8 | G38: 1746000 | K38: =G38+H38+I38+J38 -> 1746000 | L38: 500000 | M38: =K38*10% -> 174600 | N38: =L38*8% -> 40000 | O38: =(K38+M38)*F38 -> 15364800 | P38: =(L38+N38)*F38 -> 4320000
C39: BHFP22R135-8 | D39: Daikin/Việt Nam | E39: Cái | G39: 3383000 | K39: =G39+H39+I39+J39 -> 3383000 | L39: 500000 | M39: =K39*10% -> 338300 | N39: =L39*8% -> 40000 | O39: =(K39+M39)*F39 -> 0 | P39: =(L39+N39)*F39 -> 0
B40: Vật tư phụ | D40: Việt Nam | E40: Lô | F40: 1 | G40: =SUM(O26:O34)*20% -> 2.7400021e+08 | H40: =G40*5% -> 13700010 | I40: =(G40+H40)*10% -> 28770022 | J40: =(G40+H40+I40)*17% -> 53799940 | K40: =G40+H40+I40+J40 -> 3.7027018e+08 | L40: =K40*25% -> 92567544 | M40: =K40*8% -> 29621614 | N40: =L40*8% -> 7405403.6 | O40: =(K40+M40)*F40 -> 3.9989179e+08 | P40: =(L40+N40)*F40 -> 99972948
B41: Ống Cách nhiệt ống gas lạnh, tỉ trọng 25kg/m3
B42: Cách nhiệt ống Ø6.4 dày 19mm | C42: Cách nhiệt ống Ø6.35 dày 20mm | D42: THERMOBREAK-Sekisui /Thái Lan | E42: m | F42: 75 | G42: 39100 | H42: =G42*20% -> 7820 | I42: =(G42+H42)*30% -> 14076 | J42: =(G42+H42+I42)*15% -> 9149.4 | K42: =G42+H42+I42+J42 -> 70145.4 | L42: =K42*25% -> 17536.35 | M42: =K42*8% -> 5611.632 | N42: =L42*8% -> 1402.908 | O42: =(K42+M42)*F42 -> 5681777.4 | P42: =(L42+N42)*F42 -> 1420444.3
B43: Cách nhiệt ống Ø9.5 dày 19mm | C43: Cách nhiệt ống Ø9.5 dày 20mm | D43: THERMOBREAK-Sekisui /Thái Lan | E43: m | F43: 1117 | G43: 44300 | H43: =G43*20% -> 8860 | I43: =(G43+H43)*30% -> 15948 | J43: =(G43+H43+I43)*15% -> 10366.2 | K43: =G43+H43+I43+J43 -> 79474.2 | L43: =K43*25% -> 19868.55 | M43: =K43*8% -> 6357.936 | N43: =L43*8% -> 1589.484 | O43: =(K43+M43)*F43 -> 95874496 | P43: =(L43+N43)*F43 -> 23968624
B44: Cách nhiệt ống Ø12.7 dày 19mm | C44: Cách nhiệt ống Ø12.7 dày 20mm | D44: THERMOBREAK-Sekisui /Thái Lan | E44: m | F44: 75 | G44: 48900 | H44: =G44*20% -> 9780 | I44: =(G44+H44)*30% -> 17604 | J44: =(G44+H44+I44)*15% -> 11442.6 | K44: =G44+H44+I44+J44 -> 87726.6 | L44: =K44*25% -> 21931.65 | M44: =K44*8% -> 7018.128 | N44: =L44*8% -> 1754.532 | O44: =(K44+M44)*F44 -> 7105854.6 | P44: =(L44+N44)*F44 -> 1776463.7
B45: Cách nhiệt ống Ø15.9 dày 19mm | C45: Cách nhiệt ống Ø15.9 dày 20mm | D45: THERMOBREAK-Sekisui /Thái Lan | E45: m | F45: 1083 | G45: 51300 | H45: =G45*20% -> 10260 | I45: =(G45+H45)*30% -> 18468 | J45: =(G45+H45+I45)*15% -> 12004.2 | K45: =G45+H45+I45+J45 -> 92032.2 | L45: =K45*25% -> 23008.05 | M45: =K45*8% -> 7362.576 | N45: =L45*8% -> 1840.644 | O45: =(K45+M45)*F45 -> 1.0764454e+08 | P45: =(L45+N45)*F45 -> 26911136
B46: Cách nhiệt ống Ø19.1 dày 19mm | C46: Cách nhiệt ống Ø19.1 dày 20mm | D46: THERMOBREAK-Sekisui /Thái Lan | E46: m | F46: 115 | G46: 59520 | H46: =G46*20% -> 11904 | I46: =(G46+H46)*30% -> 21427.2 | J46: =(G46+H46+I46)*15% -> 13927.68 | K46: =G46+H46+I46+J46 -> 106778.88 | L46: =K46*25% -> 26694.72 | M46: =K46*8% -> 8542.3104 | N46: =L46*8% -> 2135.5776 | O46: =(K46+M46)*F46 -> 13261937 | P46: =(L46+N46)*F46 -> 3315484.2
B47: Cách nhiệt ống Ø22.2 dày 19mm | C47: Cách nhiệt ống Ø22.2 dày 20mm | D47: THERMOBREAK-Sekisui /Thái Lan | E47: m | F47: 81 | G47: 66000 | H47: =G47*20% -> 13200 | I47: =(G47+H47)*30% -> 23760 | J47: =(G47+H47+I47)*15% -> 15444 | K47: =G47+H47+I47+J47 -> 118404 | L47: =K47*25% -> 29601 | M47: =K47*8% -> 9472.32 | N47: =L47*8% -> 2368.08 | O47: =(K47+M47)*F47 -> 10357982 | P47: =(L47+N47)*F47 -> 2589495.5
B48: Cách nhiệt ống Ø28.6 dày 19mm | C48: Cách nhiệt ống Ø28.6 dày 20mm | D48: THERMOBREAK-Sekisui /Thái Lan | E48: m | F48: 47 | G48: 70520 | H48: =G48*20% -> 14104 | I48: =(G48+H48)*30% -> 25387.2 | J48: =(G48+H48+I48)*15% -> 16501.68 | K48: =G48+H48+I48+J48 -> 126512.88 | L48: =K48*25% -> 31628.22 | M48: =K48*8% -> 10121.03 | N48: =L48*8% -> 2530.2576 | O48: =(K48+M48)*F48 -> 6421793.8 | P48: =(L48+N48)*F48 -> 1605448.4
B49: Cách nhiệt ống Ø34.9 dày 19mm | C49: Cách nhiệt ống Ø34.9 dày 20mm | D49: THERMOBREAK-Sekisui /Thái Lan | E49: m | F49: 42 | G49: 76320 | H49: =G49*20% -> 15264 | I49: =(G49+H49)*30% -> 27475.2 | J49: =(G49+H49+I49)*15% -> 17858.88 | K49: =G49+H49+I49+J49 -> 136918.08 | L49: =K49*25% -> 34229.52 | M49: =K49*8% -> 10953.446 | N49: =L49*8% -> 2738.3616 | O49: =(K49+M49)*F49 -> 6210604.1 | P49: =(L49+N49)*F49 -> 1552651
B50: Cách nhiệt ống Ø41.3 dày 19mm | C50: Cách nhiệt ống Ø41.3 dày 20mm | D50: THERMOBREAK-Sekisui /Thái Lan | E50: m | F50: 100 | G50: 86700 | H50: =G50*20% -> 17340 | I50: =(G50+H50)*30% -> 31212 | J50: =(G50+H50+I50)*15% -> 20287.8 | K50: =G50+H50+I50+J50 -> 155539.8 | L50: =K50*25% -> 38884.95 | M50: =K50*8% -> 12443.184 | N50: =L50*8% -> 3110.796 | O50: =(K50+M50)*F50 -> 16798298 | P50: =(L50+N50)*F50 -> 4199574.6
B51: 3. Ống gió/ Duct work
B52: a. Ống tole tráng kẽm dày 0.6mm | N52: =L52*8% -> 0 | O52: =(G52+M52)*F52 -> 0 | P52: =(L52+N52)*F52 -> 0
B53: Ống tole tráng kẽm dày 0.6mm 150x150 | E53: m | F53: 3 | N53: =L53*8% -> 0 | O53: =(G53+M53)*F53 -> 0 | P53: =(L53+N53)*F53 -> 0
B54: Ống tole tráng kẽm dày 0.6mm 200x100 | E54: m | F54: 8 | N54: =L54*8% -> 0 | O54: =(G54+M54)*F54 -> 0 | P54: =(L54+N54)*F54 -> 0
B55: Ống tole tráng kẽm dày 0.6mm 200x150 | E55: m | F55: 25 | N55: =L55*8% -> 0 | O55: =(G55+M55)*F55 -> 0 | P55: =(L55+N55)*F55 -> 0
B56: Ống tole tráng kẽm dày 0.6mm 200x200 | E56: m | F56: 53 | N56: =L56*8% -> 0 | O56: =(G56+M56)*F56 -> 0 | P56: =(L56+N56)*F56 -> 0
B57: Ống tole tráng kẽm dày 0.6mm 250x100 | E57: m | F57: 5 | N57: =L57*8% -> 0 | O57: =(G57+M57)*F57 -> 0 | P57: =(L57+N57)*F57 -> 0
B58: Ống tole tráng kẽm dày 0.6mm 250x150 | E58: m | F58: 36 | N58: =L58*8% -> 0 | O58: =(G58+M58)*F58 -> 0 | P58: =(L58+N58)*F58 -> 0
B59: Ống tole tráng kẽm dày 0.6mm 250x200 | E59: m | F59: 39 | N59: =L59*8% -> 0 | O59: =(G59+M59)*F59 -> 0 | P59: =(L59+N59)*F59 -> 0
B60: Ống tole tráng kẽm dày 0.6mm 300x200 | E60: m | F60: 224 | N60: =L60*8% -> 0 | O60: =(G60+M60)*F60 -> 0 | P60: =(L60+N60)*F60 -> 0
B61: Ống tole tráng kẽm dày 0.6mm 300x250 | E61: m | F61: 44 | N61: =L61*8% -> 0 | O61: =(G61+M61)*F61 -> 0 | P61: =(L61+N61)*F61 -> 0
B62: Ống tole tráng kẽm dày 0.6mm 350x200 | E62: m | F62: 29 | N62: =L62*8% -> 0 | O62: =(G62+M62)*F62 -> 0 | P62: =(L62+N62)*F62 -> 0
B63: Ống tole tráng kẽm dày 0.6mm 350x250 | E63: m | F63: 47 | N63: =L63*8% -> 0 | O63: =(G63+M63)*F63 -> 0 | P63: =(L63+N63)*F63 -> 0
B64: Ống tole tráng kẽm dày 0.6mm 400x250 | E64: m | F64: 88 | N64: =L64*8% -> 0 | O64: =(G64+M64)*F64 -> 0 | P64: =(L64+N64)*F64 -> 0
... B72: Phụ kiện ống gió | E72: lô | F72: 1 | N72: =L72*8% -> 0 | O72: =(G72+M72)*F72 -> 0 | P72: =(L72+N72)*F72 -> 0
B73: b. Ống tole tráng kẽm dày 0.8mm | N73: =L73*8% -> 0 | O73: =(G73+M73)*F73 -> 0 | P73: =(L73+N73)*F73 -> 0
B74: Ống tole tráng kẽm dày 0.8mm 600x250 | E74: m | F74: 8 | N74: =L74*8% -> 0 | O74: =(G74+M74)*F74 -> 0 | P74: =(L74+N74)*F74 -> 0
B75: Ống tole tráng kẽm dày 0.8mm 600x300 | E75: m | F75: 42 | N75: =L75*8% -> 0 | O75: =(G75+M75)*F75 -> 0 | P75: =(L75+N75)*F75 -> 0
B76: Ống tole tráng kẽm dày 0.8mm 600x350 | E76: m | F76: 280 | N76: =L76*8% -> 0 | O76: =(G76+M76)*F76 -> 0 | P76: =(L76+N76)*F76 -> 0
B77: Ống tole tráng kẽm dày 0.8mm 800x300 | E77: m | F77: 65 | N77: =L77*8% -> 0 | O77: =(G77+M77)*F77 -> 0 | P77: =(L77+N77)*F77 -> 0
B78: Ống tole tráng kẽm dày 0.8mm 800x400 | E78: m | F78: 17 | N78: =L78*8% -> 0 | O78: =(G78+M78)*F78 -> 0 | P78: =(L78+N78)*F78 -> 0
B79: Ống tole tráng kẽm dày 0.8mm 900x300 | E79: m | F79: 27 | N79: =L79*8% -> 0 | O79: =(G79+M79)*F79 -> 0 | P79: =(L79+N79)*F79 -> 0
B80: Phụ kiện ống gió | E80: lô | F80: 1 | N80: =L80*8% -> 0 | O80: =(G80+M80)*F80 -> 0 | P80: =(L80+N80)*F80 -> 0
B81: c. Ống tole tráng kẽm dày 1.0mm | N81: =L81*8% -> 0 | O81: =(G81+M81)*F81 -> 0 | P81: =(L81+N81)*F81 -> 0
B82: Ống tole tráng kẽm dày 1.0mm 1000x350 | E82: m | F82: 10 | N82: =L82*8% -> 0 | O82: =(G82+M82)*F82 -> 0 | P82: =(L82+N82)*F82 -> 0
B83: Ống tole tráng kẽm dày 1.0mm 1000x500 | E83: m | F83: 124 | N83: =L83*8% -> 0 | O83: =(G83+M83)*F83 -> 0 | P83: =(L83+N83)*F83 -> 0
B84: Ống tole tráng kẽm dày 1.0mm 1200x500 | E84: m | F84: 20 | N84: =L84*8% -> 0 | O84: =(G84+M84)*F84 -> 0 | P84: =(L84+N84)*F84 -> 0
B85: Ống tole tráng kẽm dày 1.0mm 1200x650 | E85: m | F85: 6 | N85: =L85*8% -> 0 | O85: =(G85+M85)*F85 -> 0 | P85: =(L85+N85)*F85 -> 0
B86: Ống tole tráng kẽm dày 1.0mm 1200x800 | E86: m | F86: 110 | N86: =L86*8% -> 0 | O86: =(G86+M86)*F86 -> 0 | P86: =(L86+N86)*F86 -> 0
B87: Phụ kiện ống gió | E87: lô | F87: 1 | N87: =L87*8% -> 0 | O87: =(G87+M87)*F87 -> 0 | P87: =(L87+N87)*F87 -> 0
B88: d. Ống gió mềm | N88: =L88*8% -> 0 | O88: =(G88+M88)*F88 -> 0 | P88: =(L88+N88)*F88 -> 0
B89: Ống gió mềm D150 | E89: m | F89: 123 | N89: =L89*8% -> 0 | O89: =(G89+M89)*F89 -> 0 | P89: =(L89+N89)*F89 -> 0
B90: Ống gió mềm D200 | E90: m | F90: 10 | N90: =L90*8% -> 0 | O90: =(G90+M90)*F90 -> 0 | P90: =(L90+N90)*F90 -> 0
B91: Ống gió mềm D250 | E91: m | F91: 5 | N91: =L91*8% -> 0 | O91: =(G91+M91)*F91 -> 0 | P91: =(L91+N91)*F91 -> 0
B92: Ống gió mềm D350 | E92: m | F92: 12 | N92: =L92*8% -> 0 | O92: =(G92+M92)*F92 -> 0 | P92: =(L92+N92)*F92 -> 0
B93: Phụ kiện ống gió | E93: Lô | F93: 1 | N93: =L93*8% -> 0 | O93: =(G93+M93)*F93 -> 0 | P93: =(L93+N93)*F93 -> 0
B94: 4. Thiết bị
B95: a. Quạt | N95: =L95*8% -> 0 | O95: =(G95+M95)*F95 -> 0 | P95: =(L95+N95)*F95 -> 0
B96: QUẠT GẮN TƯỜNG WF-A1-B3.01 60L/s 50Pa | E96: cái | F96: 1 | N96: =L96*8% -> 0 | O96: =(G96+M96)*F96 -> 0 | P96: =(L96+N96)*F96 -> 0
B97: QUẠT GẮN TƯỜNG WF-A1-B2.01 100L/s 50Pa | E97: cái | F97: 1 | N97: =L97*8% -> 0 | O97: =(G97+M97)*F97 -> 0 | P97: =(L97+N97)*F97 -> 0
B98: QUẠT GẮN TƯỜNG WF-A1-B2.02 970L/s 50Pa | E98: cái | F98: 1 | N98: =L98*8% -> 0 | O98: =(G98+M98)*F98 -> 0 | P98: =(L98+N98)*F98 -> 0
B99: QUẠT HƯỚNG TRỤC TEF-A1-B2-01 200L/s 250Pa | E99: cái | F99: 1 | N99: =L99*8% -> 0 | O99: =(G99+M99)*F99 -> 0 | P99: =(L99+N99)*F99 -> 0
B100: QUẠT HƯỚNG TRỤC TEF-A1-B1-01 200L/s 250Pa | E100: cái | F100: 1 | N100: =L100*8% -> 0 | O100: =(G100+M100)*F100 -> 0 | P100: =(L100+N100)*F100 -> 0
B101: QUẠT HƯỚNG TRỤC EAF-A1-B1.01 9200L/s 350Pa | E101: cái | F101: 1 | N101: =L101*8% -> 0 | O101: =(G101+M101)*F101 -> 0 | P101: =(L101+N101)*F101 -> 0
B102: QUẠT HƯỚNG TRỤC EAF-A1-B1.02 4050L/s 350Pa | E102: cái | F102: 1 | N102: =L102*8% -> 0 | O102: =(G102+M102)*F102 -> 0 | P102: =(L102+N102)*F102 -> 0
B103: QUẠT HƯỚNG TRỤC EAF-A1-B1.03 1650L/s 350Pa | E103: cái | F103: 1 | N103: =L103*8% -> 0 | O103: =(G103+M103)*F103 -> 0 | P103: =(L103+N103)*F103 -> 0
B104: QUẠT HƯỚNG TRỤC EAF-A1-B1.04 1430L/s 350Pa | E104: cái | F104: 1 | N104: =L104*8% -> 0 | O104: =(G104+M104)*F104 -> 0 | P104: =(L104+N104)*F104 -> 0
B105: QUẠT HƯỚNG TRỤC EAF-A1-B1.05 100L/s 150Pa | E105: cái | F105: 1 | N105: =L105*8% -> 0 | O105: =(G105+M105)*F105 -> 0 | P105: =(L105+N105)*F105 -> 0
B106: QUẠT GẮN TƯỜNG WF-A1-B1-BV 25L/s 50Pa | E106: cái | F106: 1 | N106: =L106*8% -> 0 | O106: =(G106+M106)*F106 -> 0 | P106: =(L106+N106)*F106 -> 0
B107: QUẠT HƯỚNG TRỤC TEF-A1-1F.01 450L/s 150Pa | E107: cái | F107: 1 | N107: =L107*8% -> 0 | O107: =(G107+M107)*F107 -> 0 | P107: =(L107+N107)*F107 -> 0
... B153: Vật tư phụ | E153: Lô | F153: 1 | N153: =L153*8% -> 0 | O153: =(G153+M153)*F153 -> 0 | P153: =(L153+N153)*F153 -> 0
...

Sheet  DHKK tgio A3
A2: TT | B2: NỘI DUNG CÔNG VIỆC | D2: Nhãn hiệu/Xuất xứ | E2: Đơn vị tính | F2: Khối lượng | G2: Đầu vào | K2: Đơn giá | M2: Thuế Vat (theo quy định) | O2: Thành tiền | Q2: Ghi Chú
B3: BOQ | C3: NHÀ THẦU | G3: Đơn giá | H3: Lợi nhuận | I3: Hao hụt | J3: Băng keo | K3: Vật tư | L3: Nhân công | O3: Vật tư | P3: Nhân công
B4: Hạng mục: HỆ THỐNG ĐIỀU HÒA KHÔNG KHÍ VÀ THÔNG GIÓ - KHỐI A3
B5: A. PHẦN CÔNG CỘNG
B6: I. Đường ống
B7: 1. Ống nước ngưng
B8: Ống nước ngưng uPVC D.27 | C8: ='DHKK A3'!C8 -> Ống nước ngưng uPVC D.27 Class 1 | D8: Tiền Phong/Việt Nam | E8: m | F8: 50 | K8: ='DHKK A3'!K8 -> 19464.845 | L8: =K8*25% -> 4866.2114 | M8: =K8*8% -> 1557.1876 | N8: =L8*8% -> 389.29691 | O8: =(K8+M8)*F8 -> 1051101.7 | P8: =(L8+N8)*F8 -> 262775.41
B9: Ống nước ngưng uPVC D.34 | C9: ='DHKK A3'!C9 -> Ống nước ngưng uPVC D.34 Class 1 | D9: Tiền Phong/Việt Nam | E9: m | F9: 276 | K9: ='DHKK A3'!K9 -> 23789.165 | L9: =K9*25% -> 5947.2914 | M9: =K9*8% -> 1903.1332 | N9: =L9*8% -> 475.78331 | O9: =(K9+M9)*F9 -> 7091074.4 | P9: =(L9+N9)*F9 -> 1772768.6
B10: Ống nước ngưng uPVC D.42 | C10: ='DHKK A3'!C10 -> Ống nước ngưng uPVC D.42 Class 1 | D10: Tiền Phong/Việt Nam | E10: m | F10: 99 | K10: ='DHKK A3'!K10 -> 32691.859 | L10: =K10*25% -> 8172.9648 | M10: =K10*8% -> 2615.3487 | N10: =L10*8% -> 653.83718 | O10: =(K10+M10)*F10 -> 3495413.6 | P10: =(L10+N10)*F10 -> 873853.4
B11: Ống nước ngưng uPVC D.49 | C11: Ống nước ngưng uPVC D.48 Class 1 | D11: Tiền Phong/Việt Nam | E11: m | F11: 110 | G11: 28728 | H11: =G11*5% -> 1436.4 | I11: =(G11+H11)*10% -> 3016.44 | J11: =(G11+H11+I11)*17% -> 5640.7428 | K11: =G11+H11+I11+J11 -> 38821.583 | L11: =K11*25% -> 9705.3957 | M11: =K11*8% -> 3105.7266 | N11: =L11*8% -> 776.43166 | O11: =(K11+M11)*F11 -> 4612004 | P11: =(L11+N11)*F11 -> 1153001
B12: Ống nước ngưng uPVC D.60 | C12: ='DHKK A3'!C11 -> Ống nước ngưng uPVC D.60 Class 1 | D12: Tiền Phong/Việt Nam | E12: m | F12: 2640 | K12: ='DHKK A3'!K11 -> 55021.567 | L12: =K12*25% -> 13755.392 | M12: ='DHKK A3'!M11 -> 4401.7253 | N12: ='DHKK A3'!N11 -> 1100.4313 | O12: =(K12+M12)*F12 -> 1.5687749e+08 | P12: =(L12+N12)*F12 -> 39219373
B13: Ống nước ngưng uPVC D.75 | C13: ='DHKK A3'!C12 -> Ống nước ngưng uPVC D.75 Class 1 | D13: Tiền Phong/Việt Nam | E13: m | F13: 40 | K13: ='DHKK A3'!K12 -> 70053.984 | L13: =K13*25% -> 17513.496 | M13: ='DHKK A3'!M12 -> 5604.3187 | N13: ='DHKK A3'!N12 -> 1401.0797 | O13: =(K13+M13)*F13 -> 3026332.1 | P13: =(L13+N13)*F13 -> 756583.03
B14: Ống nước ngưng uPVC D.90 | C14: ='DHKK A3'!C13 -> Ống nước ngưng uPVC D.90 Class 1 | D14: Tiền Phong/Việt Nam | E14: m | F14: 40 | K14: ='DHKK A3'!K13 -> 86399.914 | L14: =K14*25% -> 21599.978 | M14: ='DHKK A3'!M13 -> 6911.9931 | N14: ='DHKK A3'!N13 -> 1727.9983 | O14: =(K14+M14)*F14 -> 3732476.3 | P14: =(L14+N14)*F14 -> 933119.07
B15: Ống nước ngưng uPVC D.114 | C15: ='DHKK A3'!C14 -> Ống nước ngưng uPVC D.110 Class 1 | D15: Tiền Phong/Việt Nam | E15: m | F15: 123 | K15: ='DHKK A3'!K14 -> 128578.25 | L15: =K15*25% -> 32144.562 | M15: ='DHKK A3'!M14 -> 10286.26 | N15: ='DHKK A3'!N14 -> 2571.565 | O15: =(K15+M15)*F15 -> 17080335 | P15: =(L15+N15)*F15 -> 4270083.7
B16: Phụ kiện ống nước ngưng | D16: Việt Nam | E16: Lô | F16: 1 | K16: =SUM(O8:O15)*17% -> 33484259 | L16: =K16*25% -> 8371064.7 | M16: ='DHKK A3'!M15 -> 6574236.1 | N16: ='DHKK A3'!N15 -> 1643559 | O16: =(K16+M16)*F16 -> 40058495 | P16: =(L16+N16)*F16 -> 10014624
B17: Vật tư phụ | D17: Việt Nam | E17: Lô | F17: 1 | K17: =SUM(O8:O15)*15% -> 29544934 | L17: =K17*25% -> 7386233.5 | M17: ='DHKK A3'!M16 -> 5800796.5 | N17: ='DHKK A3'!N16 -> 1450199.1 | O17: =(K17+M17)*F17 -> 35345731 | P17: =(L17+N17)*F17 -> 8836432.7
B18: Ống Cách nhiệt ống nước ngưng, tỉ trọng 25kg/m3
B19: Cách nhiệt ống D.27 dày 10mm | C19: Cách nhiệt ống D26.7 dày 10mm | D19: THERMOBREAK-Sekisui /Thái Lan | E19: m | F19: 50 | K19: ='DHKK A3'!K18 -> 47035.764 | L19: =K19*25% -> 11758.941 | M19: =K19*8% -> 3762.8611 | N19: =L19*8% -> 940.71528 | O19: =(K19+M19)*F19 -> 2539931.2 | P19: =(L19+N19)*F19 -> 634982.81
B20: Cách nhiệt ống D.34 dày 10mm | C20: Cách nhiệt ống D33.4 dày 10mm | D20: THERMOBREAK-Sekisui /Thái Lan | E20: m | F20: 276 | K20: ='DHKK A3'!K19 -> 52801.974 | L20: =K20*25% -> 13200.494 | M20: =K20*8% -> 4224.1579 | N20: =L20*8% -> 1056.0395 | O20: =(K20+M20)*F20 -> 15739212 | P20: =(L20+N20)*F20 -> 3934803.1
B21: Cách nhiệt ống D.42 dày 10mm | C21: Cách nhiệt ống D42.2 dày 10mm | D21: THERMOBREAK-Sekisui /Thái Lan | E21: m | F21: 99 | K21: ='DHKK A3'!K20 -> 65591.151 | L21: =K21*25% -> 16397.788 | M21: =K21*8% -> 5247.2921 | N21: =L21*8% -> 1311.823 | O21: =(K21+M21)*F21 -> 7013005.8 | P21: =(L21+N21)*F21 -> 1753251.5
B22: Cách nhiệt ống D.429 dày 10mm | C22: Cách nhiệt ống D48 dày 10mm | D22: THERMOBREAK-Sekisui /Thái Lan | E22: m | F22: 110 | G22: 58150 | H22: =G22*5% -> 2907.5 | I22: =(G22+H22)*10% -> 6105.75 | J22: =(G22+H22+I22)*17% -> 11417.753 | K22: =G22+H22+I22+J22 -> 78581.003 | L22: =K22*25% -> 19645.251 | M22: =K22*8% -> 6286.4802 | N22: =L22*8% -> 1571.62 | O22: =(K22+M22)*F22 -> 9335423.1 | P22: =(L22+N22)*F22 -> 2333855.8
B23: Cách nhiệt ống D.60 dày 10mm | C23: ='DHKK A3'!C21 -> Cách nhiệt ống D60.3 dày 10mm | D23: THERMOBREAK-Sekisui /Thái Lan | E23: m | F23: 2640 | K23: ='DHKK A3'!K21 -> 85810.049 | L23: =K23*25% -> 21452.512 | M23: =K23*8% -> 6864.8039 | N23: =L23*8% -> 1716.201 | O23: =(K23+M23)*F23 -> 2.4466161e+08 | P23: =(L23+N23)*F23 -> 61165403
B24: Cách nhiệt ống D.75 dày 10mm | C24: ='DHKK A3'!C22 -> Cách nhiệt ống D76.2 dày 10mm | D24: THERMOBREAK-Sekisui /Thái Lan | E24: m | F24: 40 | K24: ='DHKK A3'!K22 -> 107249.22 | L24: =K24*25% -> 26812.304 | M24: =K24*8% -> 8579.9374 | N24: =L24*8% -> 2144.9843 | O24: =(K24+M24)*F24 -> 4633166.2 | P24: =(L24+N24)*F24 -> 1158291.5
B25: Cách nhiệt ống D.90 dày 10mm | C25: ='DHKK A3'!C23 -> Cách nhiệt ống D88.9 dày 10mm | D25: THERMOBREAK-Sekisui /Thái Lan | E25: m | F25: 40 | K25: ='DHKK A3'!K23 -> 113440.43 | L25: =K25*25% -> 28360.107 | M25: =K25*8% -> 9075.2342 | N25: =L25*8% -> 2268.8085 | O25: =(K25+M25)*F25 -> 4900626.5 | P25: =(L25+N25)*F25 -> 1225156.6
B26: Cách nhiệt ống D.114 dày 10mm | C26: ='DHKK A3'!C24 -> Cách nhiệt ống D114.3 dày 10mm | D26: THERMOBREAK-Sekisui /Thái Lan | E26: m | F26: 123 | K26: ='DHKK A3'!K24 -> 152622.14 | L26: =K26*25% -> 38155.536 | M26: =K26*8% -> 12209.772 | N26: =L26*8% -> 3052.4429 | O26: =(K26+M26)*F26 -> 20274326 | P26: =(L26+N26)*F26 -> 5068581.4
B27: 2. Ống đồng
B28: Ống đồng Ø6.4 | C28: Ống đồng Ø6.4 dày 0.71 mm | D28: Toàn phát/Việt Nam | E28: m | F28: 25 | K28: ='DHKK A3'!K26 -> 71267.625 | L28: =K28*25% -> 17816.906 | M28: =K28*10% -> 7126.7625 | N28: =L28*8% -> 1425.3525 | O28: =(K28+M28)*F28 -> 1959859.7 | P28: =(L28+N28)*F28 -> 481056.47
B29: Ống đồng Ø9.5 | C29: Ống đồng Ø9.5 dày 0.71 mm | D29: Toàn phát/Việt Nam | E29: m | F29: 527 | K29: ='DHKK A3'!K27 -> 111486.38 | L29: =K29*25% -> 27871.594 | M29: =K29*10% -> 11148.638 | N29: =L29*8% -> 2229.7275 | O29: =(K29+M29)*F29 -> 64628652 | P29: =(L29+N29)*F29 -> 15863396
B30: Ống đồng Ø12.7 | C30: Ống đồng Ø12.7 dày 0.71 mm | D30: Toàn phát/Việt Nam | E30: m | F30: 33 | K30: ='DHKK A3'!K28 -> 151866 | L30: =K30*25% -> 37966.5 | M30: =K30*10% -> 15186.6 | N30: =L30*8% -> 3037.32 | O30: =(K30+M30)*F30 -> 5512735.8 | P30: =(L30+N30)*F30 -> 1353126.1
B31: Ống đồng Ø15.9 | C31: Ống đồng Ø15.9 dày 0.71 mm | D31: Toàn phát/Việt Nam | E31: m | F31: 527 | K31: ='DHKK A3'!K29 -> 191602.12 | L31: =K31*25% -> 47900.531 | M31: =K31*10% -> 19160.213 | N31: =L31*8% -> 3832.0425 | O31: =(K31+M31)*F31 -> 1.1107175e+08 | P31: =(L31+N31)*F31 -> 27263066
B32: Ống đồng Ø19.1 | C32: Ống đồng Ø19.1 dày 0.71 mm | D32: Toàn phát/Việt Nam | E32: m | F32: 28 | K32: ='DHKK A3'!K30 -> 3478117.5 | L32: =K32*25% -> 869529.38 | M32: =K32*10% -> 347811.75 | N32: =L32*8% -> 69562.35 | O32: =(K32+M32)*F32 -> 107126019 | P32: =(L32+N32)*F32 -> 26294568
B33: Ống đồng Ø22.2 | C33: Ống đồng Ø22.2 dày 0.81 mm | D33: Toàn phát/Việt Nam | E33: m | F33: 8 | K33: ='DHKK A3'!K31 -> 1106820 | L33: =K33*25% -> 276705 | M33: =K33*10% -> 110682 | N33: =L33*8% -> 22136.4 | O33: =(K33+M33)*F33 -> 9740016 | P33: =(L33+N33)*F33 -> 2390731.2
B34: Ống đồng Ø28.6 | C34: Ống đồng Ø28.6 dày 1.00 mm | D34: Toàn phát/Việt Nam | E34: m | F34: 18 | K34: ='DHKK A3'!K32 -> 1438222.5 | L34: =K34*25% -> 359555.62 | M34: =K34*10% -> 143822.25 | N34: =L34*8% -> 28764.45 | O34: =(K34+M34)*F34 -> 28476806 | P34: =(L34+N34)*F34 -> 6989761.4
B35: Ống đồng Ø34.9 | C35: Ống đồng Ø34.9 dày 1.00 mm | D35: Toàn phát/Việt Nam | E35: m | F35: 28 | K35: ='DHKK A3'!K33 -> 2110680 | L35: =K35*25% -> 527670 | M35: =K35*10% -> 211068 | N35: =L35*8% -> 42213.6 | O35: =(K35+M35)*F35 -> 65008944 | P35: =(L35+N35)*F35 -> 15956741
B36: Bộ chia gas dàn lạnh | C36: KHRP26A22T8, KHRP26A33T8 | D36: Daikin/Việt Nam | E36: Cái | F36: 8 | G36: ='DHKK A3'!G35 -> 1255000 | K36: =G36+H36+I36+J36 -> 1255000 | L36: ='DHKK A3'!L35 -> 200000 | M36: =K36*10% -> 125500 | N36: =L36*8% -> 16000 | O36: =(K36+M36)*F36 -> 11044000 | P36: =(L36+N36)*F36 -> 1728000
C37: KHRP26A72T8 | D37: Daikin/Việt Nam | E37: Cái | G37: ='DHKK A3'!G36 -> 1637000 | K37: =G37+H37+I37+J37 -> 1637000 | L37: ='DHKK A3'!L36 -> 200000 | M37: =K37*10% -> 163700 | N37: =L37*8% -> 16000 | O37: =(K37+M37)*F37 -> 0 | P37: =(L37+N37)*F37 -> 0
C38: KHRP26A73T8, KHRP26A73TP8 | D38: Daikin/Việt Nam | E38: Cái | G38: ='DHKK A3'!G37 -> 2700000 | K38: =G38+H38+I38+J38 -> 2700000 | L38: ='DHKK A3'!L37 -> 200000 | M38: =K38*10% -> 270000 | N38: =L38*8% -> 16000 | O38: =(K38+M38)*F38 -> 0 | P38: =(L38+N38)*F38 -> 0
B39: Bộ chia gas dàn nóng | C39: BHFP22R168-8 | D39: Daikin/Việt Nam | E39: Cái | F39: 1 | G39: ='DHKK A3'!G38 -> 1746000 | K39: =G39+H39+I39+J39 -> 1746000 | L39: ='DHKK A3'!L38 -> 500000 | M39: =K39*10% -> 174600 | N39: =L39*8% -> 40000 | O39: =(K39+M39)*F39 -> 1920600 | P39: =(L39+N39)*F39 -> 540000
C40: BHFP22R135-8 | D40: Daikin/Việt Nam | E40: Cái | G40: ='DHKK A3'!G39 -> 3383000 | K40: =G40+H40+I40+J40 -> 3383000 | L40: ='DHKK A3'!L39 -> 500000 | M40: =K40*10% -> 338300 | N40: =L40*8% -> 40000 | O40: =(K40+M40)*F40 -> 0 | P40: =(L40+N40)*F40 -> 0
B41: Vật tư phụ | D41: Việt Nam | E41: Lô | F41: 1 | K41: =SUM(O28:O35)*20% -> 78704957 | L41: =K41*25% -> 19676239 | M41: =K41*10% -> 7870495.7 | N41: =L41*8% -> 1574099.1 | O41: =(K41+M41)*F41 -> 86575452 | P41: =(L41+N41)*F41 -> 21250338
B42: Ống Cách nhiệt ống gas lạnh, tỉ trọng 25kg/m3
B43: Cách nhiệt ống Ø6.4 dày 19mm | C43: ='DHKK A3'!C42 -> Cách nhiệt ống Ø6.35 dày 20mm | D43: THERMOBREAK-Sekisui /Thái Lan | E43: m | F43: 25 | K43: ='DHKK A3'!K42 -> 70145.4 | L43: =K43*25% -> 17536.35 | M43: =K43*8% -> 5611.632 | N43: =L43*8% -> 1402.908 | O43: =(K43+M43)*F43 -> 1893925.8 | P43: =(L43+N43)*F43 -> 473481.45
B44: Cách nhiệt ống Ø9.5 dày 19mm | C44: ='DHKK A3'!C43 -> Cách nhiệt ống Ø9.5 dày 20mm | D44: THERMOBREAK-Sekisui /Thái Lan | E44: m | F44: 527 | K44: ='DHKK A3'!K43 -> 79474.2 | L44: =K44*25% -> 19868.55 | M44: =K44*8% -> 6357.936 | N44: =L44*8% -> 1589.484 | O44: =(K44+M44)*F44 -> 45233536 | P44: =(L44+N44)*F44 -> 11308384
B45: Cách nhiệt ống Ø12.7 dày 19mm | C45: ='DHKK A3'!C44 -> Cách nhiệt ống Ø12.7 dày 20mm | D45: THERMOBREAK-Sekisui /Thái Lan | E45: m | F45: 33 | K45: ='DHKK A3'!K44 -> 87726.6 | L45: =K45*25% -> 21931.65 | M45: =K45*8% -> 7018.128 | N45: =L45*8% -> 1754.532 | O45: =(K45+M45)*F45 -> 3126576 | P45: =(L45+N45)*F45 -> 781644.01
B46: Cách nhiệt ống Ø15.9 dày 19mm | C46: ='DHKK A3'!C45 -> Cách nhiệt ống Ø15.9 dày 20mm | D46: THERMOBREAK-Sekisui /Thái Lan | E46: m | F46: 527 | K46: ='DHKK A3'!K45 -> 92032.2 | L46: =K46*25% -> 23008.05 | M46: =K46*8% -> 7362.576 | N46: =L46*8% -> 1840.644 | O46: =(K46+M46)*F46 -> 52381047 | P46: =(L46+N46)*F46 -> 13095262
B47: Cách nhiệt ống Ø19.1 dày 19mm | C47: ='DHKK A3'!C46 -> Cách nhiệt ống Ø19.1 dày 20mm | D47: THERMOBREAK-Sekisui /Thái Lan | E47: m | F47: 28 | K47: ='DHKK A3'!K46 -> 106778.88 | L47: =K47*25% -> 26694.72 | M47: =K47*8% -> 8542.3104 | N47: =L47*8% -> 2135.5776 | O47: =(K47+M47)*F47 -> 3228993.3 | P47: =(L47+N47)*F47 -> 807248.33
B48: Cách nhiệt ống Ø22.2 dày 19mm | C48: ='DHKK A3'!C47 -> Cách nhiệt ống Ø22.2 dày 20mm | D48: THERMOBREAK-Sekisui /Thái Lan | E48: m | F48: 8 | K48: ='DHKK A3'!K47 -> 118404 | L48: =K48*25% -> 29601 | M48: =K48*8% -> 9472.32 | N48: =L48*8% -> 2368.08 | O48: =(K48+M48)*F48 -> 1023010.6 | P48: =(L48+N48)*F48 -> 255752.64
B49: Cách nhiệt ống Ø28.6 dày 19mm | C49: ='DHKK A3'!C48 -> Cách nhiệt ống Ø28.6 dày 20mm | D49: THERMOBREAK-Sekisui /Thái Lan | E49: m | F49: 18 | K49: ='DHKK A3'!K48 -> 126512.88 | L49: =K49*25% -> 31628.22 | M49: =K49*8% -> 10121.03 | N49: =L49*8% -> 2530.2576 | O49: =(K49+M49)*F49 -> 2459410.4 | P49: =(L49+N49)*F49 -> 614852.6
B50: Cách nhiệt ống Ø34.9 dày 19mm | C50: ='DHKK A3'!C49 -> Cách nhiệt ống Ø34.9 dày 20mm | D50: THERMOBREAK-Sekisui /Thái Lan | E50: m | F50: 28 | K50: ='DHKK A3'!K49 -> 136918.08 | L50: =K50*25% -> 34229.52 | M50: =K50*8% -> 10953.446 | N50: =L50*8% -> 2738.3616 | O50: =(K50+M50)*F50 -> 4140402.7 | P50: =(L50+N50)*F50 -> 1035100.7
B51: 3. Ống gió/ Duct work
B52: a. Ống tole tráng kẽm dày 0.6mm
B53: Ống tole tráng kẽm dày 0.6mm 200x100 | E53: m | F53: 5
B54: Ống tole tráng kẽm dày 0.6mm 200x150 | E54: m | F54: 14
B55: Ống tole tráng kẽm dày 0.6mm 200x200 | E55: m | F55: 32
B56: Ống tole tráng kẽm dày 0.6mm 250x150 | E56: m | F56: 5
B57: Ống tole tráng kẽm dày 0.6mm 250x200 | E57: m | F57: 21
B58: Ống tole tráng kẽm dày 0.6mm 300x200 | E58: m | F58: 80
B59: Ống tole tráng kẽm dày 0.6mm 350x200 | E59: m | F59: 17
B60: Ống tole tráng kẽm dày 0.6mm 350x250 | E60: m | F60: 54
B61: Ống tole tráng kẽm dày 0.6mm 400x200 | E61: m | F61: 25
B62: Ống tole tráng kẽm dày 0.6mm 550x250 | E62: m | F62: 20
B63: Ống tole tráng kẽm dày 0.6mm 500x300 | E63: m | F63: 13
B64: Ống tole tráng kẽm dày 0.6mm D150 | E64: m | F64: 20
... B66: Phụ kiện ống gió | E66: lô | F66: 1
B67: b. Ống tole tráng kẽm dày 0.8mm
B68: Ống tole tráng kẽm dày 0.8mm 600x300 | E68: m | F68: 55
B69: Ống tole tráng kẽm dày 0.8mm 650x350 | E69: m | F69: 140
B70: Ống tole tráng kẽm dày 0.8mm 650x500 | E70: m | F70: 15
B71: Ống tole tráng kẽm dày 0.8mm 900x450 | E71: m | F71: 10
B72: Phụ kiện ống gió | E72: lô | F72: 1
B73: c. Ống tole tráng kẽm dày 1.0mm
B74: Ống tole tráng kẽm dày 1.0mm 1000x300 | E74: m | F74: 10
B75: Ống tole tráng kẽm dày 1.0mm 1200x500 | E75: m | F75: 82
B76: Ống tole tráng kẽm dày 1.0mm 1200x600 | E76: m | F76: 100
B77: Phụ kiện ống gió | E77: lô | F77: 1
B78: d. Ống gió mềm
B79: Ống gió mềm D100 | E79: m | F79: 50
B80: Ống gió mềm D150 | E80: m | F80: 50
B81: Ống gió mềm D200 | E81: m | F81: 16
B82: Ống gió mềm D250 | E82: m | F82: 10
B83: Phụ kiện ống gió | E83: Lô | F83: 1
B84: 4. Thiết bị
B85: a. Quạt
B86: Quạt gắn tường WF-A3-B3.01 60 L/s 50 Pa | E86: cái | F86: 1
B87: Quạt gắn tường WF-A3-B2.01 100 L/s 50 Pa | E87: cái | F87: 1
B88: Quạt gắn tường WF-A3-B2.02 1330 L/s 50 Pa | E88: cái | F88: 1
B89: Quạt hướng trục TEF-A3-B1-01 150 L/s 250 Pa | E89: cái | F89: 1
B90: Quạt hướng trục EAF-A3-B1.01 6800 L/s 350 Pa | E90: cái | F90: 1
B91: Quạt hướng trục EAF-A3-B1.02 4500 L/s 350 Pa | E91: cái | F91: 1
B92: Quạt hướng trục EAF-A3-B1.03 2700 L/s 350 Pa | E92: cái | F92: 1
B93: Quạt hướng trục EAF-A3-B1.04 1030 L/s 350 Pa | E93: cái | F93: 1
B94: Quạt hướng trục EAF-A3-B1.05 110 L/s 150 Pa | E94: cái | F94: 1
B95: Quạt hướng trục EAF-A3-B1.06 420L/s 350Pa | E95: cái | F95: 1
B96: Quạt gắn tường WF-A3-B1-BV 25 L/s 50 Pa | E96: cái | F96: 1
B97: Quạt hướng trục TEF-A3-1F.01 350 L/s 150 Pa | E97: cái | F97: 1
... B120: Vật tư phụ | E120: Lô | F120: 1
B121: b. Máy Lạnh trung tâm VRV
B122: Dàn nóng trung tâm VRV 100kW | C122: Dàn nóng trung tâm VRV H, 2 chiều lạnh/sưởi 101kW Model: RXYQ36BYM tổ hợp ghép : + 01 dàn nóng RXYQ16BYM +01 dàn nóng RXYQ20BYM | D122: Daikin/Thái Lan | E122: bộ | F122: 1 | G122: 275720000 | K122: =G122+H122+I122+J122 -> 275720000 | L122: ='DHKK A3'!L156 -> 5500000 | M122: =K122*8% -> 22057600 | N122: =L122*8% -> 440000 | O122: =(K122+M122)*F122 -> 297777600 | P122: =(L122+N122)*F122 -> 5940000
B123: Dàn lạnh âm trần đa hướng thổi 12.5kW | C123: Dàn lạnh âm trần đa hướng thổi 14.0kW Model: FXFQ125AVM | D123: Daikin/Thái Lan | E123: bộ | F123: 9 | G123: 17517000 | K123: =G123+H123+I123+J123 -> 17517000 | L123: ='DHKK A3'!L157 -> 1300000 | M123: =K123*8% -> 1401360 | N123: =L123*8% -> 104000 | O123: =(K123+M123)*F123 -> 170265240 | P123: =(L123+N123)*F123 -> 12636000
C124: Khiển dây gắn tường BRC1E63 | D124: Daikin/Trung Quốc | E124: Cái | F124: =F123 -> 9 | G124: 745000 | K124: =G124+H124+I124+J124 -> 745000 | L124: ='DHKK A3'!L158 -> 150000 | M124: =K124*8% -> 59600 | N124: =L124*8% -> 12000 | O124: =(K124+M124)*F124 -> 7241400 | P124: =(L124+N124)*F124 -> 1458000
...
