Workbook

Sheet 00_TONG_HOP_BAO_GIA
A1: STT | B1: ITEM_ID | C1: PHÂN NHÓM | D1: TÊN SẢN PHẨM | E1: KÍCH THƯỚC | F1: ĐVT | G1: SỐ LƯỢNG | H1: CP ỐNG/TIÊU ÂM | I1: CP CỬA GIÓ | J1: CP VAN GIÓ | K1: TỔNG CP VẬT TƯ | L1: NHÂN CÔNG | M1: CP XƯỞNG | N1: GIÁ VỐN | O1: MARGIN (%) | P1: ĐƠN GIÁ BÁN | Q1: THÀNH TIỀN
A2: 1 | B2: SW-BNH-DUCT-001 | C2: ỐNG GIÓ | D2: Tole tráng kẽm dày 0.58mm (dùng cho ống gió có a, b <400mm) | E2: - | F2: m2 | G2: 5757.003 | H2: =SUMIF('01_BOC_TACH_ONG'!B:B, B3, '01_BOC_TACH_ONG'!I:I) | I2: =SUMIF('02_BOC_TACH_CUA'!B:B, B3, '02_BOC_TACH_CUA'!I:I) | J2: =SUMIF('03_BOC_TACH_VAN'!B:B, B3, '03_BOC_TACH_VAN'!I:I) | K2: =SUM(H3:J3) | L2: 50000 | M2: 20000 | N2: =K3+L3+M3 | O2: 0.2 | P2: =N3*(1+O3) | Q2: =G3*P3
A3: 2 | B3: SW-BNH-DUCT-002 | C3: ỐNG GIÓ | D3: Tole tráng kẽm dày 0.75mm (dùng cho ống gió có 600<a, b<=1000mm) | E3: - | F3: m2 | G3: 2103.6067 | H3: =SUMIF('01_BOC_TACH_ONG'!B:B, B4, '01_BOC_TACH_ONG'!I:I) | I3: =SUMIF('02_BOC_TACH_CUA'!B:B, B4, '02_BOC_TACH_CUA'!I:I) | J3: =SUMIF('03_BOC_TACH_VAN'!B:B, B4, '03_BOC_TACH_VAN'!I:I) | K3: =SUM(H4:J4) | L3: 50000 | M3: 20000 | N3: =K4+L4+M4 | O3: 0.2 | P3: =N4*(1+O4) | Q3: =G4*P4
A4: 3 | B4: SW-BNH-DUCT-003 | C4: ỐNG GIÓ | D4: Tole tráng kẽm dày 0.95mm (dùng cho ống gió có 1000<a, b<=2000mm) | E4: - | F4: m2 | G4: 1568.0175 | H4: =SUMIF('01_BOC_TACH_ONG'!B:B, B5, '01_BOC_TACH_ONG'!I:I) | I4: =SUMIF('02_BOC_TACH_CUA'!B:B, B5, '02_BOC_TACH_CUA'!I:I) | J4: =SUMIF('03_BOC_TACH_VAN'!B:B, B5, '03_BOC_TACH_VAN'!I:I) | K4: =SUM(H5:J5) | L4: 50000 | M4: 20000 | N4: =K5+L5+M5 | O4: 0.2 | P4: =N5*(1+O5) | Q4: =G5*P5
A5: 4 | B5: SW-BNH-DAMP-004 | C5: VAN GIÓ | D5: Van điều chỉnh lưu lượng VCD - Kích thước 100x100 | E5: 100x100 | F5: Cái | G5: 111 | H5: =SUMIF('01_BOC_TACH_ONG'!B:B, B6, '01_BOC_TACH_ONG'!I:I) | I5: =SUMIF('02_BOC_TACH_CUA'!B:B, B6, '02_BOC_TACH_CUA'!I:I) | J5: =SUMIF('03_BOC_TACH_VAN'!B:B, B6, '03_BOC_TACH_VAN'!I:I) | K5: =SUM(H6:J6) | L5: 50000 | M5: 20000 | N5: =K6+L6+M6 | O5: 0.2 | P5: =N6*(1+O6) | Q5: =G6*P6
A6: 5 | B6: SW-BNH-DAMP-005 | C6: VAN GIÓ | D6: Van điều chỉnh lưu lượng VCD - Kích thước 150x100 | E6: 150x100 | F6: Cái | G6: 23 | H6: =SUMIF('01_BOC_TACH_ONG'!B:B, B7, '01_BOC_TACH_ONG'!I:I) | I6: =SUMIF('02_BOC_TACH_CUA'!B:B, B7, '02_BOC_TACH_CUA'!I:I) | J6: =SUMIF('03_BOC_TACH_VAN'!B:B, B7, '03_BOC_TACH_VAN'!I:I) | K6: =SUM(H7:J7) | L6: 50000 | M6: 20000 | N6: =K7+L7+M7 | O6: 0.2 | P6: =N7*(1+O7) | Q6: =G7*P7
A7: 6 | B7: SW-BNH-DAMP-006 | C7: VAN GIÓ | D7: Van điều chỉnh lưu lượng VCD - Kích thước 150x150 | E7: 150x150 | F7: Cái | G7: 23 | H7: =SUMIF('01_BOC_TACH_ONG'!B:B, B8, '01_BOC_TACH_ONG'!I:I) | I7: =SUMIF('02_BOC_TACH_CUA'!B:B, B8, '02_BOC_TACH_CUA'!I:I) | J7: =SUMIF('03_BOC_TACH_VAN'!B:B, B8, '03_BOC_TACH_VAN'!I:I) | K7: =SUM(H8:J8) | L7: 50000 | M7: 20000 | N7: =K8+L8+M8 | O7: 0.2 | P7: =N8*(1+O8) | Q7: =G8*P8

Sheet 01_BOC_TACH_ONG
A1: SUB_KEY | B1: PARENT_ITEM_ID | C1: TÊN CẤU KIỆN | D1: QUY CÁCH VẬT LIỆU | E1: DIỆN TÍCH PHÔI (M2) | F1: HAO HỤT | G1: TRỌNG LƯỢNG (KG) | H1: ĐƠN GIÁ | I1: THÀNH TIỀN
A2: SW-BNH-DUCT-001-BODY | B2: SW-BNH-DUCT-001 | C2: Thân ống gió | D2: MAT-STEEL-0.58-PN | E2: 5757.003 | F2: 1.1 | G2: 28832.798 | H2: =XLOOKUP("MAT-STEEL-0.58-PN", '05_MASTER_DATA_GIA_GOC'!A:A, '05_MASTER_DATA_GIA_GOC'!D:D, 0) | I2: =G2*H2
A3: SW-BNH-DUCT-002-BODY | B3: SW-BNH-DUCT-002 | C3: Thân ống gió | D3: MAT-STEEL-0.75-PN | E3: 2103.6067 | F3: 1.1 | G3: 13623.483 | H3: =XLOOKUP("MAT-STEEL-0.75-PN", '05_MASTER_DATA_GIA_GOC'!A:A, '05_MASTER_DATA_GIA_GOC'!D:D, 0) | I3: =G3*H3
A4: SW-BNH-DUCT-003-BODY | B4: SW-BNH-DUCT-003 | C4: Thân ống gió | D4: MAT-STEEL-0.95-PN | E4: 1568.0175 | F4: 1.1 | G4: 12862.84 | H4: =XLOOKUP("MAT-STEEL-0.95-PN", '05_MASTER_DATA_GIA_GOC'!A:A, '05_MASTER_DATA_GIA_GOC'!D:D, 0) | I4: =G4*H4

Sheet 02_BOC_TACH_CUA
A1: SUB_KEY | B1: PARENT_ITEM_ID | C1: CHI TIẾT CẤU THÀNH | D1: KÍCH THƯỚC | E1: SỐ LƯỢNG (M/CÁI) | F1: TRỌNG LƯỢNG (KG) | G1: DIỆN TÍCH SƠN | H1: ĐƠN GIÁ | I1: THÀNH TIỀN

Sheet 03_BOC_TACH_VAN
A1: SUB_KEY | B1: PARENT_ITEM_ID | C1: CHỦNG LOẠI VAN | D1: CHI TIẾT CƠ KHÍ | E1: SỐ LƯỢNG (CÁI/BỘ) | F1: KHỐI LƯỢNG TÔN (KG) | G1: MAT_ID | H1: ĐƠN GIÁ | I1: THÀNH TIỀN
A2: SW-BNH-DAMP-004-BODY | B2: SW-BNH-DAMP-004 | C2: Van VCD | D2: Thân vỏ van VCD | E2: 111 | F2: 52.281 | G2: MAT-STEEL-0.75-PN | H2: =XLOOKUP(G2, '05_MASTER_DATA_GIA_GOC'!A:A, '05_MASTER_DATA_GIA_GOC'!D:D, 0) | I2: =E2*H2
A3: SW-BNH-DAMP-004-BLADE | B3: SW-BNH-DAMP-004 | C3: Van VCD | D3: Cánh van | E3: 111 | F3: 6.535125 | G3: MAT-STEEL-0.75-PN | H3: =XLOOKUP(G3, '05_MASTER_DATA_GIA_GOC'!A:A, '05_MASTER_DATA_GIA_GOC'!D:D, 0) | I3: =E3*H3
A4: SW-BNH-DAMP-004-AXLE | B4: SW-BNH-DAMP-004 | C4: Van VCD | D4: Trục ty thép D10 | E4: 111 | F4: 0 | G4: MAT-AXLE-D10 | H4: =XLOOKUP(G4, '05_MASTER_DATA_GIA_GOC'!A:A, '05_MASTER_DATA_GIA_GOC'!D:D, 0) | I4: =E4*H4
A5: SW-BNH-DAMP-004-GEAR | B5: SW-BNH-DAMP-004 | C5: Van VCD | D5: Cặp bánh răng liên động | E5: 111 | F5: 0 | G5: MAT-GEAR-ALU | H5: =XLOOKUP(G5, '05_MASTER_DATA_GIA_GOC'!A:A, '05_MASTER_DATA_GIA_GOC'!D:D, 0) | I5: =E5*H5
A6: SW-BNH-DAMP-005-BODY | B6: SW-BNH-DAMP-005 | C6: Van VCD | D6: Thân vỏ van VCD | E6: 23 | F6: 13.54125 | G6: MAT-STEEL-0.75-PN | H6: =XLOOKUP(G6, '05_MASTER_DATA_GIA_GOC'!A:A, '05_MASTER_DATA_GIA_GOC'!D:D, 0) | I6: =E6*H6
A7: SW-BNH-DAMP-005-BLADE | B7: SW-BNH-DAMP-005 | C7: Van VCD | D7: Cánh van | E7: 23 | F7: 2.0311875 | G7: MAT-STEEL-0.75-PN | H7: =XLOOKUP(G7, '05_MASTER_DATA_GIA_GOC'!A:A, '05_MASTER_DATA_GIA_GOC'!D:D, 0) | I7: =E7*H7
A8: SW-BNH-DAMP-005-AXLE | B8: SW-BNH-DAMP-005 | C8: Van VCD | D8: Trục ty thép D10 | E8: 23 | F8: 0 | G8: MAT-AXLE-D10 | H8: =XLOOKUP(G8, '05_MASTER_DATA_GIA_GOC'!A:A, '05_MASTER_DATA_GIA_GOC'!D:D, 0) | I8: =E8*H8
A9: SW-BNH-DAMP-005-GEAR | B9: SW-BNH-DAMP-005 | C9: Van VCD | D9: Cặp bánh răng liên động | E9: 23 | F9: 0 | G9: MAT-GEAR-ALU | H9: =XLOOKUP(G9, '05_MASTER_DATA_GIA_GOC'!A:A, '05_MASTER_DATA_GIA_GOC'!D:D, 0) | I9: =E9*H9
A10: SW-BNH-DAMP-006-BODY | B10: SW-BNH-DAMP-006 | C10: Van VCD | D10: Thân vỏ van VCD | E10: 23 | F10: 16.2495 | G10: MAT-STEEL-0.75-PN | H10: =XLOOKUP(G10, '05_MASTER_DATA_GIA_GOC'!A:A, '05_MASTER_DATA_GIA_GOC'!D:D, 0) | I10: =E10*H10
A11: SW-BNH-DAMP-006-BLADE | B11: SW-BNH-DAMP-006 | C11: Van VCD | D11: Cánh van | E11: 23 | F11: 3.0467812 | G11: MAT-STEEL-0.75-PN | H11: =XLOOKUP(G11, '05_MASTER_DATA_GIA_GOC'!A:A, '05_MASTER_DATA_GIA_GOC'!D:D, 0) | I11: =E11*H11
A12: SW-BNH-DAMP-006-AXLE | B12: SW-BNH-DAMP-006 | C12: Van VCD | D12: Trục ty thép D10 | E12: 23 | F12: 0 | G12: MAT-AXLE-D10 | H12: =XLOOKUP(G12, '05_MASTER_DATA_GIA_GOC'!A:A, '05_MASTER_DATA_GIA_GOC'!D:D, 0) | I12: =E12*H12
A13: SW-BNH-DAMP-006-GEAR | B13: SW-BNH-DAMP-006 | C13: Van VCD | D13: Cặp bánh răng liên động | E13: 23 | F13: 0 | G13: MAT-GEAR-ALU | H13: =XLOOKUP(G13, '05_MASTER_DATA_GIA_GOC'!A:A, '05_MASTER_DATA_GIA_GOC'!D:D, 0) | I13: =E13*H13

Sheet 04_BOM_MUA_HANG

Sheet 05_MASTER_DATA_GIA_GOC
A1: MAT_ID | B1: TÊN VẬT TƯ | C1: ĐVT | D1: ĐƠN GIÁ GỐC
A2: MAT-STEEL-0.50-PN | B2: Tôn mạ kẽm Phương Nam 0.50mm | C2: kg | D2: 26000
A3: MAT-STEEL-0.35-VN | B3: Tôn mạ kẽm VNSteel 0.35mm | C3: kg | D3: 23800
A4: MAT-STEEL-0.60-PN | B4: Tôn mạ kẽm Phương Nam 0.60mm | C4: kg | D4: 26000
A5: MAT-STEEL-0.40-VN | B5: Tôn mạ kẽm VNSteel 0.40mm | C5: kg | D5: 23550
A6: MAT-STEEL-0.80-PN | B6: Tôn mạ kẽm Phương Nam 0.80mm | C6: kg | D6: 26000
A7: MAT-STEEL-0.42-VN | B7: Tôn mạ kẽm VNSteel 0.42mm | C7: kg | D7: 23400
A8: MAT-STEEL-1.00-PN | B8: Tôn mạ kẽm Phương Nam 1.00mm | C8: kg | D8: 26000
A9: MAT-STEEL-0.47-VN | B9: Tôn mạ kẽm VNSteel 0.47mm | C9: kg | D9: 23200
A10: MAT-STEEL-1.20-PN | B10: Tôn mạ kẽm Phương Nam 1.20mm | C10: kg | D10: 26000
A11: MAT-STEEL-0.50-VN | B11: Tôn mạ kẽm VNSteel 0.50mm | C11: kg | D11: 23200
A12: MAT-STEEL-1.50-PN | B12: Tôn mạ kẽm Phương Nam 1.50mm | C12: kg | D12: 26000
A13: MAT-STEEL-0.55-VN | B13: Tôn mạ kẽm VNSteel 0.55mm | C13: kg | D13: 23000
... A50: MAT-KE-GOC | B50: Ke góc nhôm đúc | C50: Cái | D50: 1500
