Workbook
Name \a: #N/A
Name \N: #REF!
Name \s: #N/A
Name \Z: #REF!
Name _: #REF!
Name _??: NA()
Name _??_1: NA()
Name _??_1_1: NA()
Name _??_1_2: NA()
Name _??_1_3: NA()
Name _??_1_4: NA()
Name _??_1_5: NA()
Name _??_6: NA()
Name _??_7: NA()
Name _??_9: NA()
Name _?1: NA()
Name _?1_1: NA()
Name _?1_1_1: NA()
Name _?1_1_2: NA()
Name _?1_1_3: NA()
Name _?1_1_4: NA()
Name _?1_1_5: NA()
Name _?1_6: NA()
Name _?1_7: NA()
Name _?1_9: NA()
Name _?271: NA()
Name _?271_1: NA()
Name _?271_1_1: NA()
Name _?271_1_2: NA()
Name _?271_1_3: NA()
Name _?271_1_4: NA()
Name _?271_1_5: NA()
Name _?271_6: NA()
Name _?271_7: NA()
Name _?271_9: NA()
Name ____DIV3: #REF!
Name ____DIV4: #REF!
Name ___DIV10: #REF!
Name ___DIV15: #REF!
Name ___DIV3: #REF!
Name ___DIV4: #REF!
Name ___DIV5: #REF!
Name ___DIV7: #REF!
Name ___DIV8: #REF!
Name ___DIV9: #REF!
Name ___TB1: #REF!
Name __10: #REF!
Name __12: #REF!
Name __14: #REF!
Name __16: #REF!
Name __18: #REF!
Name __20: #REF!
Name __22: #REF!
Name __24: #REF!
Name __26: #REF!
Name __28: #REF!
Name __30: #REF!
Name __32: #REF!
Name __34: #REF!
Name __36: #REF!

Sheet 00_BANG_CHAO_GIA
A1: BILL: HỆ THỐNG ĐHKK & THÔNG GIÓ
A3: STT | B3: MÔ TẢ CÔNG TÁC | C3: MÃ HIỆU | D3: NHÃN HIỆU | E3: XUẤT XỨ | F3: LỌC | G3: Đơn vị | H3: Khối lượng | I3: ĐƠN GIÁ | L3: THÀNH TIỀN | O3: GHI CHÚ
I4: VẬT TƯ | J4: NHÂN CÔNG | K4: TỔNG | L4: VẬT TƯ | M4: NHÂN CÔNG | N4: TỔNG
A5: A | B5: HỆ THỐNG THÔNG GIÓ | F5: M
A6: A1 | B6: HỆ THỐNG HÚT KHÓI HẦM XE, HÚT KHÓI SỰ CỐ | F6: M
A7: =SUBTOTAL(3,$G7:G$7) | B7: Quạt hướng trục CEF-B2-Z1-01~02 5290/9430 l/s @ 500/1350 Pa, chống cháy 300°C trong 2h, | C7: CEF | D7: Fantech (ELTA Fans), Systemair, Wolter, Kruger | F7: QUẠT | G7: Cái | H7: 2 | I7: =IF('00_TONG_HOP_BAO_GIA'!G2>0, ('00_TONG_HOP_BAO_GIA'!K2 + '00_TONG_HOP_BAO_GIA'!M2) * (1 + '00_TONG_HOP_BAO_GIA'!P2) / '00_TONG_HOP_BAO_GIA'!G2, 0) | J7: =IF('00_TONG_HOP_BAO_GIA'!G2>0, '00_TONG_HOP_BAO_GIA'!L2 * (1 + '00_TONG_HOP_BAO_GIA'!P2) / '00_TONG_HOP_BAO_GIA'!G2, 0) | K7: ='00_TONG_HOP_BAO_GIA'!Q2 | L7: =('00_TONG_HOP_BAO_GIA'!K2 + '00_TONG_HOP_BAO_GIA'!M2) * (1 + '00_TONG_HOP_BAO_GIA'!P2) | M7: ='00_TONG_HOP_BAO_GIA'!L2 * (1 + '00_TONG_HOP_BAO_GIA'!P2) | N7: ='00_TONG_HOP_BAO_GIA'!R2 | O7: =IF(K7=0, "CẢNH BÁO: Đơn giá = 0. Tra cứu lại Sheet 06!", '00_TONG_HOP_BAO_GIA'!S2)
A8: =SUBTOTAL(3,$G$7:G8) | B8: Quạt hướng trục CEF-B2-Z2-01~02 5490/8910 l/s @ 600/1350 Pa, chống cháy 300°C trong 2h | C8: CEF | D8: Fantech (ELTA Fans), Systemair, Wolter, Kruger | F8: QUẠT | G8: Cái | H8: 2 | I8: =IF('00_TONG_HOP_BAO_GIA'!G3>0, ('00_TONG_HOP_BAO_GIA'!K3 + '00_TONG_HOP_BAO_GIA'!M3) * (1 + '00_TONG_HOP_BAO_GIA'!P3) / '00_TONG_HOP_BAO_GIA'!G3, 0) | J8: =IF('00_TONG_HOP_BAO_GIA'!G3>0, '00_TONG_HOP_BAO_GIA'!L3 * (1 + '00_TONG_HOP_BAO_GIA'!P3) / '00_TONG_HOP_BAO_GIA'!G3, 0) | K8: ='00_TONG_HOP_BAO_GIA'!Q3 | L8: =('00_TONG_HOP_BAO_GIA'!K3 + '00_TONG_HOP_BAO_GIA'!M3) * (1 + '00_TONG_HOP_BAO_GIA'!P3) | M8: ='00_TONG_HOP_BAO_GIA'!L3 * (1 + '00_TONG_HOP_BAO_GIA'!P3) | N8: ='00_TONG_HOP_BAO_GIA'!R3 | O8: =IF(K8=0, "CẢNH BÁO: Đơn giá = 0. Tra cứu lại Sheet 06!", '00_TONG_HOP_BAO_GIA'!S3)
A9: =SUBTOTAL(3,$G$7:G9) | B9: Quạt hướng trục CEF-B1-Z1-01~02 5590/8385 l/s @ 600/1350 Pa, chống cháy 300°C trong 2h | C9: CEF | D9: Fantech (ELTA Fans), Systemair, Wolter, Kruger | F9: QUẠT | G9: Cái | H9: 2 | I9: =IF('00_TONG_HOP_BAO_GIA'!G4>0, ('00_TONG_HOP_BAO_GIA'!K4 + '00_TONG_HOP_BAO_GIA'!M4) * (1 + '00_TONG_HOP_BAO_GIA'!P4) / '00_TONG_HOP_BAO_GIA'!G4, 0) | J9: =IF('00_TONG_HOP_BAO_GIA'!G4>0, '00_TONG_HOP_BAO_GIA'!L4 * (1 + '00_TONG_HOP_BAO_GIA'!P4) / '00_TONG_HOP_BAO_GIA'!G4, 0) | K9: ='00_TONG_HOP_BAO_GIA'!Q4 | L9: =('00_TONG_HOP_BAO_GIA'!K4 + '00_TONG_HOP_BAO_GIA'!M4) * (1 + '00_TONG_HOP_BAO_GIA'!P4) | M9: ='00_TONG_HOP_BAO_GIA'!L4 * (1 + '00_TONG_HOP_BAO_GIA'!P4) | N9: ='00_TONG_HOP_BAO_GIA'!R4 | O9: =IF(K9=0, "CẢNH BÁO: Đơn giá = 0. Tra cứu lại Sheet 06!", '00_TONG_HOP_BAO_GIA'!S4)
A10: =SUBTOTAL(3,$G$7:G10) | B10: Quạt hướng trục CEF-B1-Z2-01~02 5135/7700 l/s @ 600/1350 Pa, chống cháy 300°C trong 2h | C10: CEF | D10: Fantech (ELTA Fans), Systemair, Wolter, Kruger | F10: QUẠT | G10: Cái | H10: 2 | I10: =IF('00_TONG_HOP_BAO_GIA'!G5>0, ('00_TONG_HOP_BAO_GIA'!K5 + '00_TONG_HOP_BAO_GIA'!M5) * (1 + '00_TONG_HOP_BAO_GIA'!P5) / '00_TONG_HOP_BAO_GIA'!G5, 0) | J10: =IF('00_TONG_HOP_BAO_GIA'!G5>0, '00_TONG_HOP_BAO_GIA'!L5 * (1 + '00_TONG_HOP_BAO_GIA'!P5) / '00_TONG_HOP_BAO_GIA'!G5, 0) | K10: ='00_TONG_HOP_BAO_GIA'!Q5 | L10: =('00_TONG_HOP_BAO_GIA'!K5 + '00_TONG_HOP_BAO_GIA'!M5) * (1 + '00_TONG_HOP_BAO_GIA'!P5) | M10: ='00_TONG_HOP_BAO_GIA'!L5 * (1 + '00_TONG_HOP_BAO_GIA'!P5) | N10: ='00_TONG_HOP_BAO_GIA'!R5 | O10: =IF(K10=0, "CẢNH BÁO: Đơn giá = 0. Tra cứu lại Sheet 06!", '00_TONG_HOP_BAO_GIA'!S5)
A11: =SUBTOTAL(3,$G$7:G11) | B11: Quạt hướng trục SEF-B1-Z2-01 4800 l/s @ 500 Pa, chống cháy 300°C trong 2h | C11: SEF | D11: Fantech (ELTA Fans), Systemair, Wolter, Kruger | F11: QUẠT | G11: Cái | H11: 1 | I11: =IF('00_TONG_HOP_BAO_GIA'!G6>0, ('00_TONG_HOP_BAO_GIA'!K6 + '00_TONG_HOP_BAO_GIA'!M6) * (1 + '00_TONG_HOP_BAO_GIA'!P6) / '00_TONG_HOP_BAO_GIA'!G6, 0) | J11: =IF('00_TONG_HOP_BAO_GIA'!G6>0, '00_TONG_HOP_BAO_GIA'!L6 * (1 + '00_TONG_HOP_BAO_GIA'!P6) / '00_TONG_HOP_BAO_GIA'!G6, 0) | K11: ='00_TONG_HOP_BAO_GIA'!Q6 | L11: =('00_TONG_HOP_BAO_GIA'!K6 + '00_TONG_HOP_BAO_GIA'!M6) * (1 + '00_TONG_HOP_BAO_GIA'!P6) | M11: ='00_TONG_HOP_BAO_GIA'!L6 * (1 + '00_TONG_HOP_BAO_GIA'!P6) | N11: ='00_TONG_HOP_BAO_GIA'!R6 | O11: =IF(K11=0, "CẢNH BÁO: Đơn giá = 0. Tra cứu lại Sheet 06!", '00_TONG_HOP_BAO_GIA'!S6)
A12: =SUBTOTAL(3,$G$7:G12) | B12: Quạt hướng trục SEF-A1.1-03F-01~02 7400 l/s @ 400 Pa, chống cháy 300°C trong 2h | C12: SEF | D12: Fantech (ELTA Fans), Systemair, Wolter, Kruger | F12: QUẠT | G12: Cái | H12: 2 | I12: =IF('00_TONG_HOP_BAO_GIA'!G7>0, ('00_TONG_HOP_BAO_GIA'!K7 + '00_TONG_HOP_BAO_GIA'!M7) * (1 + '00_TONG_HOP_BAO_GIA'!P7) / '00_TONG_HOP_BAO_GIA'!G7, 0) | J12: =IF('00_TONG_HOP_BAO_GIA'!G7>0, '00_TONG_HOP_BAO_GIA'!L7 * (1 + '00_TONG_HOP_BAO_GIA'!P7) / '00_TONG_HOP_BAO_GIA'!G7, 0) | K12: ='00_TONG_HOP_BAO_GIA'!Q7 | L12: =('00_TONG_HOP_BAO_GIA'!K7 + '00_TONG_HOP_BAO_GIA'!M7) * (1 + '00_TONG_HOP_BAO_GIA'!P7) | M12: ='00_TONG_HOP_BAO_GIA'!L7 * (1 + '00_TONG_HOP_BAO_GIA'!P7) | N12: ='00_TONG_HOP_BAO_GIA'!R7 | O12: =IF(K12=0, "CẢNH BÁO: Đơn giá = 0. Tra cứu lại Sheet 06!", '00_TONG_HOP_BAO_GIA'!S7)
A13: =SUBTOTAL(3,$G$7:G13) | B13: Quạt hướng trục SEF-A1.2-03F-01~02 6700 l/s @ 500 Pa, chống cháy 300°C trong 2h | C13: SEF | D13: Fantech (ELTA Fans), Systemair, Wolter, Kruger | F13: QUẠT | G13: Cái | H13: 2 | I13: =IF('00_TONG_HOP_BAO_GIA'!G8>0, ('00_TONG_HOP_BAO_GIA'!K8 + '00_TONG_HOP_BAO_GIA'!M8) * (1 + '00_TONG_HOP_BAO_GIA'!P8) / '00_TONG_HOP_BAO_GIA'!G8, 0) | J13: =IF('00_TONG_HOP_BAO_GIA'!G8>0, '00_TONG_HOP_BAO_GIA'!L8 * (1 + '00_TONG_HOP_BAO_GIA'!P8) / '00_TONG_HOP_BAO_GIA'!G8, 0) | K13: ='00_TONG_HOP_BAO_GIA'!Q8 | L13: =('00_TONG_HOP_BAO_GIA'!K8 + '00_TONG_HOP_BAO_GIA'!M8) * (1 + '00_TONG_HOP_BAO_GIA'!P8) | M13: ='00_TONG_HOP_BAO_GIA'!L8 * (1 + '00_TONG_HOP_BAO_GIA'!P8) | N13: ='00_TONG_HOP_BAO_GIA'!R8 | O13: =IF(K13=0, "CẢNH BÁO: Đơn giá = 0. Tra cứu lại Sheet 06!", '00_TONG_HOP_BAO_GIA'!S8)
A14: =SUBTOTAL(3,$G$7:G14) | B14: Quạt hướng trục SEF-A1.2-03F-03 5100 l/s @ 500 Pa, chống cháy 300°C trong 2h | C14: SEF | D14: Fantech (ELTA Fans), Systemair, Wolter, Kruger | F14: QUẠT | G14: Cái | H14: 1 | I14: =IF('00_TONG_HOP_BAO_GIA'!G9>0, ('00_TONG_HOP_BAO_GIA'!K9 + '00_TONG_HOP_BAO_GIA'!M9) * (1 + '00_TONG_HOP_BAO_GIA'!P9) / '00_TONG_HOP_BAO_GIA'!G9, 0) | J14: =IF('00_TONG_HOP_BAO_GIA'!G9>0, '00_TONG_HOP_BAO_GIA'!L9 * (1 + '00_TONG_HOP_BAO_GIA'!P9) / '00_TONG_HOP_BAO_GIA'!G9, 0) | K14: ='00_TONG_HOP_BAO_GIA'!Q9 | L14: =('00_TONG_HOP_BAO_GIA'!K9 + '00_TONG_HOP_BAO_GIA'!M9) * (1 + '00_TONG_HOP_BAO_GIA'!P9) | M14: ='00_TONG_HOP_BAO_GIA'!L9 * (1 + '00_TONG_HOP_BAO_GIA'!P9) | N14: ='00_TONG_HOP_BAO_GIA'!R9 | O14: =IF(K14=0, "CẢNH BÁO: Đơn giá = 0. Tra cứu lại Sheet 06!", '00_TONG_HOP_BAO_GIA'!S9)
A15: =SUBTOTAL(3,$G$7:G15) | B15: Quạt hướng trục SEF-A1.3-03F-01~03 4800 l/s @ 500 Pa, chống cháy 300°C trong 2h | C15: SEF | D15: Fantech (ELTA Fans), Systemair, Wolter, Kruger | F15: QUẠT | G15: Cái | H15: 3 | I15: =IF('00_TONG_HOP_BAO_GIA'!G10>0, ('00_TONG_HOP_BAO_GIA'!K10 + '00_TONG_HOP_BAO_GIA'!M10) * (1 + '00_TONG_HOP_BAO_GIA'!P10) / '00_TONG_HOP_BAO_GIA'!G10, 0) | J15: =IF('00_TONG_HOP_BAO_GIA'!G10>0, '00_TONG_HOP_BAO_GIA'!L10 * (1 + '00_TONG_HOP_BAO_GIA'!P10) / '00_TONG_HOP_BAO_GIA'!G10, 0) | K15: ='00_TONG_HOP_BAO_GIA'!Q10 | L15: =('00_TONG_HOP_BAO_GIA'!K10 + '00_TONG_HOP_BAO_GIA'!M10) * (1 + '00_TONG_HOP_BAO_GIA'!P10) | M15: ='00_TONG_HOP_BAO_GIA'!L10 * (1 + '00_TONG_HOP_BAO_GIA'!P10) | N15: ='00_TONG_HOP_BAO_GIA'!R10 | O15: =IF(K15=0, "CẢNH BÁO: Đơn giá = 0. Tra cứu lại Sheet 06!", '00_TONG_HOP_BAO_GIA'!S10)
A16: =SUBTOTAL(3,$G$7:G16) | B16: Quạt hướng trục SEF-A1.3-03F-04 4800 l/s @ 450 Pa, chống cháy 300°C trong 2h | C16: SEF | D16: Fantech (ELTA Fans), Systemair, Wolter, Kruger | F16: QUẠT | G16: Cái | H16: 1 | I16: =IF('00_TONG_HOP_BAO_GIA'!G11>0, ('00_TONG_HOP_BAO_GIA'!K11 + '00_TONG_HOP_BAO_GIA'!M11) * (1 + '00_TONG_HOP_BAO_GIA'!P11) / '00_TONG_HOP_BAO_GIA'!G11, 0) | J16: =IF('00_TONG_HOP_BAO_GIA'!G11>0, '00_TONG_HOP_BAO_GIA'!L11 * (1 + '00_TONG_HOP_BAO_GIA'!P11) / '00_TONG_HOP_BAO_GIA'!G11, 0) | K16: ='00_TONG_HOP_BAO_GIA'!Q11 | L16: =('00_TONG_HOP_BAO_GIA'!K11 + '00_TONG_HOP_BAO_GIA'!M11) * (1 + '00_TONG_HOP_BAO_GIA'!P11) | M16: ='00_TONG_HOP_BAO_GIA'!L11 * (1 + '00_TONG_HOP_BAO_GIA'!P11) | N16: ='00_TONG_HOP_BAO_GIA'!R11 | O16: =IF(K16=0, "CẢNH BÁO: Đơn giá = 0. Tra cứu lại Sheet 06!", '00_TONG_HOP_BAO_GIA'!S11)
A17: =SUBTOTAL(3,$G$7:G17) | B17: Quạt hướng trục SEF-A1.3-03F-05~07 4800 l/s @ 500 Pa, chống cháy 300°C trong 2h | C17: SEF | D17: Fantech (ELTA Fans), Systemair, Wolter, Kruger | F17: QUẠT | G17: Cái | H17: 3 | I17: =IF('00_TONG_HOP_BAO_GIA'!G12>0, ('00_TONG_HOP_BAO_GIA'!K12 + '00_TONG_HOP_BAO_GIA'!M12) * (1 + '00_TONG_HOP_BAO_GIA'!P12) / '00_TONG_HOP_BAO_GIA'!G12, 0) | J17: =IF('00_TONG_HOP_BAO_GIA'!G12>0, '00_TONG_HOP_BAO_GIA'!L12 * (1 + '00_TONG_HOP_BAO_GIA'!P12) / '00_TONG_HOP_BAO_GIA'!G12, 0) | K17: ='00_TONG_HOP_BAO_GIA'!Q12 | L17: =('00_TONG_HOP_BAO_GIA'!K12 + '00_TONG_HOP_BAO_GIA'!M12) * (1 + '00_TONG_HOP_BAO_GIA'!P12) | M17: ='00_TONG_HOP_BAO_GIA'!L12 * (1 + '00_TONG_HOP_BAO_GIA'!P12) | N17: ='00_TONG_HOP_BAO_GIA'!R12 | O17: =IF(K17=0, "CẢNH BÁO: Đơn giá = 0. Tra cứu lại Sheet 06!", '00_TONG_HOP_BAO_GIA'!S12)
A18: =SUBTOTAL(3,$G$7:G18) | B18: Quạt hướng trục SEF-A1.3-10F-01 7100 l/s @ 600 Pa, chống cháy 300°C trong 2h | C18: SEF | D18: Fantech (ELTA Fans), Systemair, Wolter, Kruger | F18: QUẠT | G18: Cái | H18: 1 | I18: =IF('00_TONG_HOP_BAO_GIA'!G13>0, ('00_TONG_HOP_BAO_GIA'!K13 + '00_TONG_HOP_BAO_GIA'!M13) * (1 + '00_TONG_HOP_BAO_GIA'!P13) / '00_TONG_HOP_BAO_GIA'!G13, 0) | J18: =IF('00_TONG_HOP_BAO_GIA'!G13>0, '00_TONG_HOP_BAO_GIA'!L13 * (1 + '00_TONG_HOP_BAO_GIA'!P13) / '00_TONG_HOP_BAO_GIA'!G13, 0) | K18: ='00_TONG_HOP_BAO_GIA'!Q13 | L18: =('00_TONG_HOP_BAO_GIA'!K13 + '00_TONG_HOP_BAO_GIA'!M13) * (1 + '00_TONG_HOP_BAO_GIA'!P13) | M18: ='00_TONG_HOP_BAO_GIA'!L13 * (1 + '00_TONG_HOP_BAO_GIA'!P13) | N18: ='00_TONG_HOP_BAO_GIA'!R13 | O18: =IF(K18=0, "CẢNH BÁO: Đơn giá = 0. Tra cứu lại Sheet 06!", '00_TONG_HOP_BAO_GIA'!S13)
A19: =SUBTOTAL(3,$G$7:G19) | B19: Quạt hướng trục SEF-A1.2-12F-01 8800 l/s @ 650 Pa, chống cháy 300°C trong 2h | C19: SEF | D19: Fantech (ELTA Fans), Systemair, Wolter, Kruger | F19: QUẠT | G19: Cái | H19: 1 | I19: =IF('00_TONG_HOP_BAO_GIA'!G14>0, ('00_TONG_HOP_BAO_GIA'!K14 + '00_TONG_HOP_BAO_GIA'!M14) * (1 + '00_TONG_HOP_BAO_GIA'!P14) / '00_TONG_HOP_BAO_GIA'!G14, 0) | J19: =IF('00_TONG_HOP_BAO_GIA'!G14>0, '00_TONG_HOP_BAO_GIA'!L14 * (1 + '00_TONG_HOP_BAO_GIA'!P14) / '00_TONG_HOP_BAO_GIA'!G14, 0) | K19: ='00_TONG_HOP_BAO_GIA'!Q14 | L19: =('00_TONG_HOP_BAO_GIA'!K14 + '00_TONG_HOP_BAO_GIA'!M14) * (1 + '00_TONG_HOP_BAO_GIA'!P14) | M19: ='00_TONG_HOP_BAO_GIA'!L14 * (1 + '00_TONG_HOP_BAO_GIA'!P14) | N19: ='00_TONG_HOP_BAO_GIA'!R14 | O19: =IF(K19=0, "CẢNH BÁO: Đơn giá = 0. Tra cứu lại Sheet 06!", '00_TONG_HOP_BAO_GIA'!S14)
A20: =SUBTOTAL(3,$G$7:G20) | B20: Quạt hướng trục SEF-A1.1-RF-01 8100 l/s @ 650 Pa, chống cháy 300°C trong 2h | C20: SEF | D20: Fantech (ELTA Fans), Systemair, Wolter, Kruger | F20: QUẠT | G20: Cái | H20: 1 | I20: =IF('00_TONG_HOP_BAO_GIA'!G15>0, ('00_TONG_HOP_BAO_GIA'!K15 + '00_TONG_HOP_BAO_GIA'!M15) * (1 + '00_TONG_HOP_BAO_GIA'!P15) / '00_TONG_HOP_BAO_GIA'!G15, 0) | J20: =IF('00_TONG_HOP_BAO_GIA'!G15>0, '00_TONG_HOP_BAO_GIA'!L15 * (1 + '00_TONG_HOP_BAO_GIA'!P15) / '00_TONG_HOP_BAO_GIA'!G15, 0) | K20: ='00_TONG_HOP_BAO_GIA'!Q15 | L20: =('00_TONG_HOP_BAO_GIA'!K15 + '00_TONG_HOP_BAO_GIA'!M15) * (1 + '00_TONG_HOP_BAO_GIA'!P15) | M20: ='00_TONG_HOP_BAO_GIA'!L15 * (1 + '00_TONG_HOP_BAO_GIA'!P15) | N20: ='00_TONG_HOP_BAO_GIA'!R15 | O20: =IF(K20=0, "CẢNH BÁO: Đơn giá = 0. Tra cứu lại Sheet 06!", '00_TONG_HOP_BAO_GIA'!S15)
B21: Canvas loại chống cháy cho quạt TAHK | C21: D1000, L=200mm | F21: CANVAS | G21: cái | H21: 15 | I21: =IF('00_TONG_HOP_BAO_GIA'!G16>0, ('00_TONG_HOP_BAO_GIA'!K16 + '00_TONG_HOP_BAO_GIA'!M16) * (1 + '00_TONG_HOP_BAO_GIA'!P16) / '00_TONG_HOP_BAO_GIA'!G16, 0) | J21: =IF('00_TONG_HOP_BAO_GIA'!G16>0, '00_TONG_HOP_BAO_GIA'!L16 * (1 + '00_TONG_HOP_BAO_GIA'!P16) / '00_TONG_HOP_BAO_GIA'!G16, 0) | K21: ='00_TONG_HOP_BAO_GIA'!Q16 | L21: =('00_TONG_HOP_BAO_GIA'!K16 + '00_TONG_HOP_BAO_GIA'!M16) * (1 + '00_TONG_HOP_BAO_GIA'!P16) | M21: ='00_TONG_HOP_BAO_GIA'!L16 * (1 + '00_TONG_HOP_BAO_GIA'!P16) | N21: ='00_TONG_HOP_BAO_GIA'!R16 | O21: =IF(K21=0, "CẢNH BÁO: Đơn giá = 0. Tra cứu lại Sheet 06!", '00_TONG_HOP_BAO_GIA'!S16)
B22: Canvas loại chống cháy cho quạt TAHK | C22: D900, L=200mm | F22: CANVAS | G22: cái | H22: 40 | I22: =IF('00_TONG_HOP_BAO_GIA'!G17>0, ('00_TONG_HOP_BAO_GIA'!K17 + '00_TONG_HOP_BAO_GIA'!M17) * (1 + '00_TONG_HOP_BAO_GIA'!P17) / '00_TONG_HOP_BAO_GIA'!G17, 0) | J22: =IF('00_TONG_HOP_BAO_GIA'!G17>0, '00_TONG_HOP_BAO_GIA'!L17 * (1 + '00_TONG_HOP_BAO_GIA'!P17) / '00_TONG_HOP_BAO_GIA'!G17, 0) | K22: ='00_TONG_HOP_BAO_GIA'!Q17 | L22: =('00_TONG_HOP_BAO_GIA'!K17 + '00_TONG_HOP_BAO_GIA'!M17) * (1 + '00_TONG_HOP_BAO_GIA'!P17) | M22: ='00_TONG_HOP_BAO_GIA'!L17 * (1 + '00_TONG_HOP_BAO_GIA'!P17) | N22: ='00_TONG_HOP_BAO_GIA'!R17 | O22: =IF(K22=0, "CẢNH BÁO: Đơn giá = 0. Tra cứu lại Sheet 06!", '00_TONG_HOP_BAO_GIA'!S17)
B23: Canvas loại chống cháy cho quạt TAHK | C23: D800, L=200mm | F23: CANVAS | G23: cái | H23: 40 | I23: =IF('00_TONG_HOP_BAO_GIA'!G18>0, ('00_TONG_HOP_BAO_GIA'!K18 + '00_TONG_HOP_BAO_GIA'!M18) * (1 + '00_TONG_HOP_BAO_GIA'!P18) / '00_TONG_HOP_BAO_GIA'!G18, 0) | J23: =IF('00_TONG_HOP_BAO_GIA'!G18>0, '00_TONG_HOP_BAO_GIA'!L18 * (1 + '00_TONG_HOP_BAO_GIA'!P18) / '00_TONG_HOP_BAO_GIA'!G18, 0) | K23: ='00_TONG_HOP_BAO_GIA'!Q18 | L23: =('00_TONG_HOP_BAO_GIA'!K18 + '00_TONG_HOP_BAO_GIA'!M18) * (1 + '00_TONG_HOP_BAO_GIA'!P18) | M23: ='00_TONG_HOP_BAO_GIA'!L18 * (1 + '00_TONG_HOP_BAO_GIA'!P18) | N23: ='00_TONG_HOP_BAO_GIA'!R18 | O23: =IF(K23=0, "CẢNH BÁO: Đơn giá = 0. Tra cứu lại Sheet 06!", '00_TONG_HOP_BAO_GIA'!S18)
B24: Canvas loại chống cháy cho quạt TAHK | C24: D710, L=200mm | F24: CANVAS | G24: cái | H24: 16 | I24: =IF('00_TONG_HOP_BAO_GIA'!G19>0, ('00_TONG_HOP_BAO_GIA'!K19 + '00_TONG_HOP_BAO_GIA'!M19) * (1 + '00_TONG_HOP_BAO_GIA'!P19) / '00_TONG_HOP_BAO_GIA'!G19, 0) | J24: =IF('00_TONG_HOP_BAO_GIA'!G19>0, '00_TONG_HOP_BAO_GIA'!L19 * (1 + '00_TONG_HOP_BAO_GIA'!P19) / '00_TONG_HOP_BAO_GIA'!G19, 0) | K24: ='00_TONG_HOP_BAO_GIA'!Q19 | L24: =('00_TONG_HOP_BAO_GIA'!K19 + '00_TONG_HOP_BAO_GIA'!M19) * (1 + '00_TONG_HOP_BAO_GIA'!P19) | M24: ='00_TONG_HOP_BAO_GIA'!L19 * (1 + '00_TONG_HOP_BAO_GIA'!P19) | N24: ='00_TONG_HOP_BAO_GIA'!R19 | O24: =IF(K24=0, "CẢNH BÁO: Đơn giá = 0. Tra cứu lại Sheet 06!", '00_TONG_HOP_BAO_GIA'!S19)
B25: Canvas loại chống cháy cho quạt TAHK | C25: D560, L=200mm | F25: CANVAS | G25: cái | H25: 16 | I25: =IF('00_TONG_HOP_BAO_GIA'!G20>0, ('00_TONG_HOP_BAO_GIA'!K20 + '00_TONG_HOP_BAO_GIA'!M20) * (1 + '00_TONG_HOP_BAO_GIA'!P20) / '00_TONG_HOP_BAO_GIA'!G20, 0) | J25: =IF('00_TONG_HOP_BAO_GIA'!G20>0, '00_TONG_HOP_BAO_GIA'!L20 * (1 + '00_TONG_HOP_BAO_GIA'!P20) / '00_TONG_HOP_BAO_GIA'!G20, 0) | K25: ='00_TONG_HOP_BAO_GIA'!Q20 | L25: =('00_TONG_HOP_BAO_GIA'!K20 + '00_TONG_HOP_BAO_GIA'!M20) * (1 + '00_TONG_HOP_BAO_GIA'!P20) | M25: ='00_TONG_HOP_BAO_GIA'!L20 * (1 + '00_TONG_HOP_BAO_GIA'!P20) | N25: ='00_TONG_HOP_BAO_GIA'!R20 | O25: =IF(K25=0, "CẢNH BÁO: Đơn giá = 0. Tra cứu lại Sheet 06!", '00_TONG_HOP_BAO_GIA'!S20)
B26: Canvas loại thường cho quạt thông gió | C26: D1000, L=200mm | F26: CANVAS | G26: cái | H26: 32 | I26: =IF('00_TONG_HOP_BAO_GIA'!G21>0, ('00_TONG_HOP_BAO_GIA'!K21 + '00_TONG_HOP_BAO_GIA'!M21) * (1 + '00_TONG_HOP_BAO_GIA'!P21) / '00_TONG_HOP_BAO_GIA'!G21, 0) | J26: =IF('00_TONG_HOP_BAO_GIA'!G21>0, '00_TONG_HOP_BAO_GIA'!L21 * (1 + '00_TONG_HOP_BAO_GIA'!P21) / '00_TONG_HOP_BAO_GIA'!G21, 0) | K26: ='00_TONG_HOP_BAO_GIA'!Q21 | L26: =('00_TONG_HOP_BAO_GIA'!K21 + '00_TONG_HOP_BAO_GIA'!M21) * (1 + '00_TONG_HOP_BAO_GIA'!P21) | M26: ='00_TONG_HOP_BAO_GIA'!L21 * (1 + '00_TONG_HOP_BAO_GIA'!P21) | N26: ='00_TONG_HOP_BAO_GIA'!R21 | O26: =IF(K26=0, "CẢNH BÁO: Đơn giá = 0. Tra cứu lại Sheet 06!", '00_TONG_HOP_BAO_GIA'!S21)
B27: Canvas loại thường cho quạt thông gió | C27: D560, L=200mm | F27: CANVAS | G27: cái | H27: 24 | I27: =IF('00_TONG_HOP_BAO_GIA'!G22>0, ('00_TONG_HOP_BAO_GIA'!K22 + '00_TONG_HOP_BAO_GIA'!M22) * (1 + '00_TONG_HOP_BAO_GIA'!P22) / '00_TONG_HOP_BAO_GIA'!G22, 0) | J27: =IF('00_TONG_HOP_BAO_GIA'!G22>0, '00_TONG_HOP_BAO_GIA'!L22 * (1 + '00_TONG_HOP_BAO_GIA'!P22) / '00_TONG_HOP_BAO_GIA'!G22, 0) | K27: ='00_TONG_HOP_BAO_GIA'!Q22 | L27: =('00_TONG_HOP_BAO_GIA'!K22 + '00_TONG_HOP_BAO_GIA'!M22) * (1 + '00_TONG_HOP_BAO_GIA'!P22) | M27: ='00_TONG_HOP_BAO_GIA'!L22 * (1 + '00_TONG_HOP_BAO_GIA'!P22) | N27: ='00_TONG_HOP_BAO_GIA'!R22 | O27: =IF(K27=0, "CẢNH BÁO: Đơn giá = 0. Tra cứu lại Sheet 06!", '00_TONG_HOP_BAO_GIA'!S22)
A28: =SUBTOTAL(3,$G$7:G28) | B28: Tiêu âm quạt | D28: SX tại Việt Nam theo bản vẽ thiết kế | E28: Việt Nam (SX theo bản vẽ thiết kế) | F28: QUẠT | G28: Bộ | H28: 16 | I28: =IF('00_TONG_HOP_BAO_GIA'!G23>0, ('00_TONG_HOP_BAO_GIA'!K23 + '00_TONG_HOP_BAO_GIA'!M23) * (1 + '00_TONG_HOP_BAO_GIA'!P23) / '00_TONG_HOP_BAO_GIA'!G23, 0) | J28: =IF('00_TONG_HOP_BAO_GIA'!G23>0, '00_TONG_HOP_BAO_GIA'!L23 * (1 + '00_TONG_HOP_BAO_GIA'!P23) / '00_TONG_HOP_BAO_GIA'!G23, 0) | K28: ='00_TONG_HOP_BAO_GIA'!Q23 | L28: =('00_TONG_HOP_BAO_GIA'!K23 + '00_TONG_HOP_BAO_GIA'!M23) * (1 + '00_TONG_HOP_BAO_GIA'!P23) | M28: ='00_TONG_HOP_BAO_GIA'!L23 * (1 + '00_TONG_HOP_BAO_GIA'!P23) | N28: ='00_TONG_HOP_BAO_GIA'!R23 | O28: =IF(K28=0, "CẢNH BÁO: Đơn giá = 0. Tra cứu lại Sheet 06!", '00_TONG_HOP_BAO_GIA'!S23)
A29: =SUBTOTAL(3,$G$7:G29) | B29: Van 1 chiều NRD 1250x1250 (EI60) | C29: NRD | D29: NSCA, Evegreen, Swind | E29: Việt Nam / Singapore | G29: Cái | H29: 6 | I29: =IF('00_TONG_HOP_BAO_GIA'!G24>0, ('00_TONG_HOP_BAO_GIA'!K24 + '00_TONG_HOP_BAO_GIA'!M24) * (1 + '00_TONG_HOP_BAO_GIA'!P24) / '00_TONG_HOP_BAO_GIA'!G24, 0) | J29: =IF('00_TONG_HOP_BAO_GIA'!G24>0, '00_TONG_HOP_BAO_GIA'!L24 * (1 + '00_TONG_HOP_BAO_GIA'!P24) / '00_TONG_HOP_BAO_GIA'!G24, 0) | K29: ='00_TONG_HOP_BAO_GIA'!Q24 | L29: =('00_TONG_HOP_BAO_GIA'!K24 + '00_TONG_HOP_BAO_GIA'!M24) * (1 + '00_TONG_HOP_BAO_GIA'!P24) | M29: ='00_TONG_HOP_BAO_GIA'!L24 * (1 + '00_TONG_HOP_BAO_GIA'!P24) | N29: ='00_TONG_HOP_BAO_GIA'!R24 | O29: =IF(K29=0, "CẢNH BÁO: Đơn giá = 0. Tra cứu lại Sheet 06!", '00_TONG_HOP_BAO_GIA'!S24)
A30: =SUBTOTAL(3,$G$7:G30) | B30: Van 1 chiều NRD 1700x600 (EI60) | C30: NRD | D30: NSCA, Evegreen, Swind | E30: Việt Nam / Singapore | G30: Cái | H30: 2 | I30: =IF('00_TONG_HOP_BAO_GIA'!G25>0, ('00_TONG_HOP_BAO_GIA'!K25 + '00_TONG_HOP_BAO_GIA'!M25) * (1 + '00_TONG_HOP_BAO_GIA'!P25) / '00_TONG_HOP_BAO_GIA'!G25, 0) | J30: =IF('00_TONG_HOP_BAO_GIA'!G25>0, '00_TONG_HOP_BAO_GIA'!L25 * (1 + '00_TONG_HOP_BAO_GIA'!P25) / '00_TONG_HOP_BAO_GIA'!G25, 0) | K30: ='00_TONG_HOP_BAO_GIA'!Q25 | L30: =('00_TONG_HOP_BAO_GIA'!K25 + '00_TONG_HOP_BAO_GIA'!M25) * (1 + '00_TONG_HOP_BAO_GIA'!P25) | M30: ='00_TONG_HOP_BAO_GIA'!L25 * (1 + '00_TONG_HOP_BAO_GIA'!P25) | N30: ='00_TONG_HOP_BAO_GIA'!R25 | O30: =IF(K30=0, "CẢNH BÁO: Đơn giá = 0. Tra cứu lại Sheet 06!", '00_TONG_HOP_BAO_GIA'!S25)
A31: =SUBTOTAL(3,$G$7:G31) | B31: Van 1 chiều NRD 1200x350 (EI60) | C31: NRD | D31: NSCA, Evegreen, Swind | E31: Việt Nam / Singapore | G31: Cái | H31: 1 | I31: =IF('00_TONG_HOP_BAO_GIA'!G26>0, ('00_TONG_HOP_BAO_GIA'!K26 + '00_TONG_HOP_BAO_GIA'!M26) * (1 + '00_TONG_HOP_BAO_GIA'!P26) / '00_TONG_HOP_BAO_GIA'!G26, 0) | J31: =IF('00_TONG_HOP_BAO_GIA'!G26>0, '00_TONG_HOP_BAO_GIA'!L26 * (1 + '00_TONG_HOP_BAO_GIA'!P26) / '00_TONG_HOP_BAO_GIA'!G26, 0) | K31: ='00_TONG_HOP_BAO_GIA'!Q26 | L31: =('00_TONG_HOP_BAO_GIA'!K26 + '00_TONG_HOP_BAO_GIA'!M26) * (1 + '00_TONG_HOP_BAO_GIA'!P26) | M31: ='00_TONG_HOP_BAO_GIA'!L26 * (1 + '00_TONG_HOP_BAO_GIA'!P26) | N31: ='00_TONG_HOP_BAO_GIA'!R26 | O31: =IF(K31=0, "CẢNH BÁO: Đơn giá = 0. Tra cứu lại Sheet 06!", '00_TONG_HOP_BAO_GIA'!S26)
A32: =SUBTOTAL(3,$G$7:G32) | B32: Van ngăn cháy MFD 1250x1250 (EI60) | C32: MFD | D32: Van: NSCA, Evegreen, Swind, tđ ĐC: Belimo, Johnson Controls, tđ | E32: Việt Nam / Singapore | G32: Cái | H32: 6 | I32: =IF('00_TONG_HOP_BAO_GIA'!G27>0, ('00_TONG_HOP_BAO_GIA'!K27 + '00_TONG_HOP_BAO_GIA'!M27) * (1 + '00_TONG_HOP_BAO_GIA'!P27) / '00_TONG_HOP_BAO_GIA'!G27, 0) | J32: =IF('00_TONG_HOP_BAO_GIA'!G27>0, '00_TONG_HOP_BAO_GIA'!L27 * (1 + '00_TONG_HOP_BAO_GIA'!P27) / '00_TONG_HOP_BAO_GIA'!G27, 0) | K32: ='00_TONG_HOP_BAO_GIA'!Q27 | L32: =('00_TONG_HOP_BAO_GIA'!K27 + '00_TONG_HOP_BAO_GIA'!M27) * (1 + '00_TONG_HOP_BAO_GIA'!P27) | M32: ='00_TONG_HOP_BAO_GIA'!L27 * (1 + '00_TONG_HOP_BAO_GIA'!P27) | N32: ='00_TONG_HOP_BAO_GIA'!R27 | O32: =IF(K32=0, "CẢNH BÁO: Đơn giá = 0. Tra cứu lại Sheet 06!", '00_TONG_HOP_BAO_GIA'!S27)
A33: =SUBTOTAL(3,$G$7:G33) | B33: Van ngăn cháy MFD 1700x600 (EI60) | C33: MFD | D33: Van: NSCA, Evegreen, Swind, tđ ĐC: Belimo, Johnson Controls, tđ | E33: Việt Nam / Singapore | G33: Cái | H33: 2 | I33: =IF('00_TONG_HOP_BAO_GIA'!G28>0, ('00_TONG_HOP_BAO_GIA'!K28 + '00_TONG_HOP_BAO_GIA'!M28) * (1 + '00_TONG_HOP_BAO_GIA'!P28) / '00_TONG_HOP_BAO_GIA'!G28, 0) | J33: =IF('00_TONG_HOP_BAO_GIA'!G28>0, '00_TONG_HOP_BAO_GIA'!L28 * (1 + '00_TONG_HOP_BAO_GIA'!P28) / '00_TONG_HOP_BAO_GIA'!G28, 0) | K33: ='00_TONG_HOP_BAO_GIA'!Q28 | L33: =('00_TONG_HOP_BAO_GIA'!K28 + '00_TONG_HOP_BAO_GIA'!M28) * (1 + '00_TONG_HOP_BAO_GIA'!P28) | M33: ='00_TONG_HOP_BAO_GIA'!L28 * (1 + '00_TONG_HOP_BAO_GIA'!P28) | N33: ='00_TONG_HOP_BAO_GIA'!R28 | O33: =IF(K33=0, "CẢNH BÁO: Đơn giá = 0. Tra cứu lại Sheet 06!", '00_TONG_HOP_BAO_GIA'!S28)
A34: =SUBTOTAL(3,$G$7:G34) | B34: Van ngăn cháy MFD 1200x350 (EI60) | C34: MFD | D34: Van: NSCA, Evegreen, Swind, tđ ĐC: Belimo, Johnson Controls, tđ | E34: Việt Nam / Singapore | G34: Cái | H34: 1 | I34: =IF('00_TONG_HOP_BAO_GIA'!G29>0, ('00_TONG_HOP_BAO_GIA'!K29 + '00_TONG_HOP_BAO_GIA'!M29) * (1 + '00_TONG_HOP_BAO_GIA'!P29) / '00_TONG_HOP_BAO_GIA'!G29, 0) | J34: =IF('00_TONG_HOP_BAO_GIA'!G29>0, '00_TONG_HOP_BAO_GIA'!L29 * (1 + '00_TONG_HOP_BAO_GIA'!P29) / '00_TONG_HOP_BAO_GIA'!G29, 0) | K34: ='00_TONG_HOP_BAO_GIA'!Q29 | L34: =('00_TONG_HOP_BAO_GIA'!K29 + '00_TONG_HOP_BAO_GIA'!M29) * (1 + '00_TONG_HOP_BAO_GIA'!P29) | M34: ='00_TONG_HOP_BAO_GIA'!L29 * (1 + '00_TONG_HOP_BAO_GIA'!P29) | N34: ='00_TONG_HOP_BAO_GIA'!R29 | O34: =IF(K34=0, "CẢNH BÁO: Đơn giá = 0. Tra cứu lại Sheet 06!", '00_TONG_HOP_BAO_GIA'!S29)
A35: =SUBTOTAL(3,$G$7:G35) | B35: Van ngăn cháy MFD 950x400 (EI30) | C35: MFD | D35: Van: NSCA, Evegreen, Swind, tđ ĐC: Belimo, Johnson Controls, tđ | E35: Việt Nam / Singapore | G35: Cái | H35: 3 | I35: =IF('00_TONG_HOP_BAO_GIA'!G30>0, ('00_TONG_HOP_BAO_GIA'!K30 + '00_TONG_HOP_BAO_GIA'!M30) * (1 + '00_TONG_HOP_BAO_GIA'!P30) / '00_TONG_HOP_BAO_GIA'!G30, 0) | J35: =IF('00_TONG_HOP_BAO_GIA'!G30>0, '00_TONG_HOP_BAO_GIA'!L30 * (1 + '00_TONG_HOP_BAO_GIA'!P30) / '00_TONG_HOP_BAO_GIA'!G30, 0) | K35: ='00_TONG_HOP_BAO_GIA'!Q30 | L35: =('00_TONG_HOP_BAO_GIA'!K30 + '00_TONG_HOP_BAO_GIA'!M30) * (1 + '00_TONG_HOP_BAO_GIA'!P30) | M35: ='00_TONG_HOP_BAO_GIA'!L30 * (1 + '00_TONG_HOP_BAO_GIA'!P30) | N35: ='00_TONG_HOP_BAO_GIA'!R30 | O35: =IF(K35=0, "CẢNH BÁO: Đơn giá = 0. Tra cứu lại Sheet 06!", '00_TONG_HOP_BAO_GIA'!S30)
A36: =SUBTOTAL(3,$G$7:G36) | B36: Van ngăn cháy MFD 950x500 (EI30) | C36: MFD | D36: Van: NSCA, Evegreen, Swind, tđ ĐC: Belimo, Johnson Controls, tđ | E36: Việt Nam / Singapore | G36: Cái | H36: 6 | I36: =IF('00_TONG_HOP_BAO_GIA'!G31>0, ('00_TONG_HOP_BAO_GIA'!K31 + '00_TONG_HOP_BAO_GIA'!M31) * (1 + '00_TONG_HOP_BAO_GIA'!P31) / '00_TONG_HOP_BAO_GIA'!G31, 0) | J36: =IF('00_TONG_HOP_BAO_GIA'!G31>0, '00_TONG_HOP_BAO_GIA'!L31 * (1 + '00_TONG_HOP_BAO_GIA'!P31) / '00_TONG_HOP_BAO_GIA'!G31, 0) | K36: ='00_TONG_HOP_BAO_GIA'!Q31 | L36: =('00_TONG_HOP_BAO_GIA'!K31 + '00_TONG_HOP_BAO_GIA'!M31) * (1 + '00_TONG_HOP_BAO_GIA'!P31) | M36: ='00_TONG_HOP_BAO_GIA'!L31 * (1 + '00_TONG_HOP_BAO_GIA'!P31) | N36: ='00_TONG_HOP_BAO_GIA'!R31 | O36: =IF(K36=0, "CẢNH BÁO: Đơn giá = 0. Tra cứu lại Sheet 06!", '00_TONG_HOP_BAO_GIA'!S31)
A37: =SUBTOTAL(3,$G$7:G37) | B37: Van ngăn cháy MFD 950x200 (EI30) | C37: MFD | D37: Van: NSCA, Evegreen, Swind, tđ ĐC: Belimo, Johnson Controls, tđ | E37: Việt Nam / Singapore | G37: Cái | H37: 9 | I37: =IF('00_TONG_HOP_BAO_GIA'!G32>0, ('00_TONG_HOP_BAO_GIA'!K32 + '00_TONG_HOP_BAO_GIA'!M32) * (1 + '00_TONG_HOP_BAO_GIA'!P32) / '00_TONG_HOP_BAO_GIA'!G32, 0) | J37: =IF('00_TONG_HOP_BAO_GIA'!G32>0, '00_TONG_HOP_BAO_GIA'!L32 * (1 + '00_TONG_HOP_BAO_GIA'!P32) / '00_TONG_HOP_BAO_GIA'!G32, 0) | K37: ='00_TONG_HOP_BAO_GIA'!Q32 | L37: =('00_TONG_HOP_BAO_GIA'!K32 + '00_TONG_HOP_BAO_GIA'!M32) * (1 + '00_TONG_HOP_BAO_GIA'!P32) | M37: ='00_TONG_HOP_BAO_GIA'!L32 * (1 + '00_TONG_HOP_BAO_GIA'!P32) | N37: ='00_TONG_HOP_BAO_GIA'!R32 | O37: =IF(K37=0, "CẢNH BÁO: Đơn giá = 0. Tra cứu lại Sheet 06!", '00_TONG_HOP_BAO_GIA'!S32)
A38: =SUBTOTAL(3,$G$7:G38) | B38: Van ngăn cháy MFD 950x300 (EI30) | C38: MFD | D38: Van: NSCA, Evegreen, Swind, tđ ĐC: Belimo, Johnson Controls, tđ | E38: Việt Nam / Singapore | G38: Cái | H38: 12 | I38: =IF('00_TONG_HOP_BAO_GIA'!G33>0, ('00_TONG_HOP_BAO_GIA'!K33 + '00_TONG_HOP_BAO_GIA'!M33) * (1 + '00_TONG_HOP_BAO_GIA'!P33) / '00_TONG_HOP_BAO_GIA'!G33, 0) | J38: =IF('00_TONG_HOP_BAO_GIA'!G33>0, '00_TONG_HOP_BAO_GIA'!L33 * (1 + '00_TONG_HOP_BAO_GIA'!P33) / '00_TONG_HOP_BAO_GIA'!G33, 0) | K38: ='00_TONG_HOP_BAO_GIA'!Q33 | L38: =('00_TONG_HOP_BAO_GIA'!K33 + '00_TONG_HOP_BAO_GIA'!M33) * (1 + '00_TONG_HOP_BAO_GIA'!P33) | M38: ='00_TONG_HOP_BAO_GIA'!L33 * (1 + '00_TONG_HOP_BAO_GIA'!P33) | N38: ='00_TONG_HOP_BAO_GIA'!R33 | O38: =IF(K38=0, "CẢNH BÁO: Đơn giá = 0. Tra cứu lại Sheet 06!", '00_TONG_HOP_BAO_GIA'!S33)
A39: =SUBTOTAL(3,$G$7:G39) | B39: Van chỉnh lưu lượng VCD 2000x500 (EI60) | C39: VCD | D39: NSCA, Evegreen, Swind | E39: Việt Nam / Singapore | G39: Cái | H39: 1 | I39: =IF('00_TONG_HOP_BAO_GIA'!G34>0, ('00_TONG_HOP_BAO_GIA'!K34 + '00_TONG_HOP_BAO_GIA'!M34) * (1 + '00_TONG_HOP_BAO_GIA'!P34) / '00_TONG_HOP_BAO_GIA'!G34, 0) | J39: =IF('00_TONG_HOP_BAO_GIA'!G34>0, '00_TONG_HOP_BAO_GIA'!L34 * (1 + '00_TONG_HOP_BAO_GIA'!P34) / '00_TONG_HOP_BAO_GIA'!G34, 0) | K39: ='00_TONG_HOP_BAO_GIA'!Q34 | L39: =('00_TONG_HOP_BAO_GIA'!K34 + '00_TONG_HOP_BAO_GIA'!M34) * (1 + '00_TONG_HOP_BAO_GIA'!P34) | M39: ='00_TONG_HOP_BAO_GIA'!L34 * (1 + '00_TONG_HOP_BAO_GIA'!P34) | N39: ='00_TONG_HOP_BAO_GIA'!R34 | O39: =IF(K39=0, "CẢNH BÁO: Đơn giá = 0. Tra cứu lại Sheet 06!", '00_TONG_HOP_BAO_GIA'!S34)
A40: =SUBTOTAL(3,$G$7:G40) | B40: Van chỉnh lưu lượng VCD 1300x400 (EI60) | C40: VCD | D40: NSCA, Evegreen, Swind | E40: Việt Nam / Singapore | G40: Cái | H40: 2 | I40: =IF('00_TONG_HOP_BAO_GIA'!G35>0, ('00_TONG_HOP_BAO_GIA'!K35 + '00_TONG_HOP_BAO_GIA'!M35) * (1 + '00_TONG_HOP_BAO_GIA'!P35) / '00_TONG_HOP_BAO_GIA'!G35, 0) | J40: =IF('00_TONG_HOP_BAO_GIA'!G35>0, '00_TONG_HOP_BAO_GIA'!L35 * (1 + '00_TONG_HOP_BAO_GIA'!P35) / '00_TONG_HOP_BAO_GIA'!G35, 0) | K40: ='00_TONG_HOP_BAO_GIA'!Q35 | L40: =('00_TONG_HOP_BAO_GIA'!K35 + '00_TONG_HOP_BAO_GIA'!M35) * (1 + '00_TONG_HOP_BAO_GIA'!P35) | M40: ='00_TONG_HOP_BAO_GIA'!L35 * (1 + '00_TONG_HOP_BAO_GIA'!P35) | N40: ='00_TONG_HOP_BAO_GIA'!R35 | O40: =IF(K40=0, "CẢNH BÁO: Đơn giá = 0. Tra cứu lại Sheet 06!", '00_TONG_HOP_BAO_GIA'!S35)
... A52: =SUBTOTAL(3,$G$7:G52) | B52: Louver EAL 2750x750+IS | C52: EAL | D52: NSCA, Evegreen, Swind | E52: Việt Nam (SX theo bản vẽ thiết kế) | G52: Cái | H52: 2 | I52: =IF('00_TONG_HOP_BAO_GIA'!G47>0, ('00_TONG_HOP_BAO_GIA'!K47 + '00_TONG_HOP_BAO_GIA'!M47) * (1 + '00_TONG_HOP_BAO_GIA'!P47) / '00_TONG_HOP_BAO_GIA'!G47, 0) | J52: =IF('00_TONG_HOP_BAO_GIA'!G47>0, '00_TONG_HOP_BAO_GIA'!L47 * (1 + '00_TONG_HOP_BAO_GIA'!P47) / '00_TONG_HOP_BAO_GIA'!G47, 0) | K52: ='00_TONG_HOP_BAO_GIA'!Q47 | L52: =('00_TONG_HOP_BAO_GIA'!K47 + '00_TONG_HOP_BAO_GIA'!M47) * (1 + '00_TONG_HOP_BAO_GIA'!P47) | M52: ='00_TONG_HOP_BAO_GIA'!L47 * (1 + '00_TONG_HOP_BAO_GIA'!P47) | N52: ='00_TONG_HOP_BAO_GIA'!R47 | O52: =IF(K52=0, "CẢNH BÁO: Đơn giá = 0. Tra cứu lại Sheet 06!", '00_TONG_HOP_BAO_GIA'!S47)
B53: Box miệng gió 600x300 | D53: NSCA, Evegreen, Swind | E53: Việt Nam (SX theo bản vẽ thiết kế) | G53: Cái | H53: 112 | I53: =IF('00_TONG_HOP_BAO_GIA'!G48>0, ('00_TONG_HOP_BAO_GIA'!K48 + '00_TONG_HOP_BAO_GIA'!M48) * (1 + '00_TONG_HOP_BAO_GIA'!P48) / '00_TONG_HOP_BAO_GIA'!G48, 0) | J53: =IF('00_TONG_HOP_BAO_GIA'!G48>0, '00_TONG_HOP_BAO_GIA'!L48 * (1 + '00_TONG_HOP_BAO_GIA'!P48) / '00_TONG_HOP_BAO_GIA'!G48, 0) | K53: ='00_TONG_HOP_BAO_GIA'!Q48 | L53: =('00_TONG_HOP_BAO_GIA'!K48 + '00_TONG_HOP_BAO_GIA'!M48) * (1 + '00_TONG_HOP_BAO_GIA'!P48) | M53: ='00_TONG_HOP_BAO_GIA'!L48 * (1 + '00_TONG_HOP_BAO_GIA'!P48) | N53: ='00_TONG_HOP_BAO_GIA'!R48 | O53: =IF(K53=0, "CẢNH BÁO: Đơn giá = 0. Tra cứu lại Sheet 06!", '00_TONG_HOP_BAO_GIA'!S48)
B54: Box miệng gió 1200x600 | D54: NSCA, Evegreen, Swind | E54: Việt Nam (SX theo bản vẽ thiết kế) | G54: Cái | H54: 2 | I54: =IF('00_TONG_HOP_BAO_GIA'!G49>0, ('00_TONG_HOP_BAO_GIA'!K49 + '00_TONG_HOP_BAO_GIA'!M49) * (1 + '00_TONG_HOP_BAO_GIA'!P49) / '00_TONG_HOP_BAO_GIA'!G49, 0) | J54: =IF('00_TONG_HOP_BAO_GIA'!G49>0, '00_TONG_HOP_BAO_GIA'!L49 * (1 + '00_TONG_HOP_BAO_GIA'!P49) / '00_TONG_HOP_BAO_GIA'!G49, 0) | K54: ='00_TONG_HOP_BAO_GIA'!Q49 | L54: =('00_TONG_HOP_BAO_GIA'!K49 + '00_TONG_HOP_BAO_GIA'!M49) * (1 + '00_TONG_HOP_BAO_GIA'!P49) | M54: ='00_TONG_HOP_BAO_GIA'!L49 * (1 + '00_TONG_HOP_BAO_GIA'!P49) | N54: ='00_TONG_HOP_BAO_GIA'!R49 | O54: =IF(K54=0, "CẢNH BÁO: Đơn giá = 0. Tra cứu lại Sheet 06!", '00_TONG_HOP_BAO_GIA'!S49)
B55: Box miệng gió 10006300 | D55: NSCA, Evegreen, Swind | E55: Việt Nam (SX theo bản vẽ thiết kế) | G55: Cái | H55: 52 | I55: =IF('00_TONG_HOP_BAO_GIA'!G50>0, ('00_TONG_HOP_BAO_GIA'!K50 + '00_TONG_HOP_BAO_GIA'!M50) * (1 + '00_TONG_HOP_BAO_GIA'!P50) / '00_TONG_HOP_BAO_GIA'!G50, 0) | J55: =IF('00_TONG_HOP_BAO_GIA'!G50>0, '00_TONG_HOP_BAO_GIA'!L50 * (1 + '00_TONG_HOP_BAO_GIA'!P50) / '00_TONG_HOP_BAO_GIA'!G50, 0) | K55: ='00_TONG_HOP_BAO_GIA'!Q50 | L55: =('00_TONG_HOP_BAO_GIA'!K50 + '00_TONG_HOP_BAO_GIA'!M50) * (1 + '00_TONG_HOP_BAO_GIA'!P50) | M55: ='00_TONG_HOP_BAO_GIA'!L50 * (1 + '00_TONG_HOP_BAO_GIA'!P50) | N55: ='00_TONG_HOP_BAO_GIA'!R50 | O55: =IF(K55=0, "CẢNH BÁO: Đơn giá = 0. Tra cứu lại Sheet 06!", '00_TONG_HOP_BAO_GIA'!S50)
A56: =SUBTOTAL(3,$G$7:G56) | B56: Vật tư phụ, phụ kiện | F56: VTP | G56: Lô | H56: 1 | I56: =IF('00_TONG_HOP_BAO_GIA'!G51>0, ('00_TONG_HOP_BAO_GIA'!K51 + '00_TONG_HOP_BAO_GIA'!M51) * (1 + '00_TONG_HOP_BAO_GIA'!P51) / '00_TONG_HOP_BAO_GIA'!G51, 0) | J56: =IF('00_TONG_HOP_BAO_GIA'!G51>0, '00_TONG_HOP_BAO_GIA'!L51 * (1 + '00_TONG_HOP_BAO_GIA'!P51) / '00_TONG_HOP_BAO_GIA'!G51, 0) | K56: ='00_TONG_HOP_BAO_GIA'!Q51 | L56: =('00_TONG_HOP_BAO_GIA'!K51 + '00_TONG_HOP_BAO_GIA'!M51) * (1 + '00_TONG_HOP_BAO_GIA'!P51) | M56: ='00_TONG_HOP_BAO_GIA'!L51 * (1 + '00_TONG_HOP_BAO_GIA'!P51) | N56: ='00_TONG_HOP_BAO_GIA'!R51 | O56: =IF(K56=0, "CẢNH BÁO: Đơn giá = 0. Tra cứu lại Sheet 06!", '00_TONG_HOP_BAO_GIA'!S51)
B57: Ống thông gió và phụ kiện, box miệng gió | F57: M
A58: =SUBTOTAL(3,$G$7:G58) | B58: Tole 0.75mm phủ lớp mạ kẽm Z180 | C58: Diện tích tính theo kích thước hình học (Hoàn thiện) | D58: Hoa Sen, Phương Nam | E58: Hoa Sen / Phương Nam / Nam Kim / tđ | G58: m2 | H58: 2633.4 | I58: =IF('00_TONG_HOP_BAO_GIA'!G52>0, ('00_TONG_HOP_BAO_GIA'!K52 + '00_TONG_HOP_BAO_GIA'!M52) * (1 + '00_TONG_HOP_BAO_GIA'!P52) / '00_TONG_HOP_BAO_GIA'!G52, 0) | J58: =IF('00_TONG_HOP_BAO_GIA'!G52>0, '00_TONG_HOP_BAO_GIA'!L52 * (1 + '00_TONG_HOP_BAO_GIA'!P52) / '00_TONG_HOP_BAO_GIA'!G52, 0) | K58: ='00_TONG_HOP_BAO_GIA'!Q52 | L58: =('00_TONG_HOP_BAO_GIA'!K52 + '00_TONG_HOP_BAO_GIA'!M52) * (1 + '00_TONG_HOP_BAO_GIA'!P52) | M58: ='00_TONG_HOP_BAO_GIA'!L52 * (1 + '00_TONG_HOP_BAO_GIA'!P52) | N58: ='00_TONG_HOP_BAO_GIA'!R52 | O58: =IF(K58=0, "CẢNH BÁO: Đơn giá = 0. Tra cứu lại Sheet 06!", '00_TONG_HOP_BAO_GIA'!S52)
A59: =SUBTOTAL(3,$G$7:G59) | B59: Tole 0.95mm phủ lớp mạ kẽm Z180 | C59: Diện tích tính theo kích thước hình học (Hoàn thiện) | D59: Hoa Sen, Phương Nam | E59: Hoa Sen / Phương Nam / Nam Kim / tđ | G59: m2 | H59: 1291.1 | I59: =IF('00_TONG_HOP_BAO_GIA'!G53>0, ('00_TONG_HOP_BAO_GIA'!K53 + '00_TONG_HOP_BAO_GIA'!M53) * (1 + '00_TONG_HOP_BAO_GIA'!P53) / '00_TONG_HOP_BAO_GIA'!G53, 0) | J59: =IF('00_TONG_HOP_BAO_GIA'!G53>0, '00_TONG_HOP_BAO_GIA'!L53 * (1 + '00_TONG_HOP_BAO_GIA'!P53) / '00_TONG_HOP_BAO_GIA'!G53, 0) | K59: ='00_TONG_HOP_BAO_GIA'!Q53 | L59: =('00_TONG_HOP_BAO_GIA'!K53 + '00_TONG_HOP_BAO_GIA'!M53) * (1 + '00_TONG_HOP_BAO_GIA'!P53) | M59: ='00_TONG_HOP_BAO_GIA'!L53 * (1 + '00_TONG_HOP_BAO_GIA'!P53) | N59: ='00_TONG_HOP_BAO_GIA'!R53 | O59: =IF(K59=0, "CẢNH BÁO: Đơn giá = 0. Tra cứu lại Sheet 06!", '00_TONG_HOP_BAO_GIA'!S53)
A60: =SUBTOTAL(3,$G$7:G60) | B60: Tole 1.15mm phủ lớp mạ kẽm Z180 | C60: Diện tích tính theo kích thước hình học (Hoàn thiện) | D60: Hoa Sen, Phương Nam | E60: Hoa Sen / Phương Nam / Nam Kim / tđ | G60: m2 | H60: 3070.55 | I60: =IF('00_TONG_HOP_BAO_GIA'!G54>0, ('00_TONG_HOP_BAO_GIA'!K54 + '00_TONG_HOP_BAO_GIA'!M54) * (1 + '00_TONG_HOP_BAO_GIA'!P54) / '00_TONG_HOP_BAO_GIA'!G54, 0) | J60: =IF('00_TONG_HOP_BAO_GIA'!G54>0, '00_TONG_HOP_BAO_GIA'!L54 * (1 + '00_TONG_HOP_BAO_GIA'!P54) / '00_TONG_HOP_BAO_GIA'!G54, 0) | K60: ='00_TONG_HOP_BAO_GIA'!Q54 | L60: =('00_TONG_HOP_BAO_GIA'!K54 + '00_TONG_HOP_BAO_GIA'!M54) * (1 + '00_TONG_HOP_BAO_GIA'!P54) | M60: ='00_TONG_HOP_BAO_GIA'!L54 * (1 + '00_TONG_HOP_BAO_GIA'!P54) | N60: ='00_TONG_HOP_BAO_GIA'!R54 | O60: =IF(K60=0, "CẢNH BÁO: Đơn giá = 0. Tra cứu lại Sheet 06!", '00_TONG_HOP_BAO_GIA'!S54)
A61: =SUBTOTAL(3,$G$7:G61) | B61: Tole ZAM 1.15mm | C61: Diện tích tính theo kích thước hình học (Hoàn thiện) | D61: Hoa Sen, Phương Nam | E61: Hoa Sen / Phương Nam / Nam Kim / tđ | G61: m2 | H61: 138 | I61: =IF('00_TONG_HOP_BAO_GIA'!G55>0, ('00_TONG_HOP_BAO_GIA'!K55 + '00_TONG_HOP_BAO_GIA'!M55) * (1 + '00_TONG_HOP_BAO_GIA'!P55) / '00_TONG_HOP_BAO_GIA'!G55, 0) | J61: =IF('00_TONG_HOP_BAO_GIA'!G55>0, '00_TONG_HOP_BAO_GIA'!L55 * (1 + '00_TONG_HOP_BAO_GIA'!P55) / '00_TONG_HOP_BAO_GIA'!G55, 0) | K61: ='00_TONG_HOP_BAO_GIA'!Q55 | L61: =('00_TONG_HOP_BAO_GIA'!K55 + '00_TONG_HOP_BAO_GIA'!M55) * (1 + '00_TONG_HOP_BAO_GIA'!P55) | M61: ='00_TONG_HOP_BAO_GIA'!L55 * (1 + '00_TONG_HOP_BAO_GIA'!P55) | N61: ='00_TONG_HOP_BAO_GIA'!R55 | O61: =IF(K61=0, "CẢNH BÁO: Đơn giá = 0. Tra cứu lại Sheet 06!", '00_TONG_HOP_BAO_GIA'!S55)
A62: =SUBTOTAL(3,$G$7:G62) | B62: Lưới bảo vệ | G62: cái | H62: 3 | I62: =IF('00_TONG_HOP_BAO_GIA'!G56>0, ('00_TONG_HOP_BAO_GIA'!K56 + '00_TONG_HOP_BAO_GIA'!M56) * (1 + '00_TONG_HOP_BAO_GIA'!P56) / '00_TONG_HOP_BAO_GIA'!G56, 0) | J62: =IF('00_TONG_HOP_BAO_GIA'!G56>0, '00_TONG_HOP_BAO_GIA'!L56 * (1 + '00_TONG_HOP_BAO_GIA'!P56) / '00_TONG_HOP_BAO_GIA'!G56, 0) | K62: ='00_TONG_HOP_BAO_GIA'!Q56 | L62: =('00_TONG_HOP_BAO_GIA'!K56 + '00_TONG_HOP_BAO_GIA'!M56) * (1 + '00_TONG_HOP_BAO_GIA'!P56) | M62: ='00_TONG_HOP_BAO_GIA'!L56 * (1 + '00_TONG_HOP_BAO_GIA'!P56) | N62: ='00_TONG_HOP_BAO_GIA'!R56 | O62: =IF(K62=0, "CẢNH BÁO: Đơn giá = 0. Tra cứu lại Sheet 06!", '00_TONG_HOP_BAO_GIA'!S56)
A63: =SUBTOTAL(3,$G$7:G63) | B63: Lớp chống cháy EI30 | C63: Diện tích tính theo kích thước hình học (Hoàn thiện) | D63: 3M, Flamebar, Kova | E63: 3M / Flamebar / Hilti / tđ | G63: m2 | H63: 3621.25 | I63: =IF('00_TONG_HOP_BAO_GIA'!G57>0, ('00_TONG_HOP_BAO_GIA'!K57 + '00_TONG_HOP_BAO_GIA'!M57) * (1 + '00_TONG_HOP_BAO_GIA'!P57) / '00_TONG_HOP_BAO_GIA'!G57, 0) | J63: =IF('00_TONG_HOP_BAO_GIA'!G57>0, '00_TONG_HOP_BAO_GIA'!L57 * (1 + '00_TONG_HOP_BAO_GIA'!P57) / '00_TONG_HOP_BAO_GIA'!G57, 0) | K63: ='00_TONG_HOP_BAO_GIA'!Q57 | L63: =('00_TONG_HOP_BAO_GIA'!K57 + '00_TONG_HOP_BAO_GIA'!M57) * (1 + '00_TONG_HOP_BAO_GIA'!P57) | M63: ='00_TONG_HOP_BAO_GIA'!L57 * (1 + '00_TONG_HOP_BAO_GIA'!P57) | N63: ='00_TONG_HOP_BAO_GIA'!R57 | O63: =IF(K63=0, "CẢNH BÁO: Đơn giá = 0. Tra cứu lại Sheet 06!", '00_TONG_HOP_BAO_GIA'!S57)
A64: =SUBTOTAL(3,$G$7:G64) | B64: Lớp chống cháy EI60 | C64: Diện tích tính theo kích thước hình học (Hoàn thiện) | D64: 3M, Flamebar, Kova | E64: 3M / Flamebar / Hilti / tđ | G64: m2 | H64: 2821 | I64: =IF('00_TONG_HOP_BAO_GIA'!G58>0, ('00_TONG_HOP_BAO_GIA'!K58 + '00_TONG_HOP_BAO_GIA'!M58) * (1 + '00_TONG_HOP_BAO_GIA'!P58) / '00_TONG_HOP_BAO_GIA'!G58, 0) | J64: =IF('00_TONG_HOP_BAO_GIA'!G58>0, '00_TONG_HOP_BAO_GIA'!L58 * (1 + '00_TONG_HOP_BAO_GIA'!P58) / '00_TONG_HOP_BAO_GIA'!G58, 0) | K64: ='00_TONG_HOP_BAO_GIA'!Q58 | L64: =('00_TONG_HOP_BAO_GIA'!K58 + '00_TONG_HOP_BAO_GIA'!M58) * (1 + '00_TONG_HOP_BAO_GIA'!P58) | M64: ='00_TONG_HOP_BAO_GIA'!L58 * (1 + '00_TONG_HOP_BAO_GIA'!P58) | N64: ='00_TONG_HOP_BAO_GIA'!R58 | O64: =IF(K64=0, "CẢNH BÁO: Đơn giá = 0. Tra cứu lại Sheet 06!", '00_TONG_HOP_BAO_GIA'!S58)
A65: =SUBTOTAL(3,$G$7:G65) | B65: Vật tư phụ, phụ kiện | G65: Lô | H65: 1 | I65: =IF('00_TONG_HOP_BAO_GIA'!G59>0, ('00_TONG_HOP_BAO_GIA'!K59 + '00_TONG_HOP_BAO_GIA'!M59) * (1 + '00_TONG_HOP_BAO_GIA'!P59) / '00_TONG_HOP_BAO_GIA'!G59, 0) | J65: =IF('00_TONG_HOP_BAO_GIA'!G59>0, '00_TONG_HOP_BAO_GIA'!L59 * (1 + '00_TONG_HOP_BAO_GIA'!P59) / '00_TONG_HOP_BAO_GIA'!G59, 0) | K65: ='00_TONG_HOP_BAO_GIA'!Q59 | L65: =('00_TONG_HOP_BAO_GIA'!K59 + '00_TONG_HOP_BAO_GIA'!M59) * (1 + '00_TONG_HOP_BAO_GIA'!P59) | M65: ='00_TONG_HOP_BAO_GIA'!L59 * (1 + '00_TONG_HOP_BAO_GIA'!P59) | N65: ='00_TONG_HOP_BAO_GIA'!R59 | O65: =IF(K65=0, "CẢNH BÁO: Đơn giá = 0. Tra cứu lại Sheet 06!", '00_TONG_HOP_BAO_GIA'!S59)
A66: A2 | B66: HỆ THỐNG TẠO ÁP | F66: M
A67: =SUBTOTAL(3,$G$7:G67) | B67: Quạt hướng trục BPF-B2-Z2-01 400 l/s @ 650 Pa, chống cháy 300°C trong 2h | C67: BPF | D67: Fantech (ELTA Fans), Systemair, Wolter, Kruger | F67: QUẠT | G67: Cái | H67: 1 | I67: =IF('00_TONG_HOP_BAO_GIA'!G60>0, ('00_TONG_HOP_BAO_GIA'!K60 + '00_TONG_HOP_BAO_GIA'!M60) * (1 + '00_TONG_HOP_BAO_GIA'!P60) / '00_TONG_HOP_BAO_GIA'!G60, 0) | J67: =IF('00_TONG_HOP_BAO_GIA'!G60>0, '00_TONG_HOP_BAO_GIA'!L60 * (1 + '00_TONG_HOP_BAO_GIA'!P60) / '00_TONG_HOP_BAO_GIA'!G60, 0) | K67: ='00_TONG_HOP_BAO_GIA'!Q60 | L67: =('00_TONG_HOP_BAO_GIA'!K60 + '00_TONG_HOP_BAO_GIA'!M60) * (1 + '00_TONG_HOP_BAO_GIA'!P60) | M67: ='00_TONG_HOP_BAO_GIA'!L60 * (1 + '00_TONG_HOP_BAO_GIA'!P60) | N67: ='00_TONG_HOP_BAO_GIA'!R60 | O67: =IF(K67=0, "CẢNH BÁO: Đơn giá = 0. Tra cứu lại Sheet 06!", '00_TONG_HOP_BAO_GIA'!S60)
A68: =SUBTOTAL(3,$G$7:G68) | B68: Quạt hướng trục BPF-B2-Z2-02 1200 l/s @ 550 Pa, chống cháy 300°C trong 2h | C68: BPF | D68: Fantech (ELTA Fans), Systemair, Wolter, Kruger | F68: QUẠT | G68: Cái | H68: 1 | I68: =IF('00_TONG_HOP_BAO_GIA'!G61>0, ('00_TONG_HOP_BAO_GIA'!K61 + '00_TONG_HOP_BAO_GIA'!M61) * (1 + '00_TONG_HOP_BAO_GIA'!P61) / '00_TONG_HOP_BAO_GIA'!G61, 0) | J68: =IF('00_TONG_HOP_BAO_GIA'!G61>0, '00_TONG_HOP_BAO_GIA'!L61 * (1 + '00_TONG_HOP_BAO_GIA'!P61) / '00_TONG_HOP_BAO_GIA'!G61, 0) | K68: ='00_TONG_HOP_BAO_GIA'!Q61 | L68: =('00_TONG_HOP_BAO_GIA'!K61 + '00_TONG_HOP_BAO_GIA'!M61) * (1 + '00_TONG_HOP_BAO_GIA'!P61) | M68: ='00_TONG_HOP_BAO_GIA'!L61 * (1 + '00_TONG_HOP_BAO_GIA'!P61) | N68: ='00_TONG_HOP_BAO_GIA'!R61 | O68: =IF(K68=0, "CẢNH BÁO: Đơn giá = 0. Tra cứu lại Sheet 06!", '00_TONG_HOP_BAO_GIA'!S61)
A69: =SUBTOTAL(3,$G$7:G69) | B69: Quạt hướng trục BPF-B2-Z2-03 4200 l/s @ 400 Pa, chống cháy 300°C trong 2h | C69: BPF | D69: Fantech (ELTA Fans), Systemair, Wolter, Kruger | F69: QUẠT | G69: Cái | H69: 1 | I69: =IF('00_TONG_HOP_BAO_GIA'!G62>0, ('00_TONG_HOP_BAO_GIA'!K62 + '00_TONG_HOP_BAO_GIA'!M62) * (1 + '00_TONG_HOP_BAO_GIA'!P62) / '00_TONG_HOP_BAO_GIA'!G62, 0) | J69: =IF('00_TONG_HOP_BAO_GIA'!G62>0, '00_TONG_HOP_BAO_GIA'!L62 * (1 + '00_TONG_HOP_BAO_GIA'!P62) / '00_TONG_HOP_BAO_GIA'!G62, 0) | K69: ='00_TONG_HOP_BAO_GIA'!Q62 | L69: =('00_TONG_HOP_BAO_GIA'!K62 + '00_TONG_HOP_BAO_GIA'!M62) * (1 + '00_TONG_HOP_BAO_GIA'!P62) | M69: ='00_TONG_HOP_BAO_GIA'!L62 * (1 + '00_TONG_HOP_BAO_GIA'!P62) | N69: ='00_TONG_HOP_BAO_GIA'!R62 | O69: =IF(K69=0, "CẢNH BÁO: Đơn giá = 0. Tra cứu lại Sheet 06!", '00_TONG_HOP_BAO_GIA'!S62)
A70: =SUBTOTAL(3,$G$7:G70) | B70: Quạt hướng trục BPF-B2-Z2-04 4200 l/s @ 400 Pa, chống cháy 300°C trong 2h | C70: BPF | D70: Fantech (ELTA Fans), Systemair, Wolter, Kruger | F70: QUẠT | G70: Cái | H70: 1 | I70: =IF('00_TONG_HOP_BAO_GIA'!G63>0, ('00_TONG_HOP_BAO_GIA'!K63 + '00_TONG_HOP_BAO_GIA'!M63) * (1 + '00_TONG_HOP_BAO_GIA'!P63) / '00_TONG_HOP_BAO_GIA'!G63, 0) | J70: =IF('00_TONG_HOP_BAO_GIA'!G63>0, '00_TONG_HOP_BAO_GIA'!L63 * (1 + '00_TONG_HOP_BAO_GIA'!P63) / '00_TONG_HOP_BAO_GIA'!G63, 0) | K70: ='00_TONG_HOP_BAO_GIA'!Q63 | L70: =('00_TONG_HOP_BAO_GIA'!K63 + '00_TONG_HOP_BAO_GIA'!M63) * (1 + '00_TONG_HOP_BAO_GIA'!P63) | M70: ='00_TONG_HOP_BAO_GIA'!L63 * (1 + '00_TONG_HOP_BAO_GIA'!P63) | N70: ='00_TONG_HOP_BAO_GIA'!R63 | O70: =IF(K70=0, "CẢNH BÁO: Đơn giá = 0. Tra cứu lại Sheet 06!", '00_TONG_HOP_BAO_GIA'!S63)
A71: =SUBTOTAL(3,$G$7:G71) | B71: Quạt hướng trục BPF-B1-Z1-01 5400 l/s @ 700 Pa, chống cháy 300°C trong 2h | C71: BPF | D71: Fantech (ELTA Fans), Systemair, Wolter, Kruger | F71: QUẠT | G71: Cái | H71: 1 | I71: =IF('00_TONG_HOP_BAO_GIA'!G64>0, ('00_TONG_HOP_BAO_GIA'!K64 + '00_TONG_HOP_BAO_GIA'!M64) * (1 + '00_TONG_HOP_BAO_GIA'!P64) / '00_TONG_HOP_BAO_GIA'!G64, 0) | J71: =IF('00_TONG_HOP_BAO_GIA'!G64>0, '00_TONG_HOP_BAO_GIA'!L64 * (1 + '00_TONG_HOP_BAO_GIA'!P64) / '00_TONG_HOP_BAO_GIA'!G64, 0) | K71: ='00_TONG_HOP_BAO_GIA'!Q64 | L71: =('00_TONG_HOP_BAO_GIA'!K64 + '00_TONG_HOP_BAO_GIA'!M64) * (1 + '00_TONG_HOP_BAO_GIA'!P64) | M71: ='00_TONG_HOP_BAO_GIA'!L64 * (1 + '00_TONG_HOP_BAO_GIA'!P64) | N71: ='00_TONG_HOP_BAO_GIA'!R64 | O71: =IF(K71=0, "CẢNH BÁO: Đơn giá = 0. Tra cứu lại Sheet 06!", '00_TONG_HOP_BAO_GIA'!S64)
A72: =SUBTOTAL(3,$G$7:G72) | B72: Quạt hướng trục BPF-B1-Z1-02 5800 l/s @ 700 Pa, chống cháy 300°C trong 2h | C72: BPF | D72: Fantech (ELTA Fans), Systemair, Wolter, Kruger | F72: QUẠT | G72: Cái | H72: 1 | I72: =IF('00_TONG_HOP_BAO_GIA'!G65>0, ('00_TONG_HOP_BAO_GIA'!K65 + '00_TONG_HOP_BAO_GIA'!M65) * (1 + '00_TONG_HOP_BAO_GIA'!P65) / '00_TONG_HOP_BAO_GIA'!G65, 0) | J72: =IF('00_TONG_HOP_BAO_GIA'!G65>0, '00_TONG_HOP_BAO_GIA'!L65 * (1 + '00_TONG_HOP_BAO_GIA'!P65) / '00_TONG_HOP_BAO_GIA'!G65, 0) | K72: ='00_TONG_HOP_BAO_GIA'!Q65 | L72: =('00_TONG_HOP_BAO_GIA'!K65 + '00_TONG_HOP_BAO_GIA'!M65) * (1 + '00_TONG_HOP_BAO_GIA'!P65) | M72: ='00_TONG_HOP_BAO_GIA'!L65 * (1 + '00_TONG_HOP_BAO_GIA'!P65) | N72: ='00_TONG_HOP_BAO_GIA'!R65 | O72: =IF(K72=0, "CẢNH BÁO: Đơn giá = 0. Tra cứu lại Sheet 06!", '00_TONG_HOP_BAO_GIA'!S65)
A73: =SUBTOTAL(3,$G$7:G73) | B73: Quạt hướng trục BPF-B1-Z1-03 400 l/s @ 550 Pa, chống cháy 300°C trong 2h | C73: BPF | D73: Fantech (ELTA Fans), Systemair, Wolter, Kruger | F73: QUẠT | G73: Cái | H73: 1 | I73: =IF('00_TONG_HOP_BAO_GIA'!G66>0, ('00_TONG_HOP_BAO_GIA'!K66 + '00_TONG_HOP_BAO_GIA'!M66) * (1 + '00_TONG_HOP_BAO_GIA'!P66) / '00_TONG_HOP_BAO_GIA'!G66, 0) | J73: =IF('00_TONG_HOP_BAO_GIA'!G66>0, '00_TONG_HOP_BAO_GIA'!L66 * (1 + '00_TONG_HOP_BAO_GIA'!P66) / '00_TONG_HOP_BAO_GIA'!G66, 0) | K73: ='00_TONG_HOP_BAO_GIA'!Q66 | L73: =('00_TONG_HOP_BAO_GIA'!K66 + '00_TONG_HOP_BAO_GIA'!M66) * (1 + '00_TONG_HOP_BAO_GIA'!P66) | M73: ='00_TONG_HOP_BAO_GIA'!L66 * (1 + '00_TONG_HOP_BAO_GIA'!P66) | N73: ='00_TONG_HOP_BAO_GIA'!R66 | O73: =IF(K73=0, "CẢNH BÁO: Đơn giá = 0. Tra cứu lại Sheet 06!", '00_TONG_HOP_BAO_GIA'!S66)
A74: =SUBTOTAL(3,$G$7:G74) | B74: Quạt hướng trục BPF-B1-Z1-04 5400 l/s @ 450 Pa, chống cháy 300°C trong 2h | C74: BPF | D74: Fantech (ELTA Fans), Systemair, Wolter, Kruger | F74: QUẠT | G74: Cái | H74: 1 | I74: =IF('00_TONG_HOP_BAO_GIA'!G67>0, ('00_TONG_HOP_BAO_GIA'!K67 + '00_TONG_HOP_BAO_GIA'!M67) * (1 + '00_TONG_HOP_BAO_GIA'!P67) / '00_TONG_HOP_BAO_GIA'!G67, 0) | J74: =IF('00_TONG_HOP_BAO_GIA'!G67>0, '00_TONG_HOP_BAO_GIA'!L67 * (1 + '00_TONG_HOP_BAO_GIA'!P67) / '00_TONG_HOP_BAO_GIA'!G67, 0) | K74: ='00_TONG_HOP_BAO_GIA'!Q67 | L74: =('00_TONG_HOP_BAO_GIA'!K67 + '00_TONG_HOP_BAO_GIA'!M67) * (1 + '00_TONG_HOP_BAO_GIA'!P67) | M74: ='00_TONG_HOP_BAO_GIA'!L67 * (1 + '00_TONG_HOP_BAO_GIA'!P67) | N74: ='00_TONG_HOP_BAO_GIA'!R67 | O74: =IF(K74=0, "CẢNH BÁO: Đơn giá = 0. Tra cứu lại Sheet 06!", '00_TONG_HOP_BAO_GIA'!S67)
A75: =SUBTOTAL(3,$G$7:G75) | B75: Quạt hướng trục BPF-B1-Z1-05 1100 l/s @ 500 Pa, chống cháy 300°C trong 2h | C75: BPF | D75: Fantech (ELTA Fans), Systemair, Wolter, Kruger | F75: QUẠT | G75: Cái | H75: 1 | I75: =IF('00_TONG_HOP_BAO_GIA'!G68>0, ('00_TONG_HOP_BAO_GIA'!K68 + '00_TONG_HOP_BAO_GIA'!M68) * (1 + '00_TONG_HOP_BAO_GIA'!P68) / '00_TONG_HOP_BAO_GIA'!G68, 0) | J75: =IF('00_TONG_HOP_BAO_GIA'!G68>0, '00_TONG_HOP_BAO_GIA'!L68 * (1 + '00_TONG_HOP_BAO_GIA'!P68) / '00_TONG_HOP_BAO_GIA'!G68, 0) | K75: ='00_TONG_HOP_BAO_GIA'!Q68 | L75: =('00_TONG_HOP_BAO_GIA'!K68 + '00_TONG_HOP_BAO_GIA'!M68) * (1 + '00_TONG_HOP_BAO_GIA'!P68) | M75: ='00_TONG_HOP_BAO_GIA'!L68 * (1 + '00_TONG_HOP_BAO_GIA'!P68) | N75: ='00_TONG_HOP_BAO_GIA'!R68 | O75: =IF(K75=0, "CẢNH BÁO: Đơn giá = 0. Tra cứu lại Sheet 06!", '00_TONG_HOP_BAO_GIA'!S68)
A76: =SUBTOTAL(3,$G$7:G76) | B76: Quạt hướng trục BPF-B1-Z1-06 400 l/s @ 650 Pa, chống cháy 300°C trong 2h | C76: BPF | D76: Fantech (ELTA Fans), Systemair, Wolter, Kruger | F76: QUẠT | G76: Cái | H76: 1 | I76: =IF('00_TONG_HOP_BAO_GIA'!G69>0, ('00_TONG_HOP_BAO_GIA'!K69 + '00_TONG_HOP_BAO_GIA'!M69) * (1 + '00_TONG_HOP_BAO_GIA'!P69) / '00_TONG_HOP_BAO_GIA'!G69, 0) | J76: =IF('00_TONG_HOP_BAO_GIA'!G69>0, '00_TONG_HOP_BAO_GIA'!L69 * (1 + '00_TONG_HOP_BAO_GIA'!P69) / '00_TONG_HOP_BAO_GIA'!G69, 0) | K76: ='00_TONG_HOP_BAO_GIA'!Q69 | L76: =('00_TONG_HOP_BAO_GIA'!K69 + '00_TONG_HOP_BAO_GIA'!M69) * (1 + '00_TONG_HOP_BAO_GIA'!P69) | M76: ='00_TONG_HOP_BAO_GIA'!L69 * (1 + '00_TONG_HOP_BAO_GIA'!P69) | N76: ='00_TONG_HOP_BAO_GIA'!R69 | O76: =IF(K76=0, "CẢNH BÁO: Đơn giá = 0. Tra cứu lại Sheet 06!", '00_TONG_HOP_BAO_GIA'!S69)
A77: =SUBTOTAL(3,$G$7:G77) | B77: Quạt hướng trục BPF-B1-Z2-01 400 l/s @ 400 Pa, chống cháy 300°C trong 2h | C77: BPF | D77: Fantech (ELTA Fans), Systemair, Wolter, Kruger | F77: QUẠT | G77: Cái | H77: 1 | I77: =IF('00_TONG_HOP_BAO_GIA'!G70>0, ('00_TONG_HOP_BAO_GIA'!K70 + '00_TONG_HOP_BAO_GIA'!M70) * (1 + '00_TONG_HOP_BAO_GIA'!P70) / '00_TONG_HOP_BAO_GIA'!G70, 0) | J77: =IF('00_TONG_HOP_BAO_GIA'!G70>0, '00_TONG_HOP_BAO_GIA'!L70 * (1 + '00_TONG_HOP_BAO_GIA'!P70) / '00_TONG_HOP_BAO_GIA'!G70, 0) | K77: ='00_TONG_HOP_BAO_GIA'!Q70 | L77: =('00_TONG_HOP_BAO_GIA'!K70 + '00_TONG_HOP_BAO_GIA'!M70) * (1 + '00_TONG_HOP_BAO_GIA'!P70) | M77: ='00_TONG_HOP_BAO_GIA'!L70 * (1 + '00_TONG_HOP_BAO_GIA'!P70) | N77: ='00_TONG_HOP_BAO_GIA'!R70 | O77: =IF(K77=0, "CẢNH BÁO: Đơn giá = 0. Tra cứu lại Sheet 06!", '00_TONG_HOP_BAO_GIA'!S70)
A78: =SUBTOTAL(3,$G$7:G78) | B78: Quạt hướng trục BPF-B1-Z2-02 5400 l/s @ 700 Pa, chống cháy 300°C trong 2h | C78: BPF | D78: Fantech (ELTA Fans), Systemair, Wolter, Kruger | F78: QUẠT | G78: Cái | H78: 1 | I78: =IF('00_TONG_HOP_BAO_GIA'!G71>0, ('00_TONG_HOP_BAO_GIA'!K71 + '00_TONG_HOP_BAO_GIA'!M71) * (1 + '00_TONG_HOP_BAO_GIA'!P71) / '00_TONG_HOP_BAO_GIA'!G71, 0) | J78: =IF('00_TONG_HOP_BAO_GIA'!G71>0, '00_TONG_HOP_BAO_GIA'!L71 * (1 + '00_TONG_HOP_BAO_GIA'!P71) / '00_TONG_HOP_BAO_GIA'!G71, 0) | K78: ='00_TONG_HOP_BAO_GIA'!Q71 | L78: =('00_TONG_HOP_BAO_GIA'!K71 + '00_TONG_HOP_BAO_GIA'!M71) * (1 + '00_TONG_HOP_BAO_GIA'!P71) | M78: ='00_TONG_HOP_BAO_GIA'!L71 * (1 + '00_TONG_HOP_BAO_GIA'!P71) | N78: ='00_TONG_HOP_BAO_GIA'!R71 | O78: =IF(K78=0, "CẢNH BÁO: Đơn giá = 0. Tra cứu lại Sheet 06!", '00_TONG_HOP_BAO_GIA'!S71)
... A94: =SUBTOTAL(3,$G$7:G94) | B94: Quạt hướng trục BPF-A1.1-RF-01 6100 l/s @ 600 Pa, chống cháy 300°C trong 2h | C94: BPF | D94: Fantech (ELTA Fans), Systemair, Wolter, Kruger | F94: QUẠT | G94: Cái | H94: 1 | I94: =IF('00_TONG_HOP_BAO_GIA'!G87>0, ('00_TONG_HOP_BAO_GIA'!K87 + '00_TONG_HOP_BAO_GIA'!M87) * (1 + '00_TONG_HOP_BAO_GIA'!P87) / '00_TONG_HOP_BAO_GIA'!G87, 0) | J94: =IF('00_TONG_HOP_BAO_GIA'!G87>0, '00_TONG_HOP_BAO_GIA'!L87 * (1 + '00_TONG_HOP_BAO_GIA'!P87) / '00_TONG_HOP_BAO_GIA'!G87, 0) | K94: ='00_TONG_HOP_BAO_GIA'!Q87 | L94: =('00_TONG_HOP_BAO_GIA'!K87 + '00_TONG_HOP_BAO_GIA'!M87) * (1 + '00_TONG_HOP_BAO_GIA'!P87) | M94: ='00_TONG_HOP_BAO_GIA'!L87 * (1 + '00_TONG_HOP_BAO_GIA'!P87) | N94: ='00_TONG_HOP_BAO_GIA'!R87 | O94: =IF(K94=0, "CẢNH BÁO: Đơn giá = 0. Tra cứu lại Sheet 06!", '00_TONG_HOP_BAO_GIA'!S87)
A95: =SUBTOTAL(3,$G$7:G95) | B95: Van 1 chiều NRD 300x200 (EI60) | C95: NRD | D95: NSCA, Evegreen, Swind, tđ | E95: Việt Nam / Singapore | G95: Cái | H95: 1 | I95: =IF('00_TONG_HOP_BAO_GIA'!G88>0, ('00_TONG_HOP_BAO_GIA'!K88 + '00_TONG_HOP_BAO_GIA'!M88) * (1 + '00_TONG_HOP_BAO_GIA'!P88) / '00_TONG_HOP_BAO_GIA'!G88, 0) | J95: =IF('00_TONG_HOP_BAO_GIA'!G88>0, '00_TONG_HOP_BAO_GIA'!L88 * (1 + '00_TONG_HOP_BAO_GIA'!P88) / '00_TONG_HOP_BAO_GIA'!G88, 0) | K95: ='00_TONG_HOP_BAO_GIA'!Q88 | L95: =('00_TONG_HOP_BAO_GIA'!K88 + '00_TONG_HOP_BAO_GIA'!M88) * (1 + '00_TONG_HOP_BAO_GIA'!P88) | M95: ='00_TONG_HOP_BAO_GIA'!L88 * (1 + '00_TONG_HOP_BAO_GIA'!P88) | N95: ='00_TONG_HOP_BAO_GIA'!R88 | O95: =IF(K95=0, "CẢNH BÁO: Đơn giá = 0. Tra cứu lại Sheet 06!", '00_TONG_HOP_BAO_GIA'!S88)
A96: =SUBTOTAL(3,$G$7:G96) | B96: Van 1 chiều NRD 700x500 (EI60) | C96: NRD | D96: NSCA, Evegreen, Swind, tđ | E96: Việt Nam / Singapore | G96: Cái | H96: 2 | I96: =IF('00_TONG_HOP_BAO_GIA'!G89>0, ('00_TONG_HOP_BAO_GIA'!K89 + '00_TONG_HOP_BAO_GIA'!M89) * (1 + '00_TONG_HOP_BAO_GIA'!P89) / '00_TONG_HOP_BAO_GIA'!G89, 0) | J96: =IF('00_TONG_HOP_BAO_GIA'!G89>0, '00_TONG_HOP_BAO_GIA'!L89 * (1 + '00_TONG_HOP_BAO_GIA'!P89) / '00_TONG_HOP_BAO_GIA'!G89, 0) | K96: ='00_TONG_HOP_BAO_GIA'!Q89 | L96: =('00_TONG_HOP_BAO_GIA'!K89 + '00_TONG_HOP_BAO_GIA'!M89) * (1 + '00_TONG_HOP_BAO_GIA'!P89) | M96: ='00_TONG_HOP_BAO_GIA'!L89 * (1 + '00_TONG_HOP_BAO_GIA'!P89) | N96: ='00_TONG_HOP_BAO_GIA'!R89 | O96: =IF(K96=0, "CẢNH BÁO: Đơn giá = 0. Tra cứu lại Sheet 06!", '00_TONG_HOP_BAO_GIA'!S89)
A97: =SUBTOTAL(3,$G$7:G97) | B97: Van 1 chiều NRD 700x800 (EI60) | C97: NRD | D97: NSCA, Evegreen, Swind, tđ | E97: Việt Nam / Singapore | G97: Cái | H97: 2 | I97: =IF('00_TONG_HOP_BAO_GIA'!G90>0, ('00_TONG_HOP_BAO_GIA'!K90 + '00_TONG_HOP_BAO_GIA'!M90) * (1 + '00_TONG_HOP_BAO_GIA'!P90) / '00_TONG_HOP_BAO_GIA'!G90, 0) | J97: =IF('00_TONG_HOP_BAO_GIA'!G90>0, '00_TONG_HOP_BAO_GIA'!L90 * (1 + '00_TONG_HOP_BAO_GIA'!P90) / '00_TONG_HOP_BAO_GIA'!G90, 0) | K97: ='00_TONG_HOP_BAO_GIA'!Q90 | L97: =('00_TONG_HOP_BAO_GIA'!K90 + '00_TONG_HOP_BAO_GIA'!M90) * (1 + '00_TONG_HOP_BAO_GIA'!P90) | M97: ='00_TONG_HOP_BAO_GIA'!L90 * (1 + '00_TONG_HOP_BAO_GIA'!P90) | N97: ='00_TONG_HOP_BAO_GIA'!R90 | O97: =IF(K97=0, "CẢNH BÁO: Đơn giá = 0. Tra cứu lại Sheet 06!", '00_TONG_HOP_BAO_GIA'!S90)
A98: =SUBTOTAL(3,$G$7:G98) | B98: Van 1 chiều NRD 250X200(EI60) | C98: NRD | D98: NSCA, Evegreen, Swind, tđ | E98: Việt Nam / Singapore | G98: Cái | H98: 1 | I98: =IF('00_TONG_HOP_BAO_GIA'!G91>0, ('00_TONG_HOP_BAO_GIA'!K91 + '00_TONG_HOP_BAO_GIA'!M91) * (1 + '00_TONG_HOP_BAO_GIA'!P91) / '00_TONG_HOP_BAO_GIA'!G91, 0) | J98: =IF('00_TONG_HOP_BAO_GIA'!G91>0, '00_TONG_HOP_BAO_GIA'!L91 * (1 + '00_TONG_HOP_BAO_GIA'!P91) / '00_TONG_HOP_BAO_GIA'!G91, 0) | K98: ='00_TONG_HOP_BAO_GIA'!Q91 | L98: =('00_TONG_HOP_BAO_GIA'!K91 + '00_TONG_HOP_BAO_GIA'!M91) * (1 + '00_TONG_HOP_BAO_GIA'!P91) | M98: ='00_TONG_HOP_BAO_GIA'!L91 * (1 + '00_TONG_HOP_BAO_GIA'!P91) | N98: ='00_TONG_HOP_BAO_GIA'!R91 | O98: =IF(K98=0, "CẢNH BÁO: Đơn giá = 0. Tra cứu lại Sheet 06!", '00_TONG_HOP_BAO_GIA'!S91)
A99: =SUBTOTAL(3,$G$7:G99) | B99: Van 1 chiều NRD 900x400 (EI60) | C99: NRD | D99: NSCA, Evegreen, Swind, tđ | E99: Việt Nam / Singapore | G99: Cái | H99: 2 | I99: =IF('00_TONG_HOP_BAO_GIA'!G92>0, ('00_TONG_HOP_BAO_GIA'!K92 + '00_TONG_HOP_BAO_GIA'!M92) * (1 + '00_TONG_HOP_BAO_GIA'!P92) / '00_TONG_HOP_BAO_GIA'!G92, 0) | J99: =IF('00_TONG_HOP_BAO_GIA'!G92>0, '00_TONG_HOP_BAO_GIA'!L92 * (1 + '00_TONG_HOP_BAO_GIA'!P92) / '00_TONG_HOP_BAO_GIA'!G92, 0) | K99: ='00_TONG_HOP_BAO_GIA'!Q92 | L99: =('00_TONG_HOP_BAO_GIA'!K92 + '00_TONG_HOP_BAO_GIA'!M92) * (1 + '00_TONG_HOP_BAO_GIA'!P92) | M99: ='00_TONG_HOP_BAO_GIA'!L92 * (1 + '00_TONG_HOP_BAO_GIA'!P92) | N99: ='00_TONG_HOP_BAO_GIA'!R92 | O99: =IF(K99=0, "CẢNH BÁO: Đơn giá = 0. Tra cứu lại Sheet 06!", '00_TONG_HOP_BAO_GIA'!S92)
A100: =SUBTOTAL(3,$G$7:G100) | B100: Van 1 chiều NRD 300x300 (EI60) | C100: NRD | D100: NSCA, Evegreen, Swind, tđ | E100: Việt Nam / Singapore | G100: Cái | H100: 1 | I100: =IF('00_TONG_HOP_BAO_GIA'!G93>0, ('00_TONG_HOP_BAO_GIA'!K93 + '00_TONG_HOP_BAO_GIA'!M93) * (1 + '00_TONG_HOP_BAO_GIA'!P93) / '00_TONG_HOP_BAO_GIA'!G93, 0) | J100: =IF('00_TONG_HOP_BAO_GIA'!G93>0, '00_TONG_HOP_BAO_GIA'!L93 * (1 + '00_TONG_HOP_BAO_GIA'!P93) / '00_TONG_HOP_BAO_GIA'!G93, 0) | K100: ='00_TONG_HOP_BAO_GIA'!Q93 | L100: =('00_TONG_HOP_BAO_GIA'!K93 + '00_TONG_HOP_BAO_GIA'!M93) * (1 + '00_TONG_HOP_BAO_GIA'!P93) | M100: ='00_TONG_HOP_BAO_GIA'!L93 * (1 + '00_TONG_HOP_BAO_GIA'!P93) | N100: ='00_TONG_HOP_BAO_GIA'!R93 | O100: =IF(K100=0, "CẢNH BÁO: Đơn giá = 0. Tra cứu lại Sheet 06!", '00_TONG_HOP_BAO_GIA'!S93)
A101: =SUBTOTAL(3,$G$7:G101) | B101: Van 1 chiều NRD 350x250 (EI60) | C101: NRD | D101: NSCA, Evegreen, Swind, tđ | E101: Việt Nam / Singapore | G101: Cái | H101: 1 | I101: =IF('00_TONG_HOP_BAO_GIA'!G94>0, ('00_TONG_HOP_BAO_GIA'!K94 + '00_TONG_HOP_BAO_GIA'!M94) * (1 + '00_TONG_HOP_BAO_GIA'!P94) / '00_TONG_HOP_BAO_GIA'!G94, 0) | J101: =IF('00_TONG_HOP_BAO_GIA'!G94>0, '00_TONG_HOP_BAO_GIA'!L94 * (1 + '00_TONG_HOP_BAO_GIA'!P94) / '00_TONG_HOP_BAO_GIA'!G94, 0) | K101: ='00_TONG_HOP_BAO_GIA'!Q94 | L101: =('00_TONG_HOP_BAO_GIA'!K94 + '00_TONG_HOP_BAO_GIA'!M94) * (1 + '00_TONG_HOP_BAO_GIA'!P94) | M101: ='00_TONG_HOP_BAO_GIA'!L94 * (1 + '00_TONG_HOP_BAO_GIA'!P94) | N101: ='00_TONG_HOP_BAO_GIA'!R94 | O101: =IF(K101=0, "CẢNH BÁO: Đơn giá = 0. Tra cứu lại Sheet 06!", '00_TONG_HOP_BAO_GIA'!S94)
A102: =SUBTOTAL(3,$G$7:G102) | B102: Van 1 chiều NRD 350x150 (EI60) | C102: NRD | D102: NSCA, Evegreen, Swind, tđ | E102: Việt Nam / Singapore | G102: Cái | H102: 1 | I102: =IF('00_TONG_HOP_BAO_GIA'!G95>0, ('00_TONG_HOP_BAO_GIA'!K95 + '00_TONG_HOP_BAO_GIA'!M95) * (1 + '00_TONG_HOP_BAO_GIA'!P95) / '00_TONG_HOP_BAO_GIA'!G95, 0) | J102: =IF('00_TONG_HOP_BAO_GIA'!G95>0, '00_TONG_HOP_BAO_GIA'!L95 * (1 + '00_TONG_HOP_BAO_GIA'!P95) / '00_TONG_HOP_BAO_GIA'!G95, 0) | K102: ='00_TONG_HOP_BAO_GIA'!Q95 | L102: =('00_TONG_HOP_BAO_GIA'!K95 + '00_TONG_HOP_BAO_GIA'!M95) * (1 + '00_TONG_HOP_BAO_GIA'!P95) | M102: ='00_TONG_HOP_BAO_GIA'!L95 * (1 + '00_TONG_HOP_BAO_GIA'!P95) | N102: ='00_TONG_HOP_BAO_GIA'!R95 | O102: =IF(K102=0, "CẢNH BÁO: Đơn giá = 0. Tra cứu lại Sheet 06!", '00_TONG_HOP_BAO_GIA'!S95)
A103: =SUBTOTAL(3,$G$7:G103) | B103: Van ngăn cháy MFD 350x200 (EI60) | C103: MFD | D103: Van: NSCA, Evegreen, Swind, tđ ĐC: Belimo, Johnson Controls, tđ | E103: Việt Nam / Singapore | G103: Cái | H103: 1 | I103: =IF('00_TONG_HOP_BAO_GIA'!G96>0, ('00_TONG_HOP_BAO_GIA'!K96 + '00_TONG_HOP_BAO_GIA'!M96) * (1 + '00_TONG_HOP_BAO_GIA'!P96) / '00_TONG_HOP_BAO_GIA'!G96, 0) | J103: =IF('00_TONG_HOP_BAO_GIA'!G96>0, '00_TONG_HOP_BAO_GIA'!L96 * (1 + '00_TONG_HOP_BAO_GIA'!P96) / '00_TONG_HOP_BAO_GIA'!G96, 0) | K103: ='00_TONG_HOP_BAO_GIA'!Q96 | L103: =('00_TONG_HOP_BAO_GIA'!K96 + '00_TONG_HOP_BAO_GIA'!M96) * (1 + '00_TONG_HOP_BAO_GIA'!P96) | M103: ='00_TONG_HOP_BAO_GIA'!L96 * (1 + '00_TONG_HOP_BAO_GIA'!P96) | N103: ='00_TONG_HOP_BAO_GIA'!R96 | O103: =IF(K103=0, "CẢNH BÁO: Đơn giá = 0. Tra cứu lại Sheet 06!", '00_TONG_HOP_BAO_GIA'!S96)
A104: =SUBTOTAL(3,$G$7:G104) | B104: Van ngăn cháy MFD 700x500 (EI60) | C104: MFD | D104: Van: NSCA, Evegreen, Swind, tđ ĐC: Belimo, Johnson Controls, tđ | E104: Việt Nam / Singapore | G104: Cái | H104: 2 | I104: =IF('00_TONG_HOP_BAO_GIA'!G97>0, ('00_TONG_HOP_BAO_GIA'!K97 + '00_TONG_HOP_BAO_GIA'!M97) * (1 + '00_TONG_HOP_BAO_GIA'!P97) / '00_TONG_HOP_BAO_GIA'!G97, 0) | J104: =IF('00_TONG_HOP_BAO_GIA'!G97>0, '00_TONG_HOP_BAO_GIA'!L97 * (1 + '00_TONG_HOP_BAO_GIA'!P97) / '00_TONG_HOP_BAO_GIA'!G97, 0) | K104: ='00_TONG_HOP_BAO_GIA'!Q97 | L104: =('00_TONG_HOP_BAO_GIA'!K97 + '00_TONG_HOP_BAO_GIA'!M97) * (1 + '00_TONG_HOP_BAO_GIA'!P97) | M104: ='00_TONG_HOP_BAO_GIA'!L97 * (1 + '00_TONG_HOP_BAO_GIA'!P97) | N104: ='00_TONG_HOP_BAO_GIA'!R97 | O104: =IF(K104=0, "CẢNH BÁO: Đơn giá = 0. Tra cứu lại Sheet 06!", '00_TONG_HOP_BAO_GIA'!S97)
A105: =SUBTOTAL(3,$G$7:G105) | B105: Van ngăn cháy MFD 700x800 (EI60) | C105: MFD | D105: Van: NSCA, Evegreen, Swind, tđ ĐC: Belimo, Johnson Controls, tđ | E105: Việt Nam / Singapore | G105: Cái | H105: 2 | I105: =IF('00_TONG_HOP_BAO_GIA'!G98>0, ('00_TONG_HOP_BAO_GIA'!K98 + '00_TONG_HOP_BAO_GIA'!M98) * (1 + '00_TONG_HOP_BAO_GIA'!P98) / '00_TONG_HOP_BAO_GIA'!G98, 0) | J105: =IF('00_TONG_HOP_BAO_GIA'!G98>0, '00_TONG_HOP_BAO_GIA'!L98 * (1 + '00_TONG_HOP_BAO_GIA'!P98) / '00_TONG_HOP_BAO_GIA'!G98, 0) | K105: ='00_TONG_HOP_BAO_GIA'!Q98 | L105: =('00_TONG_HOP_BAO_GIA'!K98 + '00_TONG_HOP_BAO_GIA'!M98) * (1 + '00_TONG_HOP_BAO_GIA'!P98) | M105: ='00_TONG_HOP_BAO_GIA'!L98 * (1 + '00_TONG_HOP_BAO_GIA'!P98) | N105: ='00_TONG_HOP_BAO_GIA'!R98 | O105: =IF(K105=0, "CẢNH BÁO: Đơn giá = 0. Tra cứu lại Sheet 06!", '00_TONG_HOP_BAO_GIA'!S98)
A106: =SUBTOTAL(3,$G$7:G106) | B106: Van ngăn cháy MFD 1200x600 (EI60) | C106: MFD | D106: Van: NSCA, Evegreen, Swind, tđ ĐC: Belimo, Johnson Controls, tđ | E106: Việt Nam / Singapore | G106: Cái | H106: 2 | I106: =IF('00_TONG_HOP_BAO_GIA'!G99>0, ('00_TONG_HOP_BAO_GIA'!K99 + '00_TONG_HOP_BAO_GIA'!M99) * (1 + '00_TONG_HOP_BAO_GIA'!P99) / '00_TONG_HOP_BAO_GIA'!G99, 0) | J106: =IF('00_TONG_HOP_BAO_GIA'!G99>0, '00_TONG_HOP_BAO_GIA'!L99 * (1 + '00_TONG_HOP_BAO_GIA'!P99) / '00_TONG_HOP_BAO_GIA'!G99, 0) | K106: ='00_TONG_HOP_BAO_GIA'!Q99 | L106: =('00_TONG_HOP_BAO_GIA'!K99 + '00_TONG_HOP_BAO_GIA'!M99) * (1 + '00_TONG_HOP_BAO_GIA'!P99) | M106: ='00_TONG_HOP_BAO_GIA'!L99 * (1 + '00_TONG_HOP_BAO_GIA'!P99) | N106: ='00_TONG_HOP_BAO_GIA'!R99 | O106: =IF(K106=0, "CẢNH BÁO: Đơn giá = 0. Tra cứu lại Sheet 06!", '00_TONG_HOP_BAO_GIA'!S99)
... A130: =SUBTOTAL(3,$G$7:G130) | B130: Van ngăn cháy MFD 650x400 | C130: MFD | D130: Van: NSCA, Evegreen, Swind, tđ ĐC: Belimo, Johnson Controls, tđ | E130: Việt Nam / Singapore | G130: Cái | H130: 6 | I130: =IF('00_TONG_HOP_BAO_GIA'!G123>0, ('00_TONG_HOP_BAO_GIA'!K123 + '00_TONG_HOP_BAO_GIA'!M123) * (1 + '00_TONG_HOP_BAO_GIA'!P123) / '00_TONG_HOP_BAO_GIA'!G123, 0) | J130: =IF('00_TONG_HOP_BAO_GIA'!G123>0, '00_TONG_HOP_BAO_GIA'!L123 * (1 + '00_TONG_HOP_BAO_GIA'!P123) / '00_TONG_HOP_BAO_GIA'!G123, 0) | K130: ='00_TONG_HOP_BAO_GIA'!Q123 | L130: =('00_TONG_HOP_BAO_GIA'!K123 + '00_TONG_HOP_BAO_GIA'!M123) * (1 + '00_TONG_HOP_BAO_GIA'!P123) | M130: ='00_TONG_HOP_BAO_GIA'!L123 * (1 + '00_TONG_HOP_BAO_GIA'!P123) | N130: ='00_TONG_HOP_BAO_GIA'!R123 | O130: =IF(K130=0, "CẢNH BÁO: Đơn giá = 0. Tra cứu lại Sheet 06!", '00_TONG_HOP_BAO_GIA'!S123)
A131: =SUBTOTAL(3,$G$7:G131) | B131: Van xả áp | D131: NSCA, Evegreen, Swind, tđ | G131: Cái | H131: 6 | I131: =IF('00_TONG_HOP_BAO_GIA'!G124>0, ('00_TONG_HOP_BAO_GIA'!K124 + '00_TONG_HOP_BAO_GIA'!M124) * (1 + '00_TONG_HOP_BAO_GIA'!P124) / '00_TONG_HOP_BAO_GIA'!G124, 0) | J131: =IF('00_TONG_HOP_BAO_GIA'!G124>0, '00_TONG_HOP_BAO_GIA'!L124 * (1 + '00_TONG_HOP_BAO_GIA'!P124) / '00_TONG_HOP_BAO_GIA'!G124, 0) | K131: ='00_TONG_HOP_BAO_GIA'!Q124 | L131: =('00_TONG_HOP_BAO_GIA'!K124 + '00_TONG_HOP_BAO_GIA'!M124) * (1 + '00_TONG_HOP_BAO_GIA'!P124) | M131: ='00_TONG_HOP_BAO_GIA'!L124 * (1 + '00_TONG_HOP_BAO_GIA'!P124) | N131: ='00_TONG_HOP_BAO_GIA'!R124 | O131: =IF(K131=0, "CẢNH BÁO: Đơn giá = 0. Tra cứu lại Sheet 06!", '00_TONG_HOP_BAO_GIA'!S124)
A132: =SUBTOTAL(3,$G$7:G132) | B132: Van chỉnh lưu lượng VCD250x200 (EI60) | C132: VCD | D132: NSCA, Evegreen, Swind, tđ | E132: Việt Nam / Singapore | G132: Cái | H132: 1 | I132: =IF('00_TONG_HOP_BAO_GIA'!G125>0, ('00_TONG_HOP_BAO_GIA'!K125 + '00_TONG_HOP_BAO_GIA'!M125) * (1 + '00_TONG_HOP_BAO_GIA'!P125) / '00_TONG_HOP_BAO_GIA'!G125, 0) | J132: =IF('00_TONG_HOP_BAO_GIA'!G125>0, '00_TONG_HOP_BAO_GIA'!L125 * (1 + '00_TONG_HOP_BAO_GIA'!P125) / '00_TONG_HOP_BAO_GIA'!G125, 0) | K132: ='00_TONG_HOP_BAO_GIA'!Q125 | L132: =('00_TONG_HOP_BAO_GIA'!K125 + '00_TONG_HOP_BAO_GIA'!M125) * (1 + '00_TONG_HOP_BAO_GIA'!P125) | M132: ='00_TONG_HOP_BAO_GIA'!L125 * (1 + '00_TONG_HOP_BAO_GIA'!P125) | N132: ='00_TONG_HOP_BAO_GIA'!R125 | O132: =IF(K132=0, "CẢNH BÁO: Đơn giá = 0. Tra cứu lại Sheet 06!", '00_TONG_HOP_BAO_GIA'!S125)
A133: =SUBTOTAL(3,$G$7:G133) | B133: Miệng gió tạo áp PAG 900x400+OBD | D133: NSCA, Evegreen, Swind, tđ | G133: Cái | H133: 2 | I133: =IF('00_TONG_HOP_BAO_GIA'!G126>0, ('00_TONG_HOP_BAO_GIA'!K126 + '00_TONG_HOP_BAO_GIA'!M126) * (1 + '00_TONG_HOP_BAO_GIA'!P126) / '00_TONG_HOP_BAO_GIA'!G126, 0) | J133: =IF('00_TONG_HOP_BAO_GIA'!G126>0, '00_TONG_HOP_BAO_GIA'!L126 * (1 + '00_TONG_HOP_BAO_GIA'!P126) / '00_TONG_HOP_BAO_GIA'!G126, 0) | K133: ='00_TONG_HOP_BAO_GIA'!Q126 | L133: =('00_TONG_HOP_BAO_GIA'!K126 + '00_TONG_HOP_BAO_GIA'!M126) * (1 + '00_TONG_HOP_BAO_GIA'!P126) | M133: ='00_TONG_HOP_BAO_GIA'!L126 * (1 + '00_TONG_HOP_BAO_GIA'!P126) | N133: ='00_TONG_HOP_BAO_GIA'!R126 | O133: =IF(K133=0, "CẢNH BÁO: Đơn giá = 0. Tra cứu lại Sheet 06!", '00_TONG_HOP_BAO_GIA'!S126)
A134: =SUBTOTAL(3,$G$7:G134) | B134: Miệng gió tạo áp PAG 300x300+OBD | D134: NSCA, Evegreen, Swind, tđ | G134: Cái | H134: 1 | I134: =IF('00_TONG_HOP_BAO_GIA'!G127>0, ('00_TONG_HOP_BAO_GIA'!K127 + '00_TONG_HOP_BAO_GIA'!M127) * (1 + '00_TONG_HOP_BAO_GIA'!P127) / '00_TONG_HOP_BAO_GIA'!G127, 0) | J134: =IF('00_TONG_HOP_BAO_GIA'!G127>0, '00_TONG_HOP_BAO_GIA'!L127 * (1 + '00_TONG_HOP_BAO_GIA'!P127) / '00_TONG_HOP_BAO_GIA'!G127, 0) | K134: ='00_TONG_HOP_BAO_GIA'!Q127 | L134: =('00_TONG_HOP_BAO_GIA'!K127 + '00_TONG_HOP_BAO_GIA'!M127) * (1 + '00_TONG_HOP_BAO_GIA'!P127) | M134: ='00_TONG_HOP_BAO_GIA'!L127 * (1 + '00_TONG_HOP_BAO_GIA'!P127) | N134: ='00_TONG_HOP_BAO_GIA'!R127 | O134: =IF(K134=0, "CẢNH BÁO: Đơn giá = 0. Tra cứu lại Sheet 06!", '00_TONG_HOP_BAO_GIA'!S127)
A135: =SUBTOTAL(3,$G$7:G135) | B135: Miệng gió tạo áp PAG 1200x600+OBD | D135: NSCA, Evegreen, Swind, tđ | G135: Cái | H135: 2 | I135: =IF('00_TONG_HOP_BAO_GIA'!G128>0, ('00_TONG_HOP_BAO_GIA'!K128 + '00_TONG_HOP_BAO_GIA'!M128) * (1 + '00_TONG_HOP_BAO_GIA'!P128) / '00_TONG_HOP_BAO_GIA'!G128, 0) | J135: =IF('00_TONG_HOP_BAO_GIA'!G128>0, '00_TONG_HOP_BAO_GIA'!L128 * (1 + '00_TONG_HOP_BAO_GIA'!P128) / '00_TONG_HOP_BAO_GIA'!G128, 0) | K135: ='00_TONG_HOP_BAO_GIA'!Q128 | L135: =('00_TONG_HOP_BAO_GIA'!K128 + '00_TONG_HOP_BAO_GIA'!M128) * (1 + '00_TONG_HOP_BAO_GIA'!P128) | M135: ='00_TONG_HOP_BAO_GIA'!L128 * (1 + '00_TONG_HOP_BAO_GIA'!P128) | N135: ='00_TONG_HOP_BAO_GIA'!R128 | O135: =IF(K135=0, "CẢNH BÁO: Đơn giá = 0. Tra cứu lại Sheet 06!", '00_TONG_HOP_BAO_GIA'!S128)
A136: =SUBTOTAL(3,$G$7:G136) | B136: Miệng gió tạo áp PAG 1400x800+OBD | D136: NSCA, Evegreen, Swind, tđ | G136: Cái | H136: 10 | I136: =IF('00_TONG_HOP_BAO_GIA'!G129>0, ('00_TONG_HOP_BAO_GIA'!K129 + '00_TONG_HOP_BAO_GIA'!M129) * (1 + '00_TONG_HOP_BAO_GIA'!P129) / '00_TONG_HOP_BAO_GIA'!G129, 0) | J136: =IF('00_TONG_HOP_BAO_GIA'!G129>0, '00_TONG_HOP_BAO_GIA'!L129 * (1 + '00_TONG_HOP_BAO_GIA'!P129) / '00_TONG_HOP_BAO_GIA'!G129, 0) | K136: ='00_TONG_HOP_BAO_GIA'!Q129 | L136: =('00_TONG_HOP_BAO_GIA'!K129 + '00_TONG_HOP_BAO_GIA'!M129) * (1 + '00_TONG_HOP_BAO_GIA'!P129) | M136: ='00_TONG_HOP_BAO_GIA'!L129 * (1 + '00_TONG_HOP_BAO_GIA'!P129) | N136: ='00_TONG_HOP_BAO_GIA'!R129 | O136: =IF(K136=0, "CẢNH BÁO: Đơn giá = 0. Tra cứu lại Sheet 06!", '00_TONG_HOP_BAO_GIA'!S129)
A137: =SUBTOTAL(3,$G$7:G137) | B137: Miệng gió tạo áp PAG 1200x600+OBD | D137: NSCA, Evegreen, Swind, tđ | G137: Cái | H137: 2 | I137: =IF('00_TONG_HOP_BAO_GIA'!G130>0, ('00_TONG_HOP_BAO_GIA'!K130 + '00_TONG_HOP_BAO_GIA'!M130) * (1 + '00_TONG_HOP_BAO_GIA'!P130) / '00_TONG_HOP_BAO_GIA'!G130, 0) | J137: =IF('00_TONG_HOP_BAO_GIA'!G130>0, '00_TONG_HOP_BAO_GIA'!L130 * (1 + '00_TONG_HOP_BAO_GIA'!P130) / '00_TONG_HOP_BAO_GIA'!G130, 0) | K137: ='00_TONG_HOP_BAO_GIA'!Q130 | L137: =('00_TONG_HOP_BAO_GIA'!K130 + '00_TONG_HOP_BAO_GIA'!M130) * (1 + '00_TONG_HOP_BAO_GIA'!P130) | M137: ='00_TONG_HOP_BAO_GIA'!L130 * (1 + '00_TONG_HOP_BAO_GIA'!P130) | N137: ='00_TONG_HOP_BAO_GIA'!R130 | O137: =IF(K137=0, "CẢNH BÁO: Đơn giá = 0. Tra cứu lại Sheet 06!", '00_TONG_HOP_BAO_GIA'!S130)
A138: =SUBTOTAL(3,$G$7:G138) | B138: Miệng gió tạo áp PAG 300x300+OBD | D138: NSCA, Evegreen, Swind, tđ | G138: Cái | H138: 8 | I138: =IF('00_TONG_HOP_BAO_GIA'!G131>0, ('00_TONG_HOP_BAO_GIA'!K131 + '00_TONG_HOP_BAO_GIA'!M131) * (1 + '00_TONG_HOP_BAO_GIA'!P131) / '00_TONG_HOP_BAO_GIA'!G131, 0) | J138: =IF('00_TONG_HOP_BAO_GIA'!G131>0, '00_TONG_HOP_BAO_GIA'!L131 * (1 + '00_TONG_HOP_BAO_GIA'!P131) / '00_TONG_HOP_BAO_GIA'!G131, 0) | K138: ='00_TONG_HOP_BAO_GIA'!Q131 | L138: =('00_TONG_HOP_BAO_GIA'!K131 + '00_TONG_HOP_BAO_GIA'!M131) * (1 + '00_TONG_HOP_BAO_GIA'!P131) | M138: ='00_TONG_HOP_BAO_GIA'!L131 * (1 + '00_TONG_HOP_BAO_GIA'!P131) | N138: ='00_TONG_HOP_BAO_GIA'!R131 | O138: =IF(K138=0, "CẢNH BÁO: Đơn giá = 0. Tra cứu lại Sheet 06!", '00_TONG_HOP_BAO_GIA'!S131)
A139: =SUBTOTAL(3,$G$7:G139) | B139: Miệng gió tạo áp PAG 500x200+OBD | D139: NSCA, Evegreen, Swind, tđ | G139: Cái | H139: 3 | I139: =IF('00_TONG_HOP_BAO_GIA'!G132>0, ('00_TONG_HOP_BAO_GIA'!K132 + '00_TONG_HOP_BAO_GIA'!M132) * (1 + '00_TONG_HOP_BAO_GIA'!P132) / '00_TONG_HOP_BAO_GIA'!G132, 0) | J139: =IF('00_TONG_HOP_BAO_GIA'!G132>0, '00_TONG_HOP_BAO_GIA'!L132 * (1 + '00_TONG_HOP_BAO_GIA'!P132) / '00_TONG_HOP_BAO_GIA'!G132, 0) | K139: ='00_TONG_HOP_BAO_GIA'!Q132 | L139: =('00_TONG_HOP_BAO_GIA'!K132 + '00_TONG_HOP_BAO_GIA'!M132) * (1 + '00_TONG_HOP_BAO_GIA'!P132) | M139: ='00_TONG_HOP_BAO_GIA'!L132 * (1 + '00_TONG_HOP_BAO_GIA'!P132) | N139: ='00_TONG_HOP_BAO_GIA'!R132 | O139: =IF(K139=0, "CẢNH BÁO: Đơn giá = 0. Tra cứu lại Sheet 06!", '00_TONG_HOP_BAO_GIA'!S132)
A140: =SUBTOTAL(3,$G$7:G140) | B140: Miệng gió tạo áp PAG1400x800+OBD | D140: NSCA, Evegreen, Swind, tđ | G140: Cái | H140: 49 | I140: =IF('00_TONG_HOP_BAO_GIA'!G133>0, ('00_TONG_HOP_BAO_GIA'!K133 + '00_TONG_HOP_BAO_GIA'!M133) * (1 + '00_TONG_HOP_BAO_GIA'!P133) / '00_TONG_HOP_BAO_GIA'!G133, 0) | J140: =IF('00_TONG_HOP_BAO_GIA'!G133>0, '00_TONG_HOP_BAO_GIA'!L133 * (1 + '00_TONG_HOP_BAO_GIA'!P133) / '00_TONG_HOP_BAO_GIA'!G133, 0) | K140: ='00_TONG_HOP_BAO_GIA'!Q133 | L140: =('00_TONG_HOP_BAO_GIA'!K133 + '00_TONG_HOP_BAO_GIA'!M133) * (1 + '00_TONG_HOP_BAO_GIA'!P133) | M140: ='00_TONG_HOP_BAO_GIA'!L133 * (1 + '00_TONG_HOP_BAO_GIA'!P133) | N140: ='00_TONG_HOP_BAO_GIA'!R133 | O140: =IF(K140=0, "CẢNH BÁO: Đơn giá = 0. Tra cứu lại Sheet 06!", '00_TONG_HOP_BAO_GIA'!S133)
A141: =SUBTOTAL(3,$G$7:G141) | B141: Miệng gió tạo áp PAG 900x350+OBD | D141: NSCA, Evegreen, Swind, tđ | G141: Cái | H141: 18 | I141: =IF('00_TONG_HOP_BAO_GIA'!G134>0, ('00_TONG_HOP_BAO_GIA'!K134 + '00_TONG_HOP_BAO_GIA'!M134) * (1 + '00_TONG_HOP_BAO_GIA'!P134) / '00_TONG_HOP_BAO_GIA'!G134, 0) | J141: =IF('00_TONG_HOP_BAO_GIA'!G134>0, '00_TONG_HOP_BAO_GIA'!L134 * (1 + '00_TONG_HOP_BAO_GIA'!P134) / '00_TONG_HOP_BAO_GIA'!G134, 0) | K141: ='00_TONG_HOP_BAO_GIA'!Q134 | L141: =('00_TONG_HOP_BAO_GIA'!K134 + '00_TONG_HOP_BAO_GIA'!M134) * (1 + '00_TONG_HOP_BAO_GIA'!P134) | M141: ='00_TONG_HOP_BAO_GIA'!L134 * (1 + '00_TONG_HOP_BAO_GIA'!P134) | N141: ='00_TONG_HOP_BAO_GIA'!R134 | O141: =IF(K141=0, "CẢNH BÁO: Đơn giá = 0. Tra cứu lại Sheet 06!", '00_TONG_HOP_BAO_GIA'!S134)
A142: =SUBTOTAL(3,$G$7:G142) | B142: Miệng gió tạo áp PAG 350x600+OBD | D142: NSCA, Evegreen, Swind, tđ | G142: Cái | H142: 13 | I142: =IF('00_TONG_HOP_BAO_GIA'!G135>0, ('00_TONG_HOP_BAO_GIA'!K135 + '00_TONG_HOP_BAO_GIA'!M135) * (1 + '00_TONG_HOP_BAO_GIA'!P135) / '00_TONG_HOP_BAO_GIA'!G135, 0) | J142: =IF('00_TONG_HOP_BAO_GIA'!G135>0, '00_TONG_HOP_BAO_GIA'!L135 * (1 + '00_TONG_HOP_BAO_GIA'!P135) / '00_TONG_HOP_BAO_GIA'!G135, 0) | K142: ='00_TONG_HOP_BAO_GIA'!Q135 | L142: =('00_TONG_HOP_BAO_GIA'!K135 + '00_TONG_HOP_BAO_GIA'!M135) * (1 + '00_TONG_HOP_BAO_GIA'!P135) | M142: ='00_TONG_HOP_BAO_GIA'!L135 * (1 + '00_TONG_HOP_BAO_GIA'!P135) | N142: ='00_TONG_HOP_BAO_GIA'!R135 | O142: =IF(K142=0, "CẢNH BÁO: Đơn giá = 0. Tra cứu lại Sheet 06!", '00_TONG_HOP_BAO_GIA'!S135)
A143: =SUBTOTAL(3,$G$7:G143) | B143: Miệng gió tạo áp PAG 800x400 OBD | D143: NSCA, Evegreen, Swind, tđ | G143: Cái | H143: 7 | I143: =IF('00_TONG_HOP_BAO_GIA'!G136>0, ('00_TONG_HOP_BAO_GIA'!K136 + '00_TONG_HOP_BAO_GIA'!M136) * (1 + '00_TONG_HOP_BAO_GIA'!P136) / '00_TONG_HOP_BAO_GIA'!G136, 0) | J143: =IF('00_TONG_HOP_BAO_GIA'!G136>0, '00_TONG_HOP_BAO_GIA'!L136 * (1 + '00_TONG_HOP_BAO_GIA'!P136) / '00_TONG_HOP_BAO_GIA'!G136, 0) | K143: ='00_TONG_HOP_BAO_GIA'!Q136 | L143: =('00_TONG_HOP_BAO_GIA'!K136 + '00_TONG_HOP_BAO_GIA'!M136) * (1 + '00_TONG_HOP_BAO_GIA'!P136) | M143: ='00_TONG_HOP_BAO_GIA'!L136 * (1 + '00_TONG_HOP_BAO_GIA'!P136) | N143: ='00_TONG_HOP_BAO_GIA'!R136 | O143: =IF(K143=0, "CẢNH BÁO: Đơn giá = 0. Tra cứu lại Sheet 06!", '00_TONG_HOP_BAO_GIA'!S136)
A144: =SUBTOTAL(3,$G$7:G144) | B144: Miệng gió tạo áp PAG 700x400 OBD | D144: NSCA, Evegreen, Swind, tđ | G144: Cái | H144: 17 | I144: =IF('00_TONG_HOP_BAO_GIA'!G137>0, ('00_TONG_HOP_BAO_GIA'!K137 + '00_TONG_HOP_BAO_GIA'!M137) * (1 + '00_TONG_HOP_BAO_GIA'!P137) / '00_TONG_HOP_BAO_GIA'!G137, 0) | J144: =IF('00_TONG_HOP_BAO_GIA'!G137>0, '00_TONG_HOP_BAO_GIA'!L137 * (1 + '00_TONG_HOP_BAO_GIA'!P137) / '00_TONG_HOP_BAO_GIA'!G137, 0) | K144: ='00_TONG_HOP_BAO_GIA'!Q137 | L144: =('00_TONG_HOP_BAO_GIA'!K137 + '00_TONG_HOP_BAO_GIA'!M137) * (1 + '00_TONG_HOP_BAO_GIA'!P137) | M144: ='00_TONG_HOP_BAO_GIA'!L137 * (1 + '00_TONG_HOP_BAO_GIA'!P137) | N144: ='00_TONG_HOP_BAO_GIA'!R137 | O144: =IF(K144=0, "CẢNH BÁO: Đơn giá = 0. Tra cứu lại Sheet 06!", '00_TONG_HOP_BAO_GIA'!S137)
... A147: =SUBTOTAL(3,$G$7:G147) | B147: Louver 3500x1000+IS | D147: NSCA, Evegreen, Swind, tđ | G147: Cái | H147: 1 | I147: =IF('00_TONG_HOP_BAO_GIA'!G140>0, ('00_TONG_HOP_BAO_GIA'!K140 + '00_TONG_HOP_BAO_GIA'!M140) * (1 + '00_TONG_HOP_BAO_GIA'!P140) / '00_TONG_HOP_BAO_GIA'!G140, 0) | J147: =IF('00_TONG_HOP_BAO_GIA'!G140>0, '00_TONG_HOP_BAO_GIA'!L140 * (1 + '00_TONG_HOP_BAO_GIA'!P140) / '00_TONG_HOP_BAO_GIA'!G140, 0) | K147: ='00_TONG_HOP_BAO_GIA'!Q140 | L147: =('00_TONG_HOP_BAO_GIA'!K140 + '00_TONG_HOP_BAO_GIA'!M140) * (1 + '00_TONG_HOP_BAO_GIA'!P140) | M147: ='00_TONG_HOP_BAO_GIA'!L140 * (1 + '00_TONG_HOP_BAO_GIA'!P140) | N147: ='00_TONG_HOP_BAO_GIA'!R140 | O147: =IF(K147=0, "CẢNH BÁO: Đơn giá = 0. Tra cứu lại Sheet 06!", '00_TONG_HOP_BAO_GIA'!S140)
A148: =SUBTOTAL(3,$G$7:G148) | B148: Vật tư phụ, phụ kiện | G148: Lô | H148: 1 | I148: =IF('00_TONG_HOP_BAO_GIA'!G141>0, ('00_TONG_HOP_BAO_GIA'!K141 + '00_TONG_HOP_BAO_GIA'!M141) * (1 + '00_TONG_HOP_BAO_GIA'!P141) / '00_TONG_HOP_BAO_GIA'!G141, 0) | J148: =IF('00_TONG_HOP_BAO_GIA'!G141>0, '00_TONG_HOP_BAO_GIA'!L141 * (1 + '00_TONG_HOP_BAO_GIA'!P141) / '00_TONG_HOP_BAO_GIA'!G141, 0) | K148: ='00_TONG_HOP_BAO_GIA'!Q141 | L148: =('00_TONG_HOP_BAO_GIA'!K141 + '00_TONG_HOP_BAO_GIA'!M141) * (1 + '00_TONG_HOP_BAO_GIA'!P141) | M148: ='00_TONG_HOP_BAO_GIA'!L141 * (1 + '00_TONG_HOP_BAO_GIA'!P141) | N148: ='00_TONG_HOP_BAO_GIA'!R141 | O148: =IF(K148=0, "CẢNH BÁO: Đơn giá = 0. Tra cứu lại Sheet 06!", '00_TONG_HOP_BAO_GIA'!S141)
B149: Hệ thống ống thông gió tạo áp, box miệng gió… | F149: M
A150: =SUBTOTAL(3,$G$7:G150) | B150: Tole 0.75mm phủ lớp mạ kẽm Z180 | C150: Diện tích tính theo kích thước hình học (Hoàn thiện) | D150: Hoa Sen, Phương Nam | E150: Hoa Sen / Phương Nam / Nam Kim / tđ | G150: m2 | H150: 1936.7013 | I150: =IF('00_TONG_HOP_BAO_GIA'!G142>0, ('00_TONG_HOP_BAO_GIA'!K142 + '00_TONG_HOP_BAO_GIA'!M142) * (1 + '00_TONG_HOP_BAO_GIA'!P142) / '00_TONG_HOP_BAO_GIA'!G142, 0) | J150: =IF('00_TONG_HOP_BAO_GIA'!G142>0, '00_TONG_HOP_BAO_GIA'!L142 * (1 + '00_TONG_HOP_BAO_GIA'!P142) / '00_TONG_HOP_BAO_GIA'!G142, 0) | K150: ='00_TONG_HOP_BAO_GIA'!Q142 | L150: =('00_TONG_HOP_BAO_GIA'!K142 + '00_TONG_HOP_BAO_GIA'!M142) * (1 + '00_TONG_HOP_BAO_GIA'!P142) | M150: ='00_TONG_HOP_BAO_GIA'!L142 * (1 + '00_TONG_HOP_BAO_GIA'!P142) | N150: ='00_TONG_HOP_BAO_GIA'!R142 | O150: =IF(K150=0, "CẢNH BÁO: Đơn giá = 0. Tra cứu lại Sheet 06!", '00_TONG_HOP_BAO_GIA'!S142)
A151: =SUBTOTAL(3,$G$7:G151) | B151: Tole 0.95mm phủ lớp mạ kẽm Z180 | C151: Diện tích tính theo kích thước hình học (Hoàn thiện) | D151: Hoa Sen, Phương Nam | E151: Hoa Sen / Phương Nam / Nam Kim / tđ | G151: m2 | H151: 1588.05 | I151: =IF('00_TONG_HOP_BAO_GIA'!G143>0, ('00_TONG_HOP_BAO_GIA'!K143 + '00_TONG_HOP_BAO_GIA'!M143) * (1 + '00_TONG_HOP_BAO_GIA'!P143) / '00_TONG_HOP_BAO_GIA'!G143, 0) | J151: =IF('00_TONG_HOP_BAO_GIA'!G143>0, '00_TONG_HOP_BAO_GIA'!L143 * (1 + '00_TONG_HOP_BAO_GIA'!P143) / '00_TONG_HOP_BAO_GIA'!G143, 0) | K151: ='00_TONG_HOP_BAO_GIA'!Q143 | L151: =('00_TONG_HOP_BAO_GIA'!K143 + '00_TONG_HOP_BAO_GIA'!M143) * (1 + '00_TONG_HOP_BAO_GIA'!P143) | M151: ='00_TONG_HOP_BAO_GIA'!L143 * (1 + '00_TONG_HOP_BAO_GIA'!P143) | N151: ='00_TONG_HOP_BAO_GIA'!R143 | O151: =IF(K151=0, "CẢNH BÁO: Đơn giá = 0. Tra cứu lại Sheet 06!", '00_TONG_HOP_BAO_GIA'!S143)
A152: =SUBTOTAL(3,$G$7:G152) | B152: Tole 1.15mm phủ lớp mạ kẽm Z180 | C152: Diện tích tính theo kích thước hình học (Hoàn thiện) | D152: Hoa Sen, Phương Nam | E152: Hoa Sen / Phương Nam / Nam Kim / tđ | G152: m2 | H152: 1681 | I152: =IF('00_TONG_HOP_BAO_GIA'!G144>0, ('00_TONG_HOP_BAO_GIA'!K144 + '00_TONG_HOP_BAO_GIA'!M144) * (1 + '00_TONG_HOP_BAO_GIA'!P144) / '00_TONG_HOP_BAO_GIA'!G144, 0) | J152: =IF('00_TONG_HOP_BAO_GIA'!G144>0, '00_TONG_HOP_BAO_GIA'!L144 * (1 + '00_TONG_HOP_BAO_GIA'!P144) / '00_TONG_HOP_BAO_GIA'!G144, 0) | K152: ='00_TONG_HOP_BAO_GIA'!Q144 | L152: =('00_TONG_HOP_BAO_GIA'!K144 + '00_TONG_HOP_BAO_GIA'!M144) * (1 + '00_TONG_HOP_BAO_GIA'!P144) | M152: ='00_TONG_HOP_BAO_GIA'!L144 * (1 + '00_TONG_HOP_BAO_GIA'!P144) | N152: ='00_TONG_HOP_BAO_GIA'!R144 | O152: =IF(K152=0, "CẢNH BÁO: Đơn giá = 0. Tra cứu lại Sheet 06!", '00_TONG_HOP_BAO_GIA'!S144)
...

Sheet 00_TONG_HOP_BAO_GIA
A1: STT | B1: ITEM_ID | C1: PHÂN NHÓM | D1: TÊN SẢN PHẨM | E1: QUY CÁCH (WxH) | F1: ĐVT | G1: SỐ LƯỢNG | H1: CP VẬT TƯ ỐNG | I1: CP VẬT TƯ CỬA | J1: CP VẬT TƯ VAN | K1: TỔNG CP VẬT TƯ | L1: NHÂN CÔNG (25%) | M1: CP XƯỞNG (10%) | N1: TỔNG GIÁ VỐN | O1: GIÁ VỐN / ĐVT | P1: MARGIN (%) | Q1: ĐƠN GIÁ BÁN | R1: THÀNH TIỀN (VNĐ) | S1: GHI CHÚ
A2: 1 | B2: SW-TRD-001 | C2: THƯƠNG MẠI | D2: HỆ THỐNG HÚT KHÓI HẦM XE, HÚT KHÓI SỰ CỐ Quạt hướng trục CEF-B2-Z1-01~02 5290/9430 l/s @ 500/1350 Pa, chống cháy 300°C trong 2h, | E2: - | F2: Cái | G2: 2 | H2: =SUMIF('01_BOC_TACH_ONG'!B:B, B2, '01_BOC_TACH_ONG'!K:K) | I2: =SUMIF('02_BOC_TACH_CUA'!B:B, B2, '02_BOC_TACH_CUA'!K:K) | J2: =SUMIF('03_BOC_TACH_VAN'!B:B, B2, '03_BOC_TACH_VAN'!K:K) | K2: =SUM(H2:J2) | L2: =K2*0.00 | M2: =K2*0.02 | N2: =K2+L2+M2 | O2: =IF(G2>0, N2/G2, 0) | P2: 0.1 | Q2: =O2*(1+P2) | R2: =G2*Q2 | S2: Hàng thương mại
A3: 2 | B3: SW-TRD-002 | C3: THƯƠNG MẠI | D3: HỆ THỐNG HÚT KHÓI HẦM XE, HÚT KHÓI SỰ CỐ Quạt hướng trục CEF-B2-Z2-01~02 5490/8910 l/s @ 600/1350 Pa, chống cháy 300°C trong 2h | E3: - | F3: Cái | G3: 2 | H3: =SUMIF('01_BOC_TACH_ONG'!B:B, B3, '01_BOC_TACH_ONG'!K:K) | I3: =SUMIF('02_BOC_TACH_CUA'!B:B, B3, '02_BOC_TACH_CUA'!K:K) | J3: =SUMIF('03_BOC_TACH_VAN'!B:B, B3, '03_BOC_TACH_VAN'!K:K) | K3: =SUM(H3:J3) | L3: =K3*0.00 | M3: =K3*0.02 | N3: =K3+L3+M3 | O3: =IF(G3>0, N3/G3, 0) | P3: 0.1 | Q3: =O3*(1+P3) | R3: =G3*Q3 | S3: Hàng thương mại
A4: 3 | B4: SW-TRD-003 | C4: THƯƠNG MẠI | D4: HỆ THỐNG HÚT KHÓI HẦM XE, HÚT KHÓI SỰ CỐ Quạt hướng trục CEF-B1-Z1-01~02 5590/8385 l/s @ 600/1350 Pa, chống cháy 300°C trong 2h | E4: - | F4: Cái | G4: 2 | H4: =SUMIF('01_BOC_TACH_ONG'!B:B, B4, '01_BOC_TACH_ONG'!K:K) | I4: =SUMIF('02_BOC_TACH_CUA'!B:B, B4, '02_BOC_TACH_CUA'!K:K) | J4: =SUMIF('03_BOC_TACH_VAN'!B:B, B4, '03_BOC_TACH_VAN'!K:K) | K4: =SUM(H4:J4) | L4: =K4*0.00 | M4: =K4*0.02 | N4: =K4+L4+M4 | O4: =IF(G4>0, N4/G4, 0) | P4: 0.1 | Q4: =O4*(1+P4) | R4: =G4*Q4 | S4: Hàng thương mại
A5: 4 | B5: SW-TRD-004 | C5: THƯƠNG MẠI | D5: HỆ THỐNG HÚT KHÓI HẦM XE, HÚT KHÓI SỰ CỐ Quạt hướng trục CEF-B1-Z2-01~02 5135/7700 l/s @ 600/1350 Pa, chống cháy 300°C trong 2h | E5: - | F5: Cái | G5: 2 | H5: =SUMIF('01_BOC_TACH_ONG'!B:B, B5, '01_BOC_TACH_ONG'!K:K) | I5: =SUMIF('02_BOC_TACH_CUA'!B:B, B5, '02_BOC_TACH_CUA'!K:K) | J5: =SUMIF('03_BOC_TACH_VAN'!B:B, B5, '03_BOC_TACH_VAN'!K:K) | K5: =SUM(H5:J5) | L5: =K5*0.00 | M5: =K5*0.02 | N5: =K5+L5+M5 | O5: =IF(G5>0, N5/G5, 0) | P5: 0.1 | Q5: =O5*(1+P5) | R5: =G5*Q5 | S5: Hàng thương mại
A6: 5 | B6: SW-TRD-005 | C6: THƯƠNG MẠI | D6: HỆ THỐNG HÚT KHÓI HẦM XE, HÚT KHÓI SỰ CỐ Quạt hướng trục SEF-B1-Z2-01 4800 l/s @ 500 Pa, chống cháy 300°C trong 2h | E6: - | F6: Cái | G6: 1 | H6: =SUMIF('01_BOC_TACH_ONG'!B:B, B6, '01_BOC_TACH_ONG'!K:K) | I6: =SUMIF('02_BOC_TACH_CUA'!B:B, B6, '02_BOC_TACH_CUA'!K:K) | J6: =SUMIF('03_BOC_TACH_VAN'!B:B, B6, '03_BOC_TACH_VAN'!K:K) | K6: =SUM(H6:J6) | L6: =K6*0.00 | M6: =K6*0.02 | N6: =K6+L6+M6 | O6: =IF(G6>0, N6/G6, 0) | P6: 0.1 | Q6: =O6*(1+P6) | R6: =G6*Q6 | S6: Hàng thương mại
A7: 6 | B7: SW-TRD-006 | C7: THƯƠNG MẠI | D7: HỆ THỐNG HÚT KHÓI HẦM XE, HÚT KHÓI SỰ CỐ Quạt hướng trục SEF-A1.1-03F-01~02 7400 l/s @ 400 Pa, chống cháy 300°C trong 2h | E7: - | F7: Cái | G7: 2 | H7: =SUMIF('01_BOC_TACH_ONG'!B:B, B7, '01_BOC_TACH_ONG'!K:K) | I7: =SUMIF('02_BOC_TACH_CUA'!B:B, B7, '02_BOC_TACH_CUA'!K:K) | J7: =SUMIF('03_BOC_TACH_VAN'!B:B, B7, '03_BOC_TACH_VAN'!K:K) | K7: =SUM(H7:J7) | L7: =K7*0.00 | M7: =K7*0.02 | N7: =K7+L7+M7 | O7: =IF(G7>0, N7/G7, 0) | P7: 0.1 | Q7: =O7*(1+P7) | R7: =G7*Q7 | S7: Hàng thương mại
A8: 7 | B8: SW-TRD-007 | C8: THƯƠNG MẠI | D8: HỆ THỐNG HÚT KHÓI HẦM XE, HÚT KHÓI SỰ CỐ Quạt hướng trục SEF-A1.2-03F-01~02 6700 l/s @ 500 Pa, chống cháy 300°C trong 2h | E8: - | F8: Cái | G8: 2 | H8: =SUMIF('01_BOC_TACH_ONG'!B:B, B8, '01_BOC_TACH_ONG'!K:K) | I8: =SUMIF('02_BOC_TACH_CUA'!B:B, B8, '02_BOC_TACH_CUA'!K:K) | J8: =SUMIF('03_BOC_TACH_VAN'!B:B, B8, '03_BOC_TACH_VAN'!K:K) | K8: =SUM(H8:J8) | L8: =K8*0.00 | M8: =K8*0.02 | N8: =K8+L8+M8 | O8: =IF(G8>0, N8/G8, 0) | P8: 0.1 | Q8: =O8*(1+P8) | R8: =G8*Q8 | S8: Hàng thương mại
A9: 8 | B9: SW-TRD-008 | C9: THƯƠNG MẠI | D9: HỆ THỐNG HÚT KHÓI HẦM XE, HÚT KHÓI SỰ CỐ Quạt hướng trục SEF-A1.2-03F-03 5100 l/s @ 500 Pa, chống cháy 300°C trong 2h | E9: - | F9: Cái | G9: 1 | H9: =SUMIF('01_BOC_TACH_ONG'!B:B, B9, '01_BOC_TACH_ONG'!K:K) | I9: =SUMIF('02_BOC_TACH_CUA'!B:B, B9, '02_BOC_TACH_CUA'!K:K) | J9: =SUMIF('03_BOC_TACH_VAN'!B:B, B9, '03_BOC_TACH_VAN'!K:K) | K9: =SUM(H9:J9) | L9: =K9*0.00 | M9: =K9*0.02 | N9: =K9+L9+M9 | O9: =IF(G9>0, N9/G9, 0) | P9: 0.1 | Q9: =O9*(1+P9) | R9: =G9*Q9 | S9: Hàng thương mại
A10: 9 | B10: SW-TRD-009 | C10: THƯƠNG MẠI | D10: HỆ THỐNG HÚT KHÓI HẦM XE, HÚT KHÓI SỰ CỐ Quạt hướng trục SEF-A1.3-03F-01~03 4800 l/s @ 500 Pa, chống cháy 300°C trong 2h | E10: - | F10: Cái | G10: 3 | H10: =SUMIF('01_BOC_TACH_ONG'!B:B, B10, '01_BOC_TACH_ONG'!K:K) | I10: =SUMIF('02_BOC_TACH_CUA'!B:B, B10, '02_BOC_TACH_CUA'!K:K) | J10: =SUMIF('03_BOC_TACH_VAN'!B:B, B10, '03_BOC_TACH_VAN'!K:K) | K10: =SUM(H10:J10) | L10: =K10*0.00 | M10: =K10*0.02 | N10: =K10+L10+M10 | O10: =IF(G10>0, N10/G10, 0) | P10: 0.1 | Q10: =O10*(1+P10) | R10: =G10*Q10 | S10: Hàng thương mại
A11: 10 | B11: SW-TRD-010 | C11: THƯƠNG MẠI | D11: HỆ THỐNG HÚT KHÓI HẦM XE, HÚT KHÓI SỰ CỐ Quạt hướng trục SEF-A1.3-03F-04 4800 l/s @ 450 Pa, chống cháy 300°C trong 2h | E11: - | F11: Cái | G11: 1 | H11: =SUMIF('01_BOC_TACH_ONG'!B:B, B11, '01_BOC_TACH_ONG'!K:K) | I11: =SUMIF('02_BOC_TACH_CUA'!B:B, B11, '02_BOC_TACH_CUA'!K:K) | J11: =SUMIF('03_BOC_TACH_VAN'!B:B, B11, '03_BOC_TACH_VAN'!K:K) | K11: =SUM(H11:J11) | L11: =K11*0.00 | M11: =K11*0.02 | N11: =K11+L11+M11 | O11: =IF(G11>0, N11/G11, 0) | P11: 0.1 | Q11: =O11*(1+P11) | R11: =G11*Q11 | S11: Hàng thương mại
A12: 11 | B12: SW-TRD-011 | C12: THƯƠNG MẠI | D12: HỆ THỐNG HÚT KHÓI HẦM XE, HÚT KHÓI SỰ CỐ Quạt hướng trục SEF-A1.3-03F-05~07 4800 l/s @ 500 Pa, chống cháy 300°C trong 2h | E12: - | F12: Cái | G12: 3 | H12: =SUMIF('01_BOC_TACH_ONG'!B:B, B12, '01_BOC_TACH_ONG'!K:K) | I12: =SUMIF('02_BOC_TACH_CUA'!B:B, B12, '02_BOC_TACH_CUA'!K:K) | J12: =SUMIF('03_BOC_TACH_VAN'!B:B, B12, '03_BOC_TACH_VAN'!K:K) | K12: =SUM(H12:J12) | L12: =K12*0.00 | M12: =K12*0.02 | N12: =K12+L12+M12 | O12: =IF(G12>0, N12/G12, 0) | P12: 0.1 | Q12: =O12*(1+P12) | R12: =G12*Q12 | S12: Hàng thương mại
A13: 12 | B13: SW-TRD-012 | C13: THƯƠNG MẠI | D13: HỆ THỐNG HÚT KHÓI HẦM XE, HÚT KHÓI SỰ CỐ Quạt hướng trục SEF-A1.3-10F-01 7100 l/s @ 600 Pa, chống cháy 300°C trong 2h | E13: - | F13: Cái | G13: 1 | H13: =SUMIF('01_BOC_TACH_ONG'!B:B, B13, '01_BOC_TACH_ONG'!K:K) | I13: =SUMIF('02_BOC_TACH_CUA'!B:B, B13, '02_BOC_TACH_CUA'!K:K) | J13: =SUMIF('03_BOC_TACH_VAN'!B:B, B13, '03_BOC_TACH_VAN'!K:K) | K13: =SUM(H13:J13) | L13: =K13*0.00 | M13: =K13*0.02 | N13: =K13+L13+M13 | O13: =IF(G13>0, N13/G13, 0) | P13: 0.1 | Q13: =O13*(1+P13) | R13: =G13*Q13 | S13: Hàng thương mại
... A15: 14 | B15: SW-TRD-014 | C15: THƯƠNG MẠI | D15: HỆ THỐNG HÚT KHÓI HẦM XE, HÚT KHÓI SỰ CỐ Quạt hướng trục SEF-A1.1-RF-01 8100 l/s @ 650 Pa, chống cháy 300°C trong 2h | E15: - | F15: Cái | G15: 1 | H15: =SUMIF('01_BOC_TACH_ONG'!B:B, B15, '01_BOC_TACH_ONG'!K:K) | I15: =SUMIF('02_BOC_TACH_CUA'!B:B, B15, '02_BOC_TACH_CUA'!K:K) | J15: =SUMIF('03_BOC_TACH_VAN'!B:B, B15, '03_BOC_TACH_VAN'!K:K) | K15: =SUM(H15:J15) | L15: =K15*0.00 | M15: =K15*0.02 | N15: =K15+L15+M15 | O15: =IF(G15>0, N15/G15, 0) | P15: 0.1 | Q15: =O15*(1+P15) | R15: =G15*Q15 | S15: Hàng thương mại
A16: 15 | B16: SW-CV-015 | C16: KHỚP NỐI MỀM | D16: HỆ THỐNG HÚT KHÓI HẦM XE, HÚT KHÓI SỰ CỐ Canvas loại chống cháy cho quạt TAHK | E16: D1000 | F16: cái | G16: 15 | H16: =SUMIF('01_BOC_TACH_ONG'!B:B, B16, '01_BOC_TACH_ONG'!K:K) | I16: =SUMIF('02_BOC_TACH_CUA'!B:B, B16, '02_BOC_TACH_CUA'!K:K) | J16: =SUMIF('03_BOC_TACH_VAN'!B:B, B16, '03_BOC_TACH_VAN'!K:K) | K16: =SUM(H16:J16) | L16: =K16*0.25 | M16: =K16*0.10 | N16: =K16+L16+M16 | O16: =IF(G16>0, N16/G16, 0) | P16: 0.18 | Q16: =O16*(1+P16) | R16: =G16*Q16
A17: 16 | B17: SW-CV-016 | C17: KHỚP NỐI MỀM | D17: HỆ THỐNG HÚT KHÓI HẦM XE, HÚT KHÓI SỰ CỐ Canvas loại chống cháy cho quạt TAHK | E17: D900 | F17: cái | G17: 40 | H17: =SUMIF('01_BOC_TACH_ONG'!B:B, B17, '01_BOC_TACH_ONG'!K:K) | I17: =SUMIF('02_BOC_TACH_CUA'!B:B, B17, '02_BOC_TACH_CUA'!K:K) | J17: =SUMIF('03_BOC_TACH_VAN'!B:B, B17, '03_BOC_TACH_VAN'!K:K) | K17: =SUM(H17:J17) | L17: =K17*0.25 | M17: =K17*0.10 | N17: =K17+L17+M17 | O17: =IF(G17>0, N17/G17, 0) | P17: 0.18 | Q17: =O17*(1+P17) | R17: =G17*Q17
A18: 17 | B18: SW-CV-017 | C18: KHỚP NỐI MỀM | D18: HỆ THỐNG HÚT KHÓI HẦM XE, HÚT KHÓI SỰ CỐ Canvas loại chống cháy cho quạt TAHK | E18: D800 | F18: cái | G18: 40 | H18: =SUMIF('01_BOC_TACH_ONG'!B:B, B18, '01_BOC_TACH_ONG'!K:K) | I18: =SUMIF('02_BOC_TACH_CUA'!B:B, B18, '02_BOC_TACH_CUA'!K:K) | J18: =SUMIF('03_BOC_TACH_VAN'!B:B, B18, '03_BOC_TACH_VAN'!K:K) | K18: =SUM(H18:J18) | L18: =K18*0.25 | M18: =K18*0.10 | N18: =K18+L18+M18 | O18: =IF(G18>0, N18/G18, 0) | P18: 0.18 | Q18: =O18*(1+P18) | R18: =G18*Q18
A19: 18 | B19: SW-CV-018 | C19: KHỚP NỐI MỀM | D19: HỆ THỐNG HÚT KHÓI HẦM XE, HÚT KHÓI SỰ CỐ Canvas loại chống cháy cho quạt TAHK | E19: D710 | F19: cái | G19: 16 | H19: =SUMIF('01_BOC_TACH_ONG'!B:B, B19, '01_BOC_TACH_ONG'!K:K) | I19: =SUMIF('02_BOC_TACH_CUA'!B:B, B19, '02_BOC_TACH_CUA'!K:K) | J19: =SUMIF('03_BOC_TACH_VAN'!B:B, B19, '03_BOC_TACH_VAN'!K:K) | K19: =SUM(H19:J19) | L19: =K19*0.25 | M19: =K19*0.10 | N19: =K19+L19+M19 | O19: =IF(G19>0, N19/G19, 0) | P19: 0.18 | Q19: =O19*(1+P19) | R19: =G19*Q19
A20: 19 | B20: SW-CV-019 | C20: KHỚP NỐI MỀM | D20: HỆ THỐNG HÚT KHÓI HẦM XE, HÚT KHÓI SỰ CỐ Canvas loại chống cháy cho quạt TAHK | E20: D560 | F20: cái | G20: 16 | H20: =SUMIF('01_BOC_TACH_ONG'!B:B, B20, '01_BOC_TACH_ONG'!K:K) | I20: =SUMIF('02_BOC_TACH_CUA'!B:B, B20, '02_BOC_TACH_CUA'!K:K) | J20: =SUMIF('03_BOC_TACH_VAN'!B:B, B20, '03_BOC_TACH_VAN'!K:K) | K20: =SUM(H20:J20) | L20: =K20*0.25 | M20: =K20*0.10 | N20: =K20+L20+M20 | O20: =IF(G20>0, N20/G20, 0) | P20: 0.18 | Q20: =O20*(1+P20) | R20: =G20*Q20
A21: 20 | B21: SW-CV-020 | C21: KHỚP NỐI MỀM | D21: HỆ THỐNG HÚT KHÓI HẦM XE, HÚT KHÓI SỰ CỐ Canvas loại thường cho quạt thông gió | E21: D1000 | F21: cái | G21: 32 | H21: =SUMIF('01_BOC_TACH_ONG'!B:B, B21, '01_BOC_TACH_ONG'!K:K) | I21: =SUMIF('02_BOC_TACH_CUA'!B:B, B21, '02_BOC_TACH_CUA'!K:K) | J21: =SUMIF('03_BOC_TACH_VAN'!B:B, B21, '03_BOC_TACH_VAN'!K:K) | K21: =SUM(H21:J21) | L21: =K21*0.25 | M21: =K21*0.10 | N21: =K21+L21+M21 | O21: =IF(G21>0, N21/G21, 0) | P21: 0.18 | Q21: =O21*(1+P21) | R21: =G21*Q21
A22: 21 | B22: SW-CV-021 | C22: KHỚP NỐI MỀM | D22: HỆ THỐNG HÚT KHÓI HẦM XE, HÚT KHÓI SỰ CỐ Canvas loại thường cho quạt thông gió | E22: D560 | F22: cái | G22: 24 | H22: =SUMIF('01_BOC_TACH_ONG'!B:B, B22, '01_BOC_TACH_ONG'!K:K) | I22: =SUMIF('02_BOC_TACH_CUA'!B:B, B22, '02_BOC_TACH_CUA'!K:K) | J22: =SUMIF('03_BOC_TACH_VAN'!B:B, B22, '03_BOC_TACH_VAN'!K:K) | K22: =SUM(H22:J22) | L22: =K22*0.25 | M22: =K22*0.10 | N22: =K22+L22+M22 | O22: =IF(G22>0, N22/G22, 0) | P22: 0.18 | Q22: =O22*(1+P22) | R22: =G22*Q22
A23: 22 | B23: SW-ACST-022 | C23: VÁCH NGĂN / HỘP TIÊU ÂM | D23: HỆ THỐNG HÚT KHÓI HẦM XE, HÚT KHÓI SỰ CỐ Tiêu âm quạt | E23: - | F23: Bộ | G23: 16 | H23: =SUMIF('01_BOC_TACH_ONG'!B:B, B23, '01_BOC_TACH_ONG'!K:K) | I23: =SUMIF('02_BOC_TACH_CUA'!B:B, B23, '02_BOC_TACH_CUA'!K:K) | J23: =SUMIF('03_BOC_TACH_VAN'!B:B, B23, '03_BOC_TACH_VAN'!K:K) | K23: =SUM(H23:J23) | L23: =K23*0.25 | M23: =K23*0.10 | N23: =K23+L23+M23 | O23: =IF(G23>0, N23/G23, 0) | P23: 0.18 | Q23: =O23*(1+P23) | R23: =G23*Q23
A24: 23 | B24: SW-DAMPER-023 | C24: VAN GIÓ | D24: HỆ THỐNG HÚT KHÓI HẦM XE, HÚT KHÓI SỰ CỐ Van 1 chiều NRD 1250x1250 (EI60) | E24: 1250x1250 | F24: Cái | G24: 6 | H24: =SUMIF('01_BOC_TACH_ONG'!B:B, B24, '01_BOC_TACH_ONG'!K:K) | I24: =SUMIF('02_BOC_TACH_CUA'!B:B, B24, '02_BOC_TACH_CUA'!K:K) | J24: =SUMIF('03_BOC_TACH_VAN'!B:B, B24, '03_BOC_TACH_VAN'!K:K) | K24: =SUM(H24:J24) | L24: =K24*0.25 | M24: =K24*0.10 | N24: =K24+L24+M24 | O24: =IF(G24>0, N24/G24, 0) | P24: 0.18 | Q24: =O24*(1+P24) | R24: =G24*Q24
A25: 24 | B25: SW-DAMPER-024 | C25: VAN GIÓ | D25: HỆ THỐNG HÚT KHÓI HẦM XE, HÚT KHÓI SỰ CỐ Van 1 chiều NRD 1700x600 (EI60) | E25: 1700x600 | F25: Cái | G25: 2 | H25: =SUMIF('01_BOC_TACH_ONG'!B:B, B25, '01_BOC_TACH_ONG'!K:K) | I25: =SUMIF('02_BOC_TACH_CUA'!B:B, B25, '02_BOC_TACH_CUA'!K:K) | J25: =SUMIF('03_BOC_TACH_VAN'!B:B, B25, '03_BOC_TACH_VAN'!K:K) | K25: =SUM(H25:J25) | L25: =K25*0.25 | M25: =K25*0.10 | N25: =K25+L25+M25 | O25: =IF(G25>0, N25/G25, 0) | P25: 0.18 | Q25: =O25*(1+P25) | R25: =G25*Q25
A26: 25 | B26: SW-DAMPER-025 | C26: VAN GIÓ | D26: HỆ THỐNG HÚT KHÓI HẦM XE, HÚT KHÓI SỰ CỐ Van 1 chiều NRD 1200x350 (EI60) | E26: 1200x350 | F26: Cái | G26: 1 | H26: =SUMIF('01_BOC_TACH_ONG'!B:B, B26, '01_BOC_TACH_ONG'!K:K) | I26: =SUMIF('02_BOC_TACH_CUA'!B:B, B26, '02_BOC_TACH_CUA'!K:K) | J26: =SUMIF('03_BOC_TACH_VAN'!B:B, B26, '03_BOC_TACH_VAN'!K:K) | K26: =SUM(H26:J26) | L26: =K26*0.25 | M26: =K26*0.10 | N26: =K26+L26+M26 | O26: =IF(G26>0, N26/G26, 0) | P26: 0.18 | Q26: =O26*(1+P26) | R26: =G26*Q26
A27: 26 | B27: SW-DAMPER-026 | C27: VAN GIÓ | D27: HỆ THỐNG HÚT KHÓI HẦM XE, HÚT KHÓI SỰ CỐ Van ngăn cháy MFD 1250x1250 (EI60) | E27: 1250x1250 | F27: Cái | G27: 6 | H27: =SUMIF('01_BOC_TACH_ONG'!B:B, B27, '01_BOC_TACH_ONG'!K:K) | I27: =SUMIF('02_BOC_TACH_CUA'!B:B, B27, '02_BOC_TACH_CUA'!K:K) | J27: =SUMIF('03_BOC_TACH_VAN'!B:B, B27, '03_BOC_TACH_VAN'!K:K) | K27: =SUM(H27:J27) | L27: =K27*0.25 | M27: =K27*0.10 | N27: =K27+L27+M27 | O27: =IF(G27>0, N27/G27, 0) | P27: 0.18 | Q27: =O27*(1+P27) | R27: =G27*Q27
... A50: 49 | B50: SW-DIFF-049 | C50: CỬA GIÓ | D50: HỆ THỐNG HÚT KHÓI HẦM XE, HÚT KHÓI SỰ CỐ Box miệng gió 10006300 | E50: - | F50: Cái | G50: 52 | H50: =SUMIF('01_BOC_TACH_ONG'!B:B, B50, '01_BOC_TACH_ONG'!K:K) | I50: =SUMIF('02_BOC_TACH_CUA'!B:B, B50, '02_BOC_TACH_CUA'!K:K) | J50: =SUMIF('03_BOC_TACH_VAN'!B:B, B50, '03_BOC_TACH_VAN'!K:K) | K50: =SUM(H50:J50) | L50: =K50*0.25 | M50: =K50*0.10 | N50: =K50+L50+M50 | O50: =IF(G50>0, N50/G50, 0) | P50: 0.18 | Q50: =O50*(1+P50) | R50: =G50*Q50
A51: 50 | B51: SW-TRD-050 | C51: THƯƠNG MẠI | D51: HỆ THỐNG HÚT KHÓI HẦM XE, HÚT KHÓI SỰ CỐ Vật tư phụ, phụ kiện | E51: - | F51: Lô | G51: 1 | H51: =SUMIF('01_BOC_TACH_ONG'!B:B, B51, '01_BOC_TACH_ONG'!K:K) | I51: =SUMIF('02_BOC_TACH_CUA'!B:B, B51, '02_BOC_TACH_CUA'!K:K) | J51: =SUMIF('03_BOC_TACH_VAN'!B:B, B51, '03_BOC_TACH_VAN'!K:K) | K51: =SUM(H51:J51) | L51: =K51*0.00 | M51: =K51*0.02 | N51: =K51+L51+M51 | O51: =IF(G51>0, N51/G51, 0) | P51: 0.1 | Q51: =O51*(1+P51) | R51: =G51*Q51 | S51: Hàng thương mại
A52: 51 | B52: SW-DUCT-051 | C52: ỐNG GIÓ | D52: Ống thông gió và phụ kiện, box miệng gió Tole 0.75mm phủ lớp mạ kẽm Z180 | E52: 0.75mm | F52: m2 | G52: 2633.4 | H52: =SUMIF('01_BOC_TACH_ONG'!B:B, B52, '01_BOC_TACH_ONG'!K:K) | I52: =SUMIF('02_BOC_TACH_CUA'!B:B, B52, '02_BOC_TACH_CUA'!K:K) | J52: =SUMIF('03_BOC_TACH_VAN'!B:B, B52, '03_BOC_TACH_VAN'!K:K) | K52: =SUM(H52:J52) | L52: =K52*0.25 | M52: =K52*0.10 | N52: =K52+L52+M52 | O52: =IF(G52>0, N52/G52, 0) | P52: 0.18 | Q52: =O52*(1+P52) | R52: =G52*Q52
A53: 52 | B53: SW-DUCT-052 | C53: ỐNG GIÓ | D53: Ống thông gió và phụ kiện, box miệng gió Tole 0.95mm phủ lớp mạ kẽm Z180 | E53: 0.95mm | F53: m2 | G53: 1291.1 | H53: =SUMIF('01_BOC_TACH_ONG'!B:B, B53, '01_BOC_TACH_ONG'!K:K) | I53: =SUMIF('02_BOC_TACH_CUA'!B:B, B53, '02_BOC_TACH_CUA'!K:K) | J53: =SUMIF('03_BOC_TACH_VAN'!B:B, B53, '03_BOC_TACH_VAN'!K:K) | K53: =SUM(H53:J53) | L53: =K53*0.25 | M53: =K53*0.10 | N53: =K53+L53+M53 | O53: =IF(G53>0, N53/G53, 0) | P53: 0.18 | Q53: =O53*(1+P53) | R53: =G53*Q53
A54: 53 | B54: SW-DUCT-053 | C54: ỐNG GIÓ | D54: Ống thông gió và phụ kiện, box miệng gió Tole 1.15mm phủ lớp mạ kẽm Z180 | E54: 1.15mm | F54: m2 | G54: 3070.55 | H54: =SUMIF('01_BOC_TACH_ONG'!B:B, B54, '01_BOC_TACH_ONG'!K:K) | I54: =SUMIF('02_BOC_TACH_CUA'!B:B, B54, '02_BOC_TACH_CUA'!K:K) | J54: =SUMIF('03_BOC_TACH_VAN'!B:B, B54, '03_BOC_TACH_VAN'!K:K) | K54: =SUM(H54:J54) | L54: =K54*0.25 | M54: =K54*0.10 | N54: =K54+L54+M54 | O54: =IF(G54>0, N54/G54, 0) | P54: 0.18 | Q54: =O54*(1+P54) | R54: =G54*Q54
A55: 54 | B55: SW-DUCT-054 | C55: ỐNG GIÓ | D55: Ống thông gió và phụ kiện, box miệng gió Tole ZAM 1.15mm | E55: 1.15mm | F55: m2 | G55: 138 | H55: =SUMIF('01_BOC_TACH_ONG'!B:B, B55, '01_BOC_TACH_ONG'!K:K) | I55: =SUMIF('02_BOC_TACH_CUA'!B:B, B55, '02_BOC_TACH_CUA'!K:K) | J55: =SUMIF('03_BOC_TACH_VAN'!B:B, B55, '03_BOC_TACH_VAN'!K:K) | K55: =SUM(H55:J55) | L55: =K55*0.25 | M55: =K55*0.10 | N55: =K55+L55+M55 | O55: =IF(G55>0, N55/G55, 0) | P55: 0.18 | Q55: =O55*(1+P55) | R55: =G55*Q55
A56: 55 | B56: SW-TRD-055 | C56: THƯƠNG MẠI | D56: Ống thông gió và phụ kiện, box miệng gió Lưới bảo vệ | E56: - | F56: cái | G56: 3 | H56: =SUMIF('01_BOC_TACH_ONG'!B:B, B56, '01_BOC_TACH_ONG'!K:K) | I56: =SUMIF('02_BOC_TACH_CUA'!B:B, B56, '02_BOC_TACH_CUA'!K:K) | J56: =SUMIF('03_BOC_TACH_VAN'!B:B, B56, '03_BOC_TACH_VAN'!K:K) | K56: =SUM(H56:J56) | L56: =K56*0.00 | M56: =K56*0.02 | N56: =K56+L56+M56 | O56: =IF(G56>0, N56/G56, 0) | P56: 0.1 | Q56: =O56*(1+P56) | R56: =G56*Q56 | S56: Hàng thương mại
A57: 56 | B57: SW-TRD-056 | C57: THƯƠNG MẠI | D57: Ống thông gió và phụ kiện, box miệng gió Lớp chống cháy EI30 | E57: - | F57: m2 | G57: 3621.25 | H57: =SUMIF('01_BOC_TACH_ONG'!B:B, B57, '01_BOC_TACH_ONG'!K:K) | I57: =SUMIF('02_BOC_TACH_CUA'!B:B, B57, '02_BOC_TACH_CUA'!K:K) | J57: =SUMIF('03_BOC_TACH_VAN'!B:B, B57, '03_BOC_TACH_VAN'!K:K) | K57: =SUM(H57:J57) | L57: =K57*0.00 | M57: =K57*0.02 | N57: =K57+L57+M57 | O57: =IF(G57>0, N57/G57, 0) | P57: 0.1 | Q57: =O57*(1+P57) | R57: =G57*Q57 | S57: Hàng thương mại
A58: 57 | B58: SW-TRD-057 | C58: THƯƠNG MẠI | D58: Ống thông gió và phụ kiện, box miệng gió Lớp chống cháy EI60 | E58: - | F58: m2 | G58: 2821 | H58: =SUMIF('01_BOC_TACH_ONG'!B:B, B58, '01_BOC_TACH_ONG'!K:K) | I58: =SUMIF('02_BOC_TACH_CUA'!B:B, B58, '02_BOC_TACH_CUA'!K:K) | J58: =SUMIF('03_BOC_TACH_VAN'!B:B, B58, '03_BOC_TACH_VAN'!K:K) | K58: =SUM(H58:J58) | L58: =K58*0.00 | M58: =K58*0.02 | N58: =K58+L58+M58 | O58: =IF(G58>0, N58/G58, 0) | P58: 0.1 | Q58: =O58*(1+P58) | R58: =G58*Q58 | S58: Hàng thương mại
A59: 58 | B59: SW-TRD-058 | C59: THƯƠNG MẠI | D59: Ống thông gió và phụ kiện, box miệng gió Vật tư phụ, phụ kiện | E59: - | F59: Lô | G59: 1 | H59: =SUMIF('01_BOC_TACH_ONG'!B:B, B59, '01_BOC_TACH_ONG'!K:K) | I59: =SUMIF('02_BOC_TACH_CUA'!B:B, B59, '02_BOC_TACH_CUA'!K:K) | J59: =SUMIF('03_BOC_TACH_VAN'!B:B, B59, '03_BOC_TACH_VAN'!K:K) | K59: =SUM(H59:J59) | L59: =K59*0.00 | M59: =K59*0.02 | N59: =K59+L59+M59 | O59: =IF(G59>0, N59/G59, 0) | P59: 0.1 | Q59: =O59*(1+P59) | R59: =G59*Q59 | S59: Hàng thương mại
A60: 59 | B60: SW-TRD-059 | C60: THƯƠNG MẠI | D60: HỆ THỐNG TẠO ÁP Quạt hướng trục BPF-B2-Z2-01 400 l/s @ 650 Pa, chống cháy 300°C trong 2h | E60: - | F60: Cái | G60: 1 | H60: =SUMIF('01_BOC_TACH_ONG'!B:B, B60, '01_BOC_TACH_ONG'!K:K) | I60: =SUMIF('02_BOC_TACH_CUA'!B:B, B60, '02_BOC_TACH_CUA'!K:K) | J60: =SUMIF('03_BOC_TACH_VAN'!B:B, B60, '03_BOC_TACH_VAN'!K:K) | K60: =SUM(H60:J60) | L60: =K60*0.00 | M60: =K60*0.02 | N60: =K60+L60+M60 | O60: =IF(G60>0, N60/G60, 0) | P60: 0.1 | Q60: =O60*(1+P60) | R60: =G60*Q60 | S60: Hàng thương mại
A61: 60 | B61: SW-TRD-060 | C61: THƯƠNG MẠI | D61: HỆ THỐNG TẠO ÁP Quạt hướng trục BPF-B2-Z2-02 1200 l/s @ 550 Pa, chống cháy 300°C trong 2h | E61: - | F61: Cái | G61: 1 | H61: =SUMIF('01_BOC_TACH_ONG'!B:B, B61, '01_BOC_TACH_ONG'!K:K) | I61: =SUMIF('02_BOC_TACH_CUA'!B:B, B61, '02_BOC_TACH_CUA'!K:K) | J61: =SUMIF('03_BOC_TACH_VAN'!B:B, B61, '03_BOC_TACH_VAN'!K:K) | K61: =SUM(H61:J61) | L61: =K61*0.00 | M61: =K61*0.02 | N61: =K61+L61+M61 | O61: =IF(G61>0, N61/G61, 0) | P61: 0.1 | Q61: =O61*(1+P61) | R61: =G61*Q61 | S61: Hàng thương mại
A62: 61 | B62: SW-TRD-061 | C62: THƯƠNG MẠI | D62: HỆ THỐNG TẠO ÁP Quạt hướng trục BPF-B2-Z2-03 4200 l/s @ 400 Pa, chống cháy 300°C trong 2h | E62: - | F62: Cái | G62: 1 | H62: =SUMIF('01_BOC_TACH_ONG'!B:B, B62, '01_BOC_TACH_ONG'!K:K) | I62: =SUMIF('02_BOC_TACH_CUA'!B:B, B62, '02_BOC_TACH_CUA'!K:K) | J62: =SUMIF('03_BOC_TACH_VAN'!B:B, B62, '03_BOC_TACH_VAN'!K:K) | K62: =SUM(H62:J62) | L62: =K62*0.00 | M62: =K62*0.02 | N62: =K62+L62+M62 | O62: =IF(G62>0, N62/G62, 0) | P62: 0.1 | Q62: =O62*(1+P62) | R62: =G62*Q62 | S62: Hàng thương mại
A63: 62 | B63: SW-TRD-062 | C63: THƯƠNG MẠI | D63: HỆ THỐNG TẠO ÁP Quạt hướng trục BPF-B2-Z2-04 4200 l/s @ 400 Pa, chống cháy 300°C trong 2h | E63: - | F63: Cái | G63: 1 | H63: =SUMIF('01_BOC_TACH_ONG'!B:B, B63, '01_BOC_TACH_ONG'!K:K) | I63: =SUMIF('02_BOC_TACH_CUA'!B:B, B63, '02_BOC_TACH_CUA'!K:K) | J63: =SUMIF('03_BOC_TACH_VAN'!B:B, B63, '03_BOC_TACH_VAN'!K:K) | K63: =SUM(H63:J63) | L63: =K63*0.00 | M63: =K63*0.02 | N63: =K63+L63+M63 | O63: =IF(G63>0, N63/G63, 0) | P63: 0.1 | Q63: =O63*(1+P63) | R63: =G63*Q63 | S63: Hàng thương mại
A64: 63 | B64: SW-TRD-063 | C64: THƯƠNG MẠI | D64: HỆ THỐNG TẠO ÁP Quạt hướng trục BPF-B1-Z1-01 5400 l/s @ 700 Pa, chống cháy 300°C trong 2h | E64: - | F64: Cái | G64: 1 | H64: =SUMIF('01_BOC_TACH_ONG'!B:B, B64, '01_BOC_TACH_ONG'!K:K) | I64: =SUMIF('02_BOC_TACH_CUA'!B:B, B64, '02_BOC_TACH_CUA'!K:K) | J64: =SUMIF('03_BOC_TACH_VAN'!B:B, B64, '03_BOC_TACH_VAN'!K:K) | K64: =SUM(H64:J64) | L64: =K64*0.00 | M64: =K64*0.02 | N64: =K64+L64+M64 | O64: =IF(G64>0, N64/G64, 0) | P64: 0.1 | Q64: =O64*(1+P64) | R64: =G64*Q64 | S64: Hàng thương mại
A65: 64 | B65: SW-TRD-064 | C65: THƯƠNG MẠI | D65: HỆ THỐNG TẠO ÁP Quạt hướng trục BPF-B1-Z1-02 5800 l/s @ 700 Pa, chống cháy 300°C trong 2h | E65: - | F65: Cái | G65: 1 | H65: =SUMIF('01_BOC_TACH_ONG'!B:B, B65, '01_BOC_TACH_ONG'!K:K) | I65: =SUMIF('02_BOC_TACH_CUA'!B:B, B65, '02_BOC_TACH_CUA'!K:K) | J65: =SUMIF('03_BOC_TACH_VAN'!B:B, B65, '03_BOC_TACH_VAN'!K:K) | K65: =SUM(H65:J65) | L65: =K65*0.00 | M65: =K65*0.02 | N65: =K65+L65+M65 | O65: =IF(G65>0, N65/G65, 0) | P65: 0.1 | Q65: =O65*(1+P65) | R65: =G65*Q65 | S65: Hàng thương mại
A66: 65 | B66: SW-TRD-065 | C66: THƯƠNG MẠI | D66: HỆ THỐNG TẠO ÁP Quạt hướng trục BPF-B1-Z1-03 400 l/s @ 550 Pa, chống cháy 300°C trong 2h | E66: - | F66: Cái | G66: 1 | H66: =SUMIF('01_BOC_TACH_ONG'!B:B, B66, '01_BOC_TACH_ONG'!K:K) | I66: =SUMIF('02_BOC_TACH_CUA'!B:B, B66, '02_BOC_TACH_CUA'!K:K) | J66: =SUMIF('03_BOC_TACH_VAN'!B:B, B66, '03_BOC_TACH_VAN'!K:K) | K66: =SUM(H66:J66) | L66: =K66*0.00 | M66: =K66*0.02 | N66: =K66+L66+M66 | O66: =IF(G66>0, N66/G66, 0) | P66: 0.1 | Q66: =O66*(1+P66) | R66: =G66*Q66 | S66: Hàng thương mại
A67: 66 | B67: SW-TRD-066 | C67: THƯƠNG MẠI | D67: HỆ THỐNG TẠO ÁP Quạt hướng trục BPF-B1-Z1-04 5400 l/s @ 450 Pa, chống cháy 300°C trong 2h | E67: - | F67: Cái | G67: 1 | H67: =SUMIF('01_BOC_TACH_ONG'!B:B, B67, '01_BOC_TACH_ONG'!K:K) | I67: =SUMIF('02_BOC_TACH_CUA'!B:B, B67, '02_BOC_TACH_CUA'!K:K) | J67: =SUMIF('03_BOC_TACH_VAN'!B:B, B67, '03_BOC_TACH_VAN'!K:K) | K67: =SUM(H67:J67) | L67: =K67*0.00 | M67: =K67*0.02 | N67: =K67+L67+M67 | O67: =IF(G67>0, N67/G67, 0) | P67: 0.1 | Q67: =O67*(1+P67) | R67: =G67*Q67 | S67: Hàng thương mại
... A87: 86 | B87: SW-TRD-086 | C87: THƯƠNG MẠI | D87: HỆ THỐNG TẠO ÁP Quạt hướng trục BPF-A1.1-RF-01 6100 l/s @ 600 Pa, chống cháy 300°C trong 2h | E87: - | F87: Cái | G87: 1 | H87: =SUMIF('01_BOC_TACH_ONG'!B:B, B87, '01_BOC_TACH_ONG'!K:K) | I87: =SUMIF('02_BOC_TACH_CUA'!B:B, B87, '02_BOC_TACH_CUA'!K:K) | J87: =SUMIF('03_BOC_TACH_VAN'!B:B, B87, '03_BOC_TACH_VAN'!K:K) | K87: =SUM(H87:J87) | L87: =K87*0.00 | M87: =K87*0.02 | N87: =K87+L87+M87 | O87: =IF(G87>0, N87/G87, 0) | P87: 0.1 | Q87: =O87*(1+P87) | R87: =G87*Q87 | S87: Hàng thương mại
A88: 87 | B88: SW-DAMPER-087 | C88: VAN GIÓ | D88: HỆ THỐNG TẠO ÁP Van 1 chiều NRD 300x200 (EI60) | E88: 300x200 | F88: Cái | G88: 1 | H88: =SUMIF('01_BOC_TACH_ONG'!B:B, B88, '01_BOC_TACH_ONG'!K:K) | I88: =SUMIF('02_BOC_TACH_CUA'!B:B, B88, '02_BOC_TACH_CUA'!K:K) | J88: =SUMIF('03_BOC_TACH_VAN'!B:B, B88, '03_BOC_TACH_VAN'!K:K) | K88: =SUM(H88:J88) | L88: =K88*0.25 | M88: =K88*0.10 | N88: =K88+L88+M88 | O88: =IF(G88>0, N88/G88, 0) | P88: 0.18 | Q88: =O88*(1+P88) | R88: =G88*Q88
A89: 88 | B89: SW-DAMPER-088 | C89: VAN GIÓ | D89: HỆ THỐNG TẠO ÁP Van 1 chiều NRD 700x500 (EI60) | E89: 700x500 | F89: Cái | G89: 2 | H89: =SUMIF('01_BOC_TACH_ONG'!B:B, B89, '01_BOC_TACH_ONG'!K:K) | I89: =SUMIF('02_BOC_TACH_CUA'!B:B, B89, '02_BOC_TACH_CUA'!K:K) | J89: =SUMIF('03_BOC_TACH_VAN'!B:B, B89, '03_BOC_TACH_VAN'!K:K) | K89: =SUM(H89:J89) | L89: =K89*0.25 | M89: =K89*0.10 | N89: =K89+L89+M89 | O89: =IF(G89>0, N89/G89, 0) | P89: 0.18 | Q89: =O89*(1+P89) | R89: =G89*Q89
A90: 89 | B90: SW-DAMPER-089 | C90: VAN GIÓ | D90: HỆ THỐNG TẠO ÁP Van 1 chiều NRD 700x800 (EI60) | E90: 700x800 | F90: Cái | G90: 2 | H90: =SUMIF('01_BOC_TACH_ONG'!B:B, B90, '01_BOC_TACH_ONG'!K:K) | I90: =SUMIF('02_BOC_TACH_CUA'!B:B, B90, '02_BOC_TACH_CUA'!K:K) | J90: =SUMIF('03_BOC_TACH_VAN'!B:B, B90, '03_BOC_TACH_VAN'!K:K) | K90: =SUM(H90:J90) | L90: =K90*0.25 | M90: =K90*0.10 | N90: =K90+L90+M90 | O90: =IF(G90>0, N90/G90, 0) | P90: 0.18 | Q90: =O90*(1+P90) | R90: =G90*Q90
A91: 90 | B91: SW-DAMPER-090 | C91: VAN GIÓ | D91: HỆ THỐNG TẠO ÁP Van 1 chiều NRD 250X200(EI60) | E91: 250x200 | F91: Cái | G91: 1 | H91: =SUMIF('01_BOC_TACH_ONG'!B:B, B91, '01_BOC_TACH_ONG'!K:K) | I91: =SUMIF('02_BOC_TACH_CUA'!B:B, B91, '02_BOC_TACH_CUA'!K:K) | J91: =SUMIF('03_BOC_TACH_VAN'!B:B, B91, '03_BOC_TACH_VAN'!K:K) | K91: =SUM(H91:J91) | L91: =K91*0.25 | M91: =K91*0.10 | N91: =K91+L91+M91 | O91: =IF(G91>0, N91/G91, 0) | P91: 0.18 | Q91: =O91*(1+P91) | R91: =G91*Q91
A92: 91 | B92: SW-DAMPER-091 | C92: VAN GIÓ | D92: HỆ THỐNG TẠO ÁP Van 1 chiều NRD 900x400 (EI60) | E92: 900x400 | F92: Cái | G92: 2 | H92: =SUMIF('01_BOC_TACH_ONG'!B:B, B92, '01_BOC_TACH_ONG'!K:K) | I92: =SUMIF('02_BOC_TACH_CUA'!B:B, B92, '02_BOC_TACH_CUA'!K:K) | J92: =SUMIF('03_BOC_TACH_VAN'!B:B, B92, '03_BOC_TACH_VAN'!K:K) | K92: =SUM(H92:J92) | L92: =K92*0.25 | M92: =K92*0.10 | N92: =K92+L92+M92 | O92: =IF(G92>0, N92/G92, 0) | P92: 0.18 | Q92: =O92*(1+P92) | R92: =G92*Q92
A93: 92 | B93: SW-DAMPER-092 | C93: VAN GIÓ | D93: HỆ THỐNG TẠO ÁP Van 1 chiều NRD 300x300 (EI60) | E93: 300x300 | F93: Cái | G93: 1 | H93: =SUMIF('01_BOC_TACH_ONG'!B:B, B93, '01_BOC_TACH_ONG'!K:K) | I93: =SUMIF('02_BOC_TACH_CUA'!B:B, B93, '02_BOC_TACH_CUA'!K:K) | J93: =SUMIF('03_BOC_TACH_VAN'!B:B, B93, '03_BOC_TACH_VAN'!K:K) | K93: =SUM(H93:J93) | L93: =K93*0.25 | M93: =K93*0.10 | N93: =K93+L93+M93 | O93: =IF(G93>0, N93/G93, 0) | P93: 0.18 | Q93: =O93*(1+P93) | R93: =G93*Q93
A94: 93 | B94: SW-DAMPER-093 | C94: VAN GIÓ | D94: HỆ THỐNG TẠO ÁP Van 1 chiều NRD 350x250 (EI60) | E94: 350x250 | F94: Cái | G94: 1 | H94: =SUMIF('01_BOC_TACH_ONG'!B:B, B94, '01_BOC_TACH_ONG'!K:K) | I94: =SUMIF('02_BOC_TACH_CUA'!B:B, B94, '02_BOC_TACH_CUA'!K:K) | J94: =SUMIF('03_BOC_TACH_VAN'!B:B, B94, '03_BOC_TACH_VAN'!K:K) | K94: =SUM(H94:J94) | L94: =K94*0.25 | M94: =K94*0.10 | N94: =K94+L94+M94 | O94: =IF(G94>0, N94/G94, 0) | P94: 0.18 | Q94: =O94*(1+P94) | R94: =G94*Q94
A95: 94 | B95: SW-DAMPER-094 | C95: VAN GIÓ | D95: HỆ THỐNG TẠO ÁP Van 1 chiều NRD 350x150 (EI60) | E95: 350x150 | F95: Cái | G95: 1 | H95: =SUMIF('01_BOC_TACH_ONG'!B:B, B95, '01_BOC_TACH_ONG'!K:K) | I95: =SUMIF('02_BOC_TACH_CUA'!B:B, B95, '02_BOC_TACH_CUA'!K:K) | J95: =SUMIF('03_BOC_TACH_VAN'!B:B, B95, '03_BOC_TACH_VAN'!K:K) | K95: =SUM(H95:J95) | L95: =K95*0.25 | M95: =K95*0.10 | N95: =K95+L95+M95 | O95: =IF(G95>0, N95/G95, 0) | P95: 0.18 | Q95: =O95*(1+P95) | R95: =G95*Q95
A96: 95 | B96: SW-DAMPER-095 | C96: VAN GIÓ | D96: HỆ THỐNG TẠO ÁP Van ngăn cháy MFD 350x200 (EI60) | E96: 350x200 | F96: Cái | G96: 1 | H96: =SUMIF('01_BOC_TACH_ONG'!B:B, B96, '01_BOC_TACH_ONG'!K:K) | I96: =SUMIF('02_BOC_TACH_CUA'!B:B, B96, '02_BOC_TACH_CUA'!K:K) | J96: =SUMIF('03_BOC_TACH_VAN'!B:B, B96, '03_BOC_TACH_VAN'!K:K) | K96: =SUM(H96:J96) | L96: =K96*0.25 | M96: =K96*0.10 | N96: =K96+L96+M96 | O96: =IF(G96>0, N96/G96, 0) | P96: 0.18 | Q96: =O96*(1+P96) | R96: =G96*Q96
A97: 96 | B97: SW-DAMPER-096 | C97: VAN GIÓ | D97: HỆ THỐNG TẠO ÁP Van ngăn cháy MFD 700x500 (EI60) | E97: 700x500 | F97: Cái | G97: 2 | H97: =SUMIF('01_BOC_TACH_ONG'!B:B, B97, '01_BOC_TACH_ONG'!K:K) | I97: =SUMIF('02_BOC_TACH_CUA'!B:B, B97, '02_BOC_TACH_CUA'!K:K) | J97: =SUMIF('03_BOC_TACH_VAN'!B:B, B97, '03_BOC_TACH_VAN'!K:K) | K97: =SUM(H97:J97) | L97: =K97*0.25 | M97: =K97*0.10 | N97: =K97+L97+M97 | O97: =IF(G97>0, N97/G97, 0) | P97: 0.18 | Q97: =O97*(1+P97) | R97: =G97*Q97
A98: 97 | B98: SW-DAMPER-097 | C98: VAN GIÓ | D98: HỆ THỐNG TẠO ÁP Van ngăn cháy MFD 700x800 (EI60) | E98: 700x800 | F98: Cái | G98: 2 | H98: =SUMIF('01_BOC_TACH_ONG'!B:B, B98, '01_BOC_TACH_ONG'!K:K) | I98: =SUMIF('02_BOC_TACH_CUA'!B:B, B98, '02_BOC_TACH_CUA'!K:K) | J98: =SUMIF('03_BOC_TACH_VAN'!B:B, B98, '03_BOC_TACH_VAN'!K:K) | K98: =SUM(H98:J98) | L98: =K98*0.25 | M98: =K98*0.10 | N98: =K98+L98+M98 | O98: =IF(G98>0, N98/G98, 0) | P98: 0.18 | Q98: =O98*(1+P98) | R98: =G98*Q98
A99: 98 | B99: SW-DAMPER-098 | C99: VAN GIÓ | D99: HỆ THỐNG TẠO ÁP Van ngăn cháy MFD 1200x600 (EI60) | E99: 1200x600 | F99: Cái | G99: 2 | H99: =SUMIF('01_BOC_TACH_ONG'!B:B, B99, '01_BOC_TACH_ONG'!K:K) | I99: =SUMIF('02_BOC_TACH_CUA'!B:B, B99, '02_BOC_TACH_CUA'!K:K) | J99: =SUMIF('03_BOC_TACH_VAN'!B:B, B99, '03_BOC_TACH_VAN'!K:K) | K99: =SUM(H99:J99) | L99: =K99*0.25 | M99: =K99*0.10 | N99: =K99+L99+M99 | O99: =IF(G99>0, N99/G99, 0) | P99: 0.18 | Q99: =O99*(1+P99) | R99: =G99*Q99
... A140: 139 | B140: SW-DIFF-139 | C140: CỬA GIÓ | D140: HỆ THỐNG TẠO ÁP Louver 3500x1000+IS | E140: 3500x1000 | F140: Cái | G140: 1 | H140: =SUMIF('01_BOC_TACH_ONG'!B:B, B140, '01_BOC_TACH_ONG'!K:K) | I140: =SUMIF('02_BOC_TACH_CUA'!B:B, B140, '02_BOC_TACH_CUA'!K:K) | J140: =SUMIF('03_BOC_TACH_VAN'!B:B, B140, '03_BOC_TACH_VAN'!K:K) | K140: =SUM(H140:J140) | L140: =K140*0.25 | M140: =K140*0.10 | N140: =K140+L140+M140 | O140: =IF(G140>0, N140/G140, 0) | P140: 0.18 | Q140: =O140*(1+P140) | R140: =G140*Q140
A141: 140 | B141: SW-TRD-140 | C141: THƯƠNG MẠI | D141: HỆ THỐNG TẠO ÁP Vật tư phụ, phụ kiện | E141: - | F141: Lô | G141: 1 | H141: =SUMIF('01_BOC_TACH_ONG'!B:B, B141, '01_BOC_TACH_ONG'!K:K) | I141: =SUMIF('02_BOC_TACH_CUA'!B:B, B141, '02_BOC_TACH_CUA'!K:K) | J141: =SUMIF('03_BOC_TACH_VAN'!B:B, B141, '03_BOC_TACH_VAN'!K:K) | K141: =SUM(H141:J141) | L141: =K141*0.00 | M141: =K141*0.02 | N141: =K141+L141+M141 | O141: =IF(G141>0, N141/G141, 0) | P141: 0.1 | Q141: =O141*(1+P141) | R141: =G141*Q141 | S141: Hàng thương mại
A142: 141 | B142: SW-DUCT-141 | C142: ỐNG GIÓ | D142: Hệ thống ống thông gió tạo áp, box miệng gió… Tole 0.75mm phủ lớp mạ kẽm Z180 | E142: 0.75mm | F142: m2 | G142: 1936.7013 | H142: =SUMIF('01_BOC_TACH_ONG'!B:B, B142, '01_BOC_TACH_ONG'!K:K) | I142: =SUMIF('02_BOC_TACH_CUA'!B:B, B142, '02_BOC_TACH_CUA'!K:K) | J142: =SUMIF('03_BOC_TACH_VAN'!B:B, B142, '03_BOC_TACH_VAN'!K:K) | K142: =SUM(H142:J142) | L142: =K142*0.25 | M142: =K142*0.10 | N142: =K142+L142+M142 | O142: =IF(G142>0, N142/G142, 0) | P142: 0.18 | Q142: =O142*(1+P142) | R142: =G142*Q142
A143: 142 | B143: SW-DUCT-142 | C143: ỐNG GIÓ | D143: Hệ thống ống thông gió tạo áp, box miệng gió… Tole 0.95mm phủ lớp mạ kẽm Z180 | E143: 0.95mm | F143: m2 | G143: 1588.05 | H143: =SUMIF('01_BOC_TACH_ONG'!B:B, B143, '01_BOC_TACH_ONG'!K:K) | I143: =SUMIF('02_BOC_TACH_CUA'!B:B, B143, '02_BOC_TACH_CUA'!K:K) | J143: =SUMIF('03_BOC_TACH_VAN'!B:B, B143, '03_BOC_TACH_VAN'!K:K) | K143: =SUM(H143:J143) | L143: =K143*0.25 | M143: =K143*0.10 | N143: =K143+L143+M143 | O143: =IF(G143>0, N143/G143, 0) | P143: 0.18 | Q143: =O143*(1+P143) | R143: =G143*Q143
A144: 143 | B144: SW-DUCT-143 | C144: ỐNG GIÓ | D144: Hệ thống ống thông gió tạo áp, box miệng gió… Tole 1.15mm phủ lớp mạ kẽm Z180 | E144: 1.15mm | F144: m2 | G144: 1681 | H144: =SUMIF('01_BOC_TACH_ONG'!B:B, B144, '01_BOC_TACH_ONG'!K:K) | I144: =SUMIF('02_BOC_TACH_CUA'!B:B, B144, '02_BOC_TACH_CUA'!K:K) | J144: =SUMIF('03_BOC_TACH_VAN'!B:B, B144, '03_BOC_TACH_VAN'!K:K) | K144: =SUM(H144:J144) | L144: =K144*0.25 | M144: =K144*0.10 | N144: =K144+L144+M144 | O144: =IF(G144>0, N144/G144, 0) | P144: 0.18 | Q144: =O144*(1+P144) | R144: =G144*Q144
A145: 144 | B145: SW-DUCT-144 | C145: ỐNG GIÓ | D145: Hệ thống ống thông gió tạo áp, box miệng gió… Tole ZAM 1.15mm | E145: 1.15mm | F145: m2 | G145: 380 | H145: =SUMIF('01_BOC_TACH_ONG'!B:B, B145, '01_BOC_TACH_ONG'!K:K) | I145: =SUMIF('02_BOC_TACH_CUA'!B:B, B145, '02_BOC_TACH_CUA'!K:K) | J145: =SUMIF('03_BOC_TACH_VAN'!B:B, B145, '03_BOC_TACH_VAN'!K:K) | K145: =SUM(H145:J145) | L145: =K145*0.25 | M145: =K145*0.10 | N145: =K145+L145+M145 | O145: =IF(G145>0, N145/G145, 0) | P145: 0.18 | Q145: =O145*(1+P145) | R145: =G145*Q145
A146: 145 | B146: SW-TRD-145 | C146: THƯƠNG MẠI | D146: Hệ thống ống thông gió tạo áp, box miệng gió… Lưới bảo vệ | E146: - | F146: cái | G146: 10 | H146: =SUMIF('01_BOC_TACH_ONG'!B:B, B146, '01_BOC_TACH_ONG'!K:K) | I146: =SUMIF('02_BOC_TACH_CUA'!B:B, B146, '02_BOC_TACH_CUA'!K:K) | J146: =SUMIF('03_BOC_TACH_VAN'!B:B, B146, '03_BOC_TACH_VAN'!K:K) | K146: =SUM(H146:J146) | L146: =K146*0.00 | M146: =K146*0.02 | N146: =K146+L146+M146 | O146: =IF(G146>0, N146/G146, 0) | P146: 0.1 | Q146: =O146*(1+P146) | R146: =G146*Q146 | S146: Hàng thương mại
A147: 146 | B147: SW-TRD-146 | C147: THƯƠNG MẠI | D147: Hệ thống ống thông gió tạo áp, box miệng gió… Lớp chống cháy EI60 | E147: - | F147: m2 | G147: 1805.9 | H147: =SUMIF('01_BOC_TACH_ONG'!B:B, B147, '01_BOC_TACH_ONG'!K:K) | I147: =SUMIF('02_BOC_TACH_CUA'!B:B, B147, '02_BOC_TACH_CUA'!K:K) | J147: =SUMIF('03_BOC_TACH_VAN'!B:B, B147, '03_BOC_TACH_VAN'!K:K) | K147: =SUM(H147:J147) | L147: =K147*0.00 | M147: =K147*0.02 | N147: =K147+L147+M147 | O147: =IF(G147>0, N147/G147, 0) | P147: 0.1 | Q147: =O147*(1+P147) | R147: =G147*Q147 | S147: Hàng thương mại
A148: 147 | B148: SW-TRD-147 | C148: THƯƠNG MẠI | D148: Hệ thống ống thông gió tạo áp, box miệng gió… Lớp chống cháy EI120 | E148: - | F148: m2 | G148: 1347.3 | H148: =SUMIF('01_BOC_TACH_ONG'!B:B, B148, '01_BOC_TACH_ONG'!K:K) | I148: =SUMIF('02_BOC_TACH_CUA'!B:B, B148, '02_BOC_TACH_CUA'!K:K) | J148: =SUMIF('03_BOC_TACH_VAN'!B:B, B148, '03_BOC_TACH_VAN'!K:K) | K148: =SUM(H148:J148) | L148: =K148*0.00 | M148: =K148*0.02 | N148: =K148+L148+M148 | O148: =IF(G148>0, N148/G148, 0) | P148: 0.1 | Q148: =O148*(1+P148) | R148: =G148*Q148 | S148: Hàng thương mại
A149: 148 | B149: SW-TRD-148 | C149: THƯƠNG MẠI | D149: Hệ thống ống thông gió tạo áp, box miệng gió… Vật tư phụ, phụ kiện | E149: - | F149: Lô | G149: 1 | H149: =SUMIF('01_BOC_TACH_ONG'!B:B, B149, '01_BOC_TACH_ONG'!K:K) | I149: =SUMIF('02_BOC_TACH_CUA'!B:B, B149, '02_BOC_TACH_CUA'!K:K) | J149: =SUMIF('03_BOC_TACH_VAN'!B:B, B149, '03_BOC_TACH_VAN'!K:K) | K149: =SUM(H149:J149) | L149: =K149*0.00 | M149: =K149*0.02 | N149: =K149+L149+M149 | O149: =IF(G149>0, N149/G149, 0) | P149: 0.1 | Q149: =O149*(1+P149) | R149: =G149*Q149 | S149: Hàng thương mại
A150: 149 | B150: SW-TRD-149 | C150: THƯƠNG MẠI | D150: HỆ THỐNG CẤP GIÓ TƯƠI, GIÓ BÙ PAU-A1.1-RF-01 | E150: - | F150: Bộ | G150: 1 | H150: =SUMIF('01_BOC_TACH_ONG'!B:B, B150, '01_BOC_TACH_ONG'!K:K) | I150: =SUMIF('02_BOC_TACH_CUA'!B:B, B150, '02_BOC_TACH_CUA'!K:K) | J150: =SUMIF('03_BOC_TACH_VAN'!B:B, B150, '03_BOC_TACH_VAN'!K:K) | K150: =SUM(H150:J150) | L150: =K150*0.00 | M150: =K150*0.02 | N150: =K150+L150+M150 | O150: =IF(G150>0, N150/G150, 0) | P150: 0.1 | Q150: =O150*(1+P150) | R150: =G150*Q150 | S150: Hàng thương mại
A151: 150 | B151: SW-TRD-150 | C151: THƯƠNG MẠI | D151: HỆ THỐNG CẤP GIÓ TƯƠI, GIÓ BÙ PAU-A1.2-11-01 | E151: - | F151: Cái | G151: 1 | H151: =SUMIF('01_BOC_TACH_ONG'!B:B, B151, '01_BOC_TACH_ONG'!K:K) | I151: =SUMIF('02_BOC_TACH_CUA'!B:B, B151, '02_BOC_TACH_CUA'!K:K) | J151: =SUMIF('03_BOC_TACH_VAN'!B:B, B151, '03_BOC_TACH_VAN'!K:K) | K151: =SUM(H151:J151) | L151: =K151*0.00 | M151: =K151*0.02 | N151: =K151+L151+M151 | O151: =IF(G151>0, N151/G151, 0) | P151: 0.1 | Q151: =O151*(1+P151) | R151: =G151*Q151 | S151: Hàng thương mại
A152: 151 | B152: SW-TRD-151 | C152: THƯƠNG MẠI | D152: HỆ THỐNG CẤP GIÓ TƯƠI, GIÓ BÙ PAU-A1.3-09-01 | E152: - | F152: Cái | G152: 1 | H152: =SUMIF('01_BOC_TACH_ONG'!B:B, B152, '01_BOC_TACH_ONG'!K:K) | I152: =SUMIF('02_BOC_TACH_CUA'!B:B, B152, '02_BOC_TACH_CUA'!K:K) | J152: =SUMIF('03_BOC_TACH_VAN'!B:B, B152, '03_BOC_TACH_VAN'!K:K) | K152: =SUM(H152:J152) | L152: =K152*0.00 | M152: =K152*0.02 | N152: =K152+L152+M152 | O152: =IF(G152>0, N152/G152, 0) | P152: 0.1 | Q152: =O152*(1+P152) | R152: =G152*Q152 | S152: Hàng thương mại
A153: 152 | B153: SW-TRD-152 | C153: THƯƠNG MẠI | D153: HỆ THỐNG CẤP GIÓ TƯƠI, GIÓ BÙ ODU-A1.1-RF-01 | E153: - | F153: Cái | G153: 1 | H153: =SUMIF('01_BOC_TACH_ONG'!B:B, B153, '01_BOC_TACH_ONG'!K:K) | I153: =SUMIF('02_BOC_TACH_CUA'!B:B, B153, '02_BOC_TACH_CUA'!K:K) | J153: =SUMIF('03_BOC_TACH_VAN'!B:B, B153, '03_BOC_TACH_VAN'!K:K) | K153: =SUM(H153:J153) | L153: =K153*0.00 | M153: =K153*0.02 | N153: =K153+L153+M153 | O153: =IF(G153>0, N153/G153, 0) | P153: 0.1 | Q153: =O153*(1+P153) | R153: =G153*Q153 | S153: Hàng thương mại
A154: 153 | B154: SW-TRD-153 | C154: THƯƠNG MẠI | D154: HỆ THỐNG CẤP GIÓ TƯƠI, GIÓ BÙ ODU-A1.2-RF-01 | E154: - | F154: Cái | G154: 1 | H154: =SUMIF('01_BOC_TACH_ONG'!B:B, B154, '01_BOC_TACH_ONG'!K:K) | I154: =SUMIF('02_BOC_TACH_CUA'!B:B, B154, '02_BOC_TACH_CUA'!K:K) | J154: =SUMIF('03_BOC_TACH_VAN'!B:B, B154, '03_BOC_TACH_VAN'!K:K) | K154: =SUM(H154:J154) | L154: =K154*0.00 | M154: =K154*0.02 | N154: =K154+L154+M154 | O154: =IF(G154>0, N154/G154, 0) | P154: 0.1 | Q154: =O154*(1+P154) | R154: =G154*Q154 | S154: Hàng thương mại
A155: 154 | B155: SW-TRD-154 | C155: THƯƠNG MẠI | D155: HỆ THỐNG CẤP GIÓ TƯƠI, GIÓ BÙ ODU-A1.3-RF-01 | E155: - | F155: Cái | G155: 1 | H155: =SUMIF('01_BOC_TACH_ONG'!B:B, B155, '01_BOC_TACH_ONG'!K:K) | I155: =SUMIF('02_BOC_TACH_CUA'!B:B, B155, '02_BOC_TACH_CUA'!K:K) | J155: =SUMIF('03_BOC_TACH_VAN'!B:B, B155, '03_BOC_TACH_VAN'!K:K) | K155: =SUM(H155:J155) | L155: =K155*0.00 | M155: =K155*0.02 | N155: =K155+L155+M155 | O155: =IF(G155>0, N155/G155, 0) | P155: 0.1 | Q155: =O155*(1+P155) | R155: =G155*Q155 | S155: Hàng thương mại
A156: 155 | B156: SW-TRD-155 | C156: THƯƠNG MẠI | D156: HỆ THỐNG CẤP GIÓ TƯƠI, GIÓ BÙ Quạt hướng trục CSF-B2-Z1-01~02 5350/8020 l/s @ 550/1238 Pa, chống cháy 300°C trong 2h | E156: - | F156: Cái | G156: 2 | H156: =SUMIF('01_BOC_TACH_ONG'!B:B, B156, '01_BOC_TACH_ONG'!K:K) | I156: =SUMIF('02_BOC_TACH_CUA'!B:B, B156, '02_BOC_TACH_CUA'!K:K) | J156: =SUMIF('03_BOC_TACH_VAN'!B:B, B156, '03_BOC_TACH_VAN'!K:K) | K156: =SUM(H156:J156) | L156: =K156*0.00 | M156: =K156*0.02 | N156: =K156+L156+M156 | O156: =IF(G156>0, N156/G156, 0) | P156: 0.1 | Q156: =O156*(1+P156) | R156: =G156*Q156 | S156: Hàng thương mại
A157: 156 | B157: SW-TRD-156 | C157: THƯƠNG MẠI | D157: HỆ THỐNG CẤP GIÓ TƯƠI, GIÓ BÙ Quạt hướng trục CSF-B2-Z2-01~02 5050/7575 l/s @ 550/1238 Pa, chống cháy 300°C trong 2h | E157: - | F157: Cái | G157: 2 | H157: =SUMIF('01_BOC_TACH_ONG'!B:B, B157, '01_BOC_TACH_ONG'!K:K) | I157: =SUMIF('02_BOC_TACH_CUA'!B:B, B157, '02_BOC_TACH_CUA'!K:K) | J157: =SUMIF('03_BOC_TACH_VAN'!B:B, B157, '03_BOC_TACH_VAN'!K:K) | K157: =SUM(H157:J157) | L157: =K157*0.00 | M157: =K157*0.02 | N157: =K157+L157+M157 | O157: =IF(G157>0, N157/G157, 0) | P157: 0.1 | Q157: =O157*(1+P157) | R157: =G157*Q157 | S157: Hàng thương mại
... A207: 206 | B207: SW-TRD-206 | C207: THƯƠNG MẠI | D207: HỆ THỐNG CẤP GIÓ TƯƠI, GIÓ BÙ Quạt hướng trục OAF-A1.3-2F-08A-01 147 l/s @150Pa | E207: - | F207: Cái | G207: 1 | H207: =SUMIF('01_BOC_TACH_ONG'!B:B, B207, '01_BOC_TACH_ONG'!K:K) | I207: =SUMIF('02_BOC_TACH_CUA'!B:B, B207, '02_BOC_TACH_CUA'!K:K) | J207: =SUMIF('03_BOC_TACH_VAN'!B:B, B207, '03_BOC_TACH_VAN'!K:K) | K207: =SUM(H207:J207) | L207: =K207*0.00 | M207: =K207*0.02 | N207: =K207+L207+M207 | O207: =IF(G207>0, N207/G207, 0) | P207: 0.1 | Q207: =O207*(1+P207) | R207: =G207*Q207 | S207: Hàng thương mại
A208: 207 | B208: SW-ACST-207 | C208: VÁCH NGĂN / HỘP TIÊU ÂM | D208: HỆ THỐNG CẤP GIÓ TƯƠI, GIÓ BÙ Tiêu âm quạt | E208: - | F208: Bộ | G208: 8 | H208: =SUMIF('01_BOC_TACH_ONG'!B:B, B208, '01_BOC_TACH_ONG'!K:K) | I208: =SUMIF('02_BOC_TACH_CUA'!B:B, B208, '02_BOC_TACH_CUA'!K:K) | J208: =SUMIF('03_BOC_TACH_VAN'!B:B, B208, '03_BOC_TACH_VAN'!K:K) | K208: =SUM(H208:J208) | L208: =K208*0.25 | M208: =K208*0.10 | N208: =K208+L208+M208 | O208: =IF(G208>0, N208/G208, 0) | P208: 0.18 | Q208: =O208*(1+P208) | R208: =G208*Q208
A209: 208 | B209: SW-DAMPER-208 | C209: VAN GIÓ | D209: HỆ THỐNG CẤP GIÓ TƯƠI, GIÓ BÙ Van 1 chiều NRD 1350x1250 (EI60) | E209: 1350x1250 | F209: Cái | G209: 4 | H209: =SUMIF('01_BOC_TACH_ONG'!B:B, B209, '01_BOC_TACH_ONG'!K:K) | I209: =SUMIF('02_BOC_TACH_CUA'!B:B, B209, '02_BOC_TACH_CUA'!K:K) | J209: =SUMIF('03_BOC_TACH_VAN'!B:B, B209, '03_BOC_TACH_VAN'!K:K) | K209: =SUM(H209:J209) | L209: =K209*0.25 | M209: =K209*0.10 | N209: =K209+L209+M209 | O209: =IF(G209>0, N209/G209, 0) | P209: 0.18 | Q209: =O209*(1+P209) | R209: =G209*Q209
A210: 209 | B210: SW-DAMPER-209 | C210: VAN GIÓ | D210: HỆ THỐNG CẤP GIÓ TƯƠI, GIÓ BÙ Van 1 chiều NRD1250x600 (EI60) | E210: 1250x600 | F210: Cái | G210: 4 | H210: =SUMIF('01_BOC_TACH_ONG'!B:B, B210, '01_BOC_TACH_ONG'!K:K) | I210: =SUMIF('02_BOC_TACH_CUA'!B:B, B210, '02_BOC_TACH_CUA'!K:K) | J210: =SUMIF('03_BOC_TACH_VAN'!B:B, B210, '03_BOC_TACH_VAN'!K:K) | K210: =SUM(H210:J210) | L210: =K210*0.25 | M210: =K210*0.10 | N210: =K210+L210+M210 | O210: =IF(G210>0, N210/G210, 0) | P210: 0.18 | Q210: =O210*(1+P210) | R210: =G210*Q210
A211: 210 | B211: SW-DAMPER-210 | C211: VAN GIÓ | D211: HỆ THỐNG CẤP GIÓ TƯƠI, GIÓ BÙ Van 1 chiều NRD 800x250 | E211: 800x250 | F211: Cái | G211: 1 | H211: =SUMIF('01_BOC_TACH_ONG'!B:B, B211, '01_BOC_TACH_ONG'!K:K) | I211: =SUMIF('02_BOC_TACH_CUA'!B:B, B211, '02_BOC_TACH_CUA'!K:K) | J211: =SUMIF('03_BOC_TACH_VAN'!B:B, B211, '03_BOC_TACH_VAN'!K:K) | K211: =SUM(H211:J211) | L211: =K211*0.25 | M211: =K211*0.10 | N211: =K211+L211+M211 | O211: =IF(G211>0, N211/G211, 0) | P211: 0.18 | Q211: =O211*(1+P211) | R211: =G211*Q211
A212: 211 | B212: SW-DAMPER-211 | C212: VAN GIÓ | D212: HỆ THỐNG CẤP GIÓ TƯƠI, GIÓ BÙ Van 1 chiều NRD 800x450 | E212: 800x450 | F212: Cái | G212: 6 | H212: =SUMIF('01_BOC_TACH_ONG'!B:B, B212, '01_BOC_TACH_ONG'!K:K) | I212: =SUMIF('02_BOC_TACH_CUA'!B:B, B212, '02_BOC_TACH_CUA'!K:K) | J212: =SUMIF('03_BOC_TACH_VAN'!B:B, B212, '03_BOC_TACH_VAN'!K:K) | K212: =SUM(H212:J212) | L212: =K212*0.25 | M212: =K212*0.10 | N212: =K212+L212+M212 | O212: =IF(G212>0, N212/G212, 0) | P212: 0.18 | Q212: =O212*(1+P212) | R212: =G212*Q212
A213: 212 | B213: SW-DAMPER-212 | C213: VAN GIÓ | D213: HỆ THỐNG CẤP GIÓ TƯƠI, GIÓ BÙ Van ngăn cháy MFD 1350x1250 (EI60) | E213: 1350x1250 | F213: Cái | G213: 4 | H213: =SUMIF('01_BOC_TACH_ONG'!B:B, B213, '01_BOC_TACH_ONG'!K:K) | I213: =SUMIF('02_BOC_TACH_CUA'!B:B, B213, '02_BOC_TACH_CUA'!K:K) | J213: =SUMIF('03_BOC_TACH_VAN'!B:B, B213, '03_BOC_TACH_VAN'!K:K) | K213: =SUM(H213:J213) | L213: =K213*0.25 | M213: =K213*0.10 | N213: =K213+L213+M213 | O213: =IF(G213>0, N213/G213, 0) | P213: 0.18 | Q213: =O213*(1+P213) | R213: =G213*Q213
A214: 213 | B214: SW-DAMPER-213 | C214: VAN GIÓ | D214: HỆ THỐNG CẤP GIÓ TƯƠI, GIÓ BÙ Van ngăn cháy MFD 1250x600 (EI60) | E214: 1250x600 | F214: Cái | G214: 4 | H214: =SUMIF('01_BOC_TACH_ONG'!B:B, B214, '01_BOC_TACH_ONG'!K:K) | I214: =SUMIF('02_BOC_TACH_CUA'!B:B, B214, '02_BOC_TACH_CUA'!K:K) | J214: =SUMIF('03_BOC_TACH_VAN'!B:B, B214, '03_BOC_TACH_VAN'!K:K) | K214: =SUM(H214:J214) | L214: =K214*0.25 | M214: =K214*0.10 | N214: =K214+L214+M214 | O214: =IF(G214>0, N214/G214, 0) | P214: 0.18 | Q214: =O214*(1+P214) | R214: =G214*Q214
A215: 214 | B215: SW-DAMPER-214 | C215: VAN GIÓ | D215: HỆ THỐNG CẤP GIÓ TƯƠI, GIÓ BÙ Van ngăn cháy MFD 1050x350 (EI120) | E215: 1050x350 | F215: Cái | G215: 3 | H215: =SUMIF('01_BOC_TACH_ONG'!B:B, B215, '01_BOC_TACH_ONG'!K:K) | I215: =SUMIF('02_BOC_TACH_CUA'!B:B, B215, '02_BOC_TACH_CUA'!K:K) | J215: =SUMIF('03_BOC_TACH_VAN'!B:B, B215, '03_BOC_TACH_VAN'!K:K) | K215: =SUM(H215:J215) | L215: =K215*0.25 | M215: =K215*0.10 | N215: =K215+L215+M215 | O215: =IF(G215>0, N215/G215, 0) | P215: 0.18 | Q215: =O215*(1+P215) | R215: =G215*Q215
A216: 215 | B216: SW-DAMPER-215 | C216: VAN GIÓ | D216: HỆ THỐNG CẤP GIÓ TƯƠI, GIÓ BÙ Van ngăn cháy MFD 800x350 (EI30) | E216: 800x350 | F216: Cái | G216: 7 | H216: =SUMIF('01_BOC_TACH_ONG'!B:B, B216, '01_BOC_TACH_ONG'!K:K) | I216: =SUMIF('02_BOC_TACH_CUA'!B:B, B216, '02_BOC_TACH_CUA'!K:K) | J216: =SUMIF('03_BOC_TACH_VAN'!B:B, B216, '03_BOC_TACH_VAN'!K:K) | K216: =SUM(H216:J216) | L216: =K216*0.25 | M216: =K216*0.10 | N216: =K216+L216+M216 | O216: =IF(G216>0, N216/G216, 0) | P216: 0.18 | Q216: =O216*(1+P216) | R216: =G216*Q216
A217: 216 | B217: SW-DAMPER-216 | C217: VAN GIÓ | D217: HỆ THỐNG CẤP GIÓ TƯƠI, GIÓ BÙ Van ngăn cháy MFD 900x350 (EI120) | E217: 900x350 | F217: Cái | G217: 2 | H217: =SUMIF('01_BOC_TACH_ONG'!B:B, B217, '01_BOC_TACH_ONG'!K:K) | I217: =SUMIF('02_BOC_TACH_CUA'!B:B, B217, '02_BOC_TACH_CUA'!K:K) | J217: =SUMIF('03_BOC_TACH_VAN'!B:B, B217, '03_BOC_TACH_VAN'!K:K) | K217: =SUM(H217:J217) | L217: =K217*0.25 | M217: =K217*0.10 | N217: =K217+L217+M217 | O217: =IF(G217>0, N217/G217, 0) | P217: 0.18 | Q217: =O217*(1+P217) | R217: =G217*Q217
A218: 217 | B218: SW-DAMPER-217 | C218: VAN GIÓ | D218: HỆ THỐNG CẤP GIÓ TƯƠI, GIÓ BÙ Van ngăn cháy MFD 900x350 (EI30) | E218: 900x350 | F218: Cái | G218: 2 | H218: =SUMIF('01_BOC_TACH_ONG'!B:B, B218, '01_BOC_TACH_ONG'!K:K) | I218: =SUMIF('02_BOC_TACH_CUA'!B:B, B218, '02_BOC_TACH_CUA'!K:K) | J218: =SUMIF('03_BOC_TACH_VAN'!B:B, B218, '03_BOC_TACH_VAN'!K:K) | K218: =SUM(H218:J218) | L218: =K218*0.25 | M218: =K218*0.10 | N218: =K218+L218+M218 | O218: =IF(G218>0, N218/G218, 0) | P218: 0.18 | Q218: =O218*(1+P218) | R218: =G218*Q218
A219: 218 | B219: SW-DAMPER-218 | C219: VAN GIÓ | D219: HỆ THỐNG CẤP GIÓ TƯƠI, GIÓ BÙ Van ngăn cháy MFD 110x350 (EI30) | E219: 110x350 | F219: Cái | G219: 1 | H219: =SUMIF('01_BOC_TACH_ONG'!B:B, B219, '01_BOC_TACH_ONG'!K:K) | I219: =SUMIF('02_BOC_TACH_CUA'!B:B, B219, '02_BOC_TACH_CUA'!K:K) | J219: =SUMIF('03_BOC_TACH_VAN'!B:B, B219, '03_BOC_TACH_VAN'!K:K) | K219: =SUM(H219:J219) | L219: =K219*0.25 | M219: =K219*0.10 | N219: =K219+L219+M219 | O219: =IF(G219>0, N219/G219, 0) | P219: 0.18 | Q219: =O219*(1+P219) | R219: =G219*Q219
... A264: 263 | B264: SW-DUCT-263 | C264: ỐNG GIÓ | D264: Hệ thống ống thông cấp gió tươi, gió bù, box miệng gió Tole ZAM 0.75mm | E264: 0.75mm | F264: m2 | G264: 136 | H264: =SUMIF('01_BOC_TACH_ONG'!B:B, B264, '01_BOC_TACH_ONG'!K:K) | I264: =SUMIF('02_BOC_TACH_CUA'!B:B, B264, '02_BOC_TACH_CUA'!K:K) | J264: =SUMIF('03_BOC_TACH_VAN'!B:B, B264, '03_BOC_TACH_VAN'!K:K) | K264: =SUM(H264:J264) | L264: =K264*0.25 | M264: =K264*0.10 | N264: =K264+L264+M264 | O264: =IF(G264>0, N264/G264, 0) | P264: 0.18 | Q264: =O264*(1+P264) | R264: =G264*Q264
A265: 264 | B265: SW-TRD-264 | C265: THƯƠNG MẠI | D265: Hệ thống ống thông cấp gió tươi, gió bù, box miệng gió Lớp chống cháy EI30 | E265: - | F265: m2 | G265: 364.55 | H265: =SUMIF('01_BOC_TACH_ONG'!B:B, B265, '01_BOC_TACH_ONG'!K:K) | I265: =SUMIF('02_BOC_TACH_CUA'!B:B, B265, '02_BOC_TACH_CUA'!K:K) | J265: =SUMIF('03_BOC_TACH_VAN'!B:B, B265, '03_BOC_TACH_VAN'!K:K) | K265: =SUM(H265:J265) | L265: =K265*0.00 | M265: =K265*0.02 | N265: =K265+L265+M265 | O265: =IF(G265>0, N265/G265, 0) | P265: 0.1 | Q265: =O265*(1+P265) | R265: =G265*Q265 | S265: Hàng thương mại
A266: 265 | B266: SW-TRD-265 | C266: THƯƠNG MẠI | D266: Hệ thống ống thông cấp gió tươi, gió bù, box miệng gió Lớp chống cháy EI60 | E266: - | F266: m2 | G266: 3334 | H266: =SUMIF('01_BOC_TACH_ONG'!B:B, B266, '01_BOC_TACH_ONG'!K:K) | I266: =SUMIF('02_BOC_TACH_CUA'!B:B, B266, '02_BOC_TACH_CUA'!K:K) | J266: =SUMIF('03_BOC_TACH_VAN'!B:B, B266, '03_BOC_TACH_VAN'!K:K) | K266: =SUM(H266:J266) | L266: =K266*0.00 | M266: =K266*0.02 | N266: =K266+L266+M266 | O266: =IF(G266>0, N266/G266, 0) | P266: 0.1 | Q266: =O266*(1+P266) | R266: =G266*Q266 | S266: Hàng thương mại
A267: 266 | B267: SW-TRD-266 | C267: THƯƠNG MẠI | D267: Hệ thống ống thông cấp gió tươi, gió bù, box miệng gió Lớp chống cháy EI120 | E267: - | F267: m2 | G267: 109.365 | H267: =SUMIF('01_BOC_TACH_ONG'!B:B, B267, '01_BOC_TACH_ONG'!K:K) | I267: =SUMIF('02_BOC_TACH_CUA'!B:B, B267, '02_BOC_TACH_CUA'!K:K) | J267: =SUMIF('03_BOC_TACH_VAN'!B:B, B267, '03_BOC_TACH_VAN'!K:K) | K267: =SUM(H267:J267) | L267: =K267*0.00 | M267: =K267*0.02 | N267: =K267+L267+M267 | O267: =IF(G267>0, N267/G267, 0) | P267: 0.1 | Q267: =O267*(1+P267) | R267: =G267*Q267 | S267: Hàng thương mại
A268: 267 | B268: SW-TRD-267 | C268: THƯƠNG MẠI | D268: Hệ thống ống thông cấp gió tươi, gió bù, box miệng gió Vật tư phụ, phụ kiện | E268: - | F268: Lô | G268: 1 | H268: =SUMIF('01_BOC_TACH_ONG'!B:B, B268, '01_BOC_TACH_ONG'!K:K) | I268: =SUMIF('02_BOC_TACH_CUA'!B:B, B268, '02_BOC_TACH_CUA'!K:K) | J268: =SUMIF('03_BOC_TACH_VAN'!B:B, B268, '03_BOC_TACH_VAN'!K:K) | K268: =SUM(H268:J268) | L268: =K268*0.00 | M268: =K268*0.02 | N268: =K268+L268+M268 | O268: =IF(G268>0, N268/G268, 0) | P268: 0.1 | Q268: =O268*(1+P268) | R268: =G268*Q268 | S268: Hàng thương mại
A269: 268 | B269: SW-DAMPER-268 | C269: VAN GIÓ | D269: Hệ thống hút gió thải, hút gió bếp Quạt gắn tường gió thải cho phòng Quạt gió tươi 60 l/s @ 50Pa kèm FD | E269: - | F269: Cái | G269: 1 | H269: =SUMIF('01_BOC_TACH_ONG'!B:B, B269, '01_BOC_TACH_ONG'!K:K) | I269: =SUMIF('02_BOC_TACH_CUA'!B:B, B269, '02_BOC_TACH_CUA'!K:K) | J269: =SUMIF('03_BOC_TACH_VAN'!B:B, B269, '03_BOC_TACH_VAN'!K:K) | K269: =SUM(H269:J269) | L269: =K269*0.25 | M269: =K269*0.10 | N269: =K269+L269+M269 | O269: =IF(G269>0, N269/G269, 0) | P269: 0.18 | Q269: =O269*(1+P269) | R269: =G269*Q269
A270: 269 | B270: SW-DAMPER-269 | C270: VAN GIÓ | D270: Hệ thống hút gió thải, hút gió bếp Quạt gắn tường gió thải cho phòng Quạt gió thải 60 l/s @ 50Pa kèm FD | E270: - | F270: Cái | G270: 1 | H270: =SUMIF('01_BOC_TACH_ONG'!B:B, B270, '01_BOC_TACH_ONG'!K:K) | I270: =SUMIF('02_BOC_TACH_CUA'!B:B, B270, '02_BOC_TACH_CUA'!K:K) | J270: =SUMIF('03_BOC_TACH_VAN'!B:B, B270, '03_BOC_TACH_VAN'!K:K) | K270: =SUM(H270:J270) | L270: =K270*0.25 | M270: =K270*0.10 | N270: =K270+L270+M270 | O270: =IF(G270>0, N270/G270, 0) | P270: 0.18 | Q270: =O270*(1+P270) | R270: =G270*Q270
A271: 270 | B271: SW-DAMPER-270 | C271: VAN GIÓ | D271: Hệ thống hút gió thải, hút gió bếp Quạt gắn tường EAF-B2-Z1-01,02,03 50 l/s 50Pa kèm FD | E271: - | F271: Bộ | G271: 3 | H271: =SUMIF('01_BOC_TACH_ONG'!B:B, B271, '01_BOC_TACH_ONG'!K:K) | I271: =SUMIF('02_BOC_TACH_CUA'!B:B, B271, '02_BOC_TACH_CUA'!K:K) | J271: =SUMIF('03_BOC_TACH_VAN'!B:B, B271, '03_BOC_TACH_VAN'!K:K) | K271: =SUM(H271:J271) | L271: =K271*0.25 | M271: =K271*0.10 | N271: =K271+L271+M271 | O271: =IF(G271>0, N271/G271, 0) | P271: 0.18 | Q271: =O271*(1+P271) | R271: =G271*Q271
A272: 271 | B272: SW-DAMPER-271 | C272: VAN GIÓ | D272: Hệ thống hút gió thải, hút gió bếp Quạt gắn tường EAF-B2-Z1-02 50 l/s 50Pa kèm FD | E272: - | F272: Bộ | G272: 1 | H272: =SUMIF('01_BOC_TACH_ONG'!B:B, B272, '01_BOC_TACH_ONG'!K:K) | I272: =SUMIF('02_BOC_TACH_CUA'!B:B, B272, '02_BOC_TACH_CUA'!K:K) | J272: =SUMIF('03_BOC_TACH_VAN'!B:B, B272, '03_BOC_TACH_VAN'!K:K) | K272: =SUM(H272:J272) | L272: =K272*0.25 | M272: =K272*0.10 | N272: =K272+L272+M272 | O272: =IF(G272>0, N272/G272, 0) | P272: 0.18 | Q272: =O272*(1+P272) | R272: =G272*Q272
A273: 272 | B273: SW-DAMPER-272 | C273: VAN GIÓ | D273: Hệ thống hút gió thải, hút gió bếp Quạt gắn tường EAF-B2-Z2-01 80 l/s 50Pa kèm FD | E273: - | F273: Bộ | G273: 1 | H273: =SUMIF('01_BOC_TACH_ONG'!B:B, B273, '01_BOC_TACH_ONG'!K:K) | I273: =SUMIF('02_BOC_TACH_CUA'!B:B, B273, '02_BOC_TACH_CUA'!K:K) | J273: =SUMIF('03_BOC_TACH_VAN'!B:B, B273, '03_BOC_TACH_VAN'!K:K) | K273: =SUM(H273:J273) | L273: =K273*0.25 | M273: =K273*0.10 | N273: =K273+L273+M273 | O273: =IF(G273>0, N273/G273, 0) | P273: 0.18 | Q273: =O273*(1+P273) | R273: =G273*Q273
A274: 273 | B274: SW-DAMPER-273 | C274: VAN GIÓ | D274: Hệ thống hút gió thải, hút gió bếp Quạt gắn tường EAF-B2-Z2-02 50 l/s 50Pa kèm FD | E274: - | F274: Bộ | G274: 1 | H274: =SUMIF('01_BOC_TACH_ONG'!B:B, B274, '01_BOC_TACH_ONG'!K:K) | I274: =SUMIF('02_BOC_TACH_CUA'!B:B, B274, '02_BOC_TACH_CUA'!K:K) | J274: =SUMIF('03_BOC_TACH_VAN'!B:B, B274, '03_BOC_TACH_VAN'!K:K) | K274: =SUM(H274:J274) | L274: =K274*0.25 | M274: =K274*0.10 | N274: =K274+L274+M274 | O274: =IF(G274>0, N274/G274, 0) | P274: 0.18 | Q274: =O274*(1+P274) | R274: =G274*Q274
A275: 274 | B275: SW-TRD-274 | C275: THƯƠNG MẠI | D275: Hệ thống hút gió thải, hút gió bếp Quạt hướng trục EAF-B2-Z2-03 260 l/s 200Pa | E275: - | F275: Bộ | G275: 1 | H275: =SUMIF('01_BOC_TACH_ONG'!B:B, B275, '01_BOC_TACH_ONG'!K:K) | I275: =SUMIF('02_BOC_TACH_CUA'!B:B, B275, '02_BOC_TACH_CUA'!K:K) | J275: =SUMIF('03_BOC_TACH_VAN'!B:B, B275, '03_BOC_TACH_VAN'!K:K) | K275: =SUM(H275:J275) | L275: =K275*0.00 | M275: =K275*0.02 | N275: =K275+L275+M275 | O275: =IF(G275>0, N275/G275, 0) | P275: 0.1 | Q275: =O275*(1+P275) | R275: =G275*Q275 | S275: Hàng thương mại
...

Sheet 01_BOC_TACH_ONG
A1: SUB_KEY | B1: PARENT_ITEM_ID | C1: TÊN CẤU KIỆN | D1: PHÂN LOẠI | E1: MÃ VẬT TƯ (MAT_ID) | F1: ĐVT | G1: ĐỊNH MỨC / 1 SP | H1: SL DỰ ÁN | I1: TỔNG NHU CẦU | J1: ĐƠN GIÁ GỐC | K1: THÀNH TIỀN (VNĐ) | L1: GHI CHÚ KỸ THUẬT
A2: SW-TRD-001-TM | B2: SW-TRD-001 | C2: HỆ THỐNG HÚT KHÓI HẦM XE, HÚT KHÓI SỰ CỐ Quạt hướng trục CEF-B2-Z1-01~02 5290/9430 l/s @ 500/1350 Pa, chống cháy 300°C trong 2h, | D2: THUONG_MAI | E2: MAT-THUONG_MAI-HE_THONG_HUT_KHOI_HAM_XE_HUT_K_BDCE | F2: Cái | G2: 1 | H2: =IFERROR(INDEX('00_TONG_HOP_BAO_GIA'!$G$1:$G$5000, MATCH(B2, '00_TONG_HOP_BAO_GIA'!$B$1:$B$5000, 0)), 1) | I2: =G2*H2 | J2: =IFERROR(INDEX('06_BANG_GIA_VAT_TU_AP_DUNG'!$E$1:$E$5000, MATCH(E2, '06_BANG_GIA_VAT_TU_AP_DUNG'!$B$1:$B$5000, 0)), 0) | K2: =I2*J2 | L2: Hàng thương mại mua ngoài
A3: SW-TRD-002-TM | B3: SW-TRD-002 | C3: HỆ THỐNG HÚT KHÓI HẦM XE, HÚT KHÓI SỰ CỐ Quạt hướng trục CEF-B2-Z2-01~02 5490/8910 l/s @ 600/1350 Pa, chống cháy 300°C trong 2h | D3: THUONG_MAI | E3: MAT-THUONG_MAI-HE_THONG_HUT_KHOI_HAM_XE_HUT_K_5C8C | F3: Cái | G3: 1 | H3: =IFERROR(INDEX('00_TONG_HOP_BAO_GIA'!$G$1:$G$5000, MATCH(B3, '00_TONG_HOP_BAO_GIA'!$B$1:$B$5000, 0)), 1) | I3: =G3*H3 | J3: =IFERROR(INDEX('06_BANG_GIA_VAT_TU_AP_DUNG'!$E$1:$E$5000, MATCH(E3, '06_BANG_GIA_VAT_TU_AP_DUNG'!$B$1:$B$5000, 0)), 0) | K3: =I3*J3 | L3: Hàng thương mại mua ngoài
A4: SW-TRD-003-TM | B4: SW-TRD-003 | C4: HỆ THỐNG HÚT KHÓI HẦM XE, HÚT KHÓI SỰ CỐ Quạt hướng trục CEF-B1-Z1-01~02 5590/8385 l/s @ 600/1350 Pa, chống cháy 300°C trong 2h | D4: THUONG_MAI | E4: MAT-THUONG_MAI-HE_THONG_HUT_KHOI_HAM_XE_HUT_K_85A7 | F4: Cái | G4: 1 | H4: =IFERROR(INDEX('00_TONG_HOP_BAO_GIA'!$G$1:$G$5000, MATCH(B4, '00_TONG_HOP_BAO_GIA'!$B$1:$B$5000, 0)), 1) | I4: =G4*H4 | J4: =IFERROR(INDEX('06_BANG_GIA_VAT_TU_AP_DUNG'!$E$1:$E$5000, MATCH(E4, '06_BANG_GIA_VAT_TU_AP_DUNG'!$B$1:$B$5000, 0)), 0) | K4: =I4*J4 | L4: Hàng thương mại mua ngoài
A5: SW-TRD-004-TM | B5: SW-TRD-004 | C5: HỆ THỐNG HÚT KHÓI HẦM XE, HÚT KHÓI SỰ CỐ Quạt hướng trục CEF-B1-Z2-01~02 5135/7700 l/s @ 600/1350 Pa, chống cháy 300°C trong 2h | D5: THUONG_MAI | E5: MAT-THUONG_MAI-HE_THONG_HUT_KHOI_HAM_XE_HUT_K_50BF | F5: Cái | G5: 1 | H5: =IFERROR(INDEX('00_TONG_HOP_BAO_GIA'!$G$1:$G$5000, MATCH(B5, '00_TONG_HOP_BAO_GIA'!$B$1:$B$5000, 0)), 1) | I5: =G5*H5 | J5: =IFERROR(INDEX('06_BANG_GIA_VAT_TU_AP_DUNG'!$E$1:$E$5000, MATCH(E5, '06_BANG_GIA_VAT_TU_AP_DUNG'!$B$1:$B$5000, 0)), 0) | K5: =I5*J5 | L5: Hàng thương mại mua ngoài
A6: SW-TRD-005-TM | B6: SW-TRD-005 | C6: HỆ THỐNG HÚT KHÓI HẦM XE, HÚT KHÓI SỰ CỐ Quạt hướng trục SEF-B1-Z2-01 4800 l/s @ 500 Pa, chống cháy 300°C trong 2h | D6: THUONG_MAI | E6: MAT-THUONG_MAI-HE_THONG_HUT_KHOI_HAM_XE_HUT_K_C640 | F6: Cái | G6: 1 | H6: =IFERROR(INDEX('00_TONG_HOP_BAO_GIA'!$G$1:$G$5000, MATCH(B6, '00_TONG_HOP_BAO_GIA'!$B$1:$B$5000, 0)), 1) | I6: =G6*H6 | J6: =IFERROR(INDEX('06_BANG_GIA_VAT_TU_AP_DUNG'!$E$1:$E$5000, MATCH(E6, '06_BANG_GIA_VAT_TU_AP_DUNG'!$B$1:$B$5000, 0)), 0) | K6: =I6*J6 | L6: Hàng thương mại mua ngoài
A7: SW-TRD-006-TM | B7: SW-TRD-006 | C7: HỆ THỐNG HÚT KHÓI HẦM XE, HÚT KHÓI SỰ CỐ Quạt hướng trục SEF-A1.1-03F-01~02 7400 l/s @ 400 Pa, chống cháy 300°C trong 2h | D7: THUONG_MAI | E7: MAT-THUONG_MAI-HE_THONG_HUT_KHOI_HAM_XE_HUT_K_5E99 | F7: Cái | G7: 1 | H7: =IFERROR(INDEX('00_TONG_HOP_BAO_GIA'!$G$1:$G$5000, MATCH(B7, '00_TONG_HOP_BAO_GIA'!$B$1:$B$5000, 0)), 1) | I7: =G7*H7 | J7: =IFERROR(INDEX('06_BANG_GIA_VAT_TU_AP_DUNG'!$E$1:$E$5000, MATCH(E7, '06_BANG_GIA_VAT_TU_AP_DUNG'!$B$1:$B$5000, 0)), 0) | K7: =I7*J7 | L7: Hàng thương mại mua ngoài
A8: SW-TRD-007-TM | B8: SW-TRD-007 | C8: HỆ THỐNG HÚT KHÓI HẦM XE, HÚT KHÓI SỰ CỐ Quạt hướng trục SEF-A1.2-03F-01~02 6700 l/s @ 500 Pa, chống cháy 300°C trong 2h | D8: THUONG_MAI | E8: MAT-THUONG_MAI-HE_THONG_HUT_KHOI_HAM_XE_HUT_K_0135 | F8: Cái | G8: 1 | H8: =IFERROR(INDEX('00_TONG_HOP_BAO_GIA'!$G$1:$G$5000, MATCH(B8, '00_TONG_HOP_BAO_GIA'!$B$1:$B$5000, 0)), 1) | I8: =G8*H8 | J8: =IFERROR(INDEX('06_BANG_GIA_VAT_TU_AP_DUNG'!$E$1:$E$5000, MATCH(E8, '06_BANG_GIA_VAT_TU_AP_DUNG'!$B$1:$B$5000, 0)), 0) | K8: =I8*J8 | L8: Hàng thương mại mua ngoài
A9: SW-TRD-008-TM | B9: SW-TRD-008 | C9: HỆ THỐNG HÚT KHÓI HẦM XE, HÚT KHÓI SỰ CỐ Quạt hướng trục SEF-A1.2-03F-03 5100 l/s @ 500 Pa, chống cháy 300°C trong 2h | D9: THUONG_MAI | E9: MAT-THUONG_MAI-HE_THONG_HUT_KHOI_HAM_XE_HUT_K_8FEB | F9: Cái | G9: 1 | H9: =IFERROR(INDEX('00_TONG_HOP_BAO_GIA'!$G$1:$G$5000, MATCH(B9, '00_TONG_HOP_BAO_GIA'!$B$1:$B$5000, 0)), 1) | I9: =G9*H9 | J9: =IFERROR(INDEX('06_BANG_GIA_VAT_TU_AP_DUNG'!$E$1:$E$5000, MATCH(E9, '06_BANG_GIA_VAT_TU_AP_DUNG'!$B$1:$B$5000, 0)), 0) | K9: =I9*J9 | L9: Hàng thương mại mua ngoài
A10: SW-TRD-009-TM | B10: SW-TRD-009 | C10: HỆ THỐNG HÚT KHÓI HẦM XE, HÚT KHÓI SỰ CỐ Quạt hướng trục SEF-A1.3-03F-01~03 4800 l/s @ 500 Pa, chống cháy 300°C trong 2h | D10: THUONG_MAI | E10: MAT-THUONG_MAI-HE_THONG_HUT_KHOI_HAM_XE_HUT_K_5E9C | F10: Cái | G10: 1 | H10: =IFERROR(INDEX('00_TONG_HOP_BAO_GIA'!$G$1:$G$5000, MATCH(B10, '00_TONG_HOP_BAO_GIA'!$B$1:$B$5000, 0)), 1) | I10: =G10*H10 | J10: =IFERROR(INDEX('06_BANG_GIA_VAT_TU_AP_DUNG'!$E$1:$E$5000, MATCH(E10, '06_BANG_GIA_VAT_TU_AP_DUNG'!$B$1:$B$5000, 0)), 0) | K10: =I10*J10 | L10: Hàng thương mại mua ngoài
A11: SW-TRD-010-TM | B11: SW-TRD-010 | C11: HỆ THỐNG HÚT KHÓI HẦM XE, HÚT KHÓI SỰ CỐ Quạt hướng trục SEF-A1.3-03F-04 4800 l/s @ 450 Pa, chống cháy 300°C trong 2h | D11: THUONG_MAI | E11: MAT-THUONG_MAI-HE_THONG_HUT_KHOI_HAM_XE_HUT_K_2169 | F11: Cái | G11: 1 | H11: =IFERROR(INDEX('00_TONG_HOP_BAO_GIA'!$G$1:$G$5000, MATCH(B11, '00_TONG_HOP_BAO_GIA'!$B$1:$B$5000, 0)), 1) | I11: =G11*H11 | J11: =IFERROR(INDEX('06_BANG_GIA_VAT_TU_AP_DUNG'!$E$1:$E$5000, MATCH(E11, '06_BANG_GIA_VAT_TU_AP_DUNG'!$B$1:$B$5000, 0)), 0) | K11: =I11*J11 | L11: Hàng thương mại mua ngoài
A12: SW-TRD-011-TM | B12: SW-TRD-011 | C12: HỆ THỐNG HÚT KHÓI HẦM XE, HÚT KHÓI SỰ CỐ Quạt hướng trục SEF-A1.3-03F-05~07 4800 l/s @ 500 Pa, chống cháy 300°C trong 2h | D12: THUONG_MAI | E12: MAT-THUONG_MAI-HE_THONG_HUT_KHOI_HAM_XE_HUT_K_04CF | F12: Cái | G12: 1 | H12: =IFERROR(INDEX('00_TONG_HOP_BAO_GIA'!$G$1:$G$5000, MATCH(B12, '00_TONG_HOP_BAO_GIA'!$B$1:$B$5000, 0)), 1) | I12: =G12*H12 | J12: =IFERROR(INDEX('06_BANG_GIA_VAT_TU_AP_DUNG'!$E$1:$E$5000, MATCH(E12, '06_BANG_GIA_VAT_TU_AP_DUNG'!$B$1:$B$5000, 0)), 0) | K12: =I12*J12 | L12: Hàng thương mại mua ngoài
A13: SW-TRD-012-TM | B13: SW-TRD-012 | C13: HỆ THỐNG HÚT KHÓI HẦM XE, HÚT KHÓI SỰ CỐ Quạt hướng trục SEF-A1.3-10F-01 7100 l/s @ 600 Pa, chống cháy 300°C trong 2h | D13: THUONG_MAI | E13: MAT-THUONG_MAI-HE_THONG_HUT_KHOI_HAM_XE_HUT_K_6B0C | F13: Cái | G13: 1 | H13: =IFERROR(INDEX('00_TONG_HOP_BAO_GIA'!$G$1:$G$5000, MATCH(B13, '00_TONG_HOP_BAO_GIA'!$B$1:$B$5000, 0)), 1) | I13: =G13*H13 | J13: =IFERROR(INDEX('06_BANG_GIA_VAT_TU_AP_DUNG'!$E$1:$E$5000, MATCH(E13, '06_BANG_GIA_VAT_TU_AP_DUNG'!$B$1:$B$5000, 0)), 0) | K13: =I13*J13 | L13: Hàng thương mại mua ngoài
... A533: SW-TRD-636-TM | B533: SW-TRD-636 | C533: CHI PHÍ CHUNG Chi phí chống cháy lan | D533: THUONG_MAI | E533: MAT-THUONG_MAI-CHI_PHI_CHUNG_CHI_PHI_CHONG_CH_147A | F533: Lô | G533: 1 | H533: =IFERROR(INDEX('00_TONG_HOP_BAO_GIA'!$G$1:$G$5000, MATCH(B533, '00_TONG_HOP_BAO_GIA'!$B$1:$B$5000, 0)), 1) | I533: =G533*H533 | J533: =IFERROR(INDEX('06_BANG_GIA_VAT_TU_AP_DUNG'!$E$1:$E$5000, MATCH(E533, '06_BANG_GIA_VAT_TU_AP_DUNG'!$B$1:$B$5000, 0)), 0) | K533: =I533*J533 | L533: Hàng thương mại mua ngoài

Sheet 02_BOC_TACH_CUA
A1: SUB_KEY | B1: PARENT_ITEM_ID | C1: TÊN CẤU KIỆN | D1: PHÂN LOẠI | E1: MÃ VẬT TƯ (MAT_ID) | F1: ĐVT | G1: ĐỊNH MỨC / 1 SP | H1: SL DỰ ÁN | I1: TỔNG NHU CẦU | J1: ĐƠN GIÁ GỐC | K1: THÀNH TIỀN (VNĐ) | L1: GHI CHÚ KỸ THUẬT
A2: SW-DIFF-039-FRAME | B2: SW-DIFF-039 | C2: Khung nhôm định hình (BD) | D2: NHÔM_ĐỊNH_HÌNH | E2: MAT-ALU-KHUNG-BD | F2: kg | G2: 0.378 | H2: =IFERROR(INDEX('00_TONG_HOP_BAO_GIA'!$G$1:$G$5000, MATCH(B2, '00_TONG_HOP_BAO_GIA'!$B$1:$B$5000, 0)), 1) | I2: =G2*H2 | J2: =IFERROR(INDEX('06_BANG_GIA_VAT_TU_AP_DUNG'!$E$1:$E$5000, MATCH(E2, '06_BANG_GIA_VAT_TU_AP_DUNG'!$B$1:$B$5000, 0)), 0) | K2: =I2*J2 | L2: Dài cắt 1.89m @ 0.2kg/m
A3: SW-DIFF-039-BLADE | B3: SW-DIFF-039 | C3: Nan nhôm định hình (BD) | D3: NHÔM_ĐỊNH_HÌNH | E3: MAT-ALU-NAN-BD | F3: kg | G3: 0.431172 | H3: =IFERROR(INDEX('00_TONG_HOP_BAO_GIA'!$G$1:$G$5000, MATCH(B3, '00_TONG_HOP_BAO_GIA'!$B$1:$B$5000, 0)), 1) | I3: =G3*H3 | J3: =IFERROR(INDEX('06_BANG_GIA_VAT_TU_AP_DUNG'!$E$1:$E$5000, MATCH(E3, '06_BANG_GIA_VAT_TU_AP_DUNG'!$B$1:$B$5000, 0)), 0) | K3: =I3*J3 | L3: 12 nan dài 7.43m @ 0.058kg/m
A4: SW-DIFF-039-ACCESSORY | B4: SW-DIFF-039 | C4: Phụ kiện lắp ghép / Ke góc cửa gió | D4: PHỤ_KIỆN_CỬA | E4: MAT-DOOR-ACCESSORY | F4: Bộ | G4: 1 | H4: =IFERROR(INDEX('00_TONG_HOP_BAO_GIA'!$G$1:$G$5000, MATCH(B4, '00_TONG_HOP_BAO_GIA'!$B$1:$B$5000, 0)), 1) | I4: =G4*H4 | J4: =IFERROR(INDEX('06_BANG_GIA_VAT_TU_AP_DUNG'!$E$1:$E$5000, MATCH(E4, '06_BANG_GIA_VAT_TU_AP_DUNG'!$B$1:$B$5000, 0)), 0) | K4: =I4*J4 | L4: 4 ke góc chìm và vít ghép khung
A5: SW-DIFF-039-PAINT | B5: SW-DIFF-039 | C5: Sơn tĩnh điện tiêu chuẩn Polyester | D5: SƠN_TĨNH_ĐIỆN | E5: MAT-PAINT-POWDER | F5: m2 | G5: 0.27 | H5: =IFERROR(INDEX('00_TONG_HOP_BAO_GIA'!$G$1:$G$5000, MATCH(B5, '00_TONG_HOP_BAO_GIA'!$B$1:$B$5000, 0)), 1) | I5: =G5*H5 | J5: =IFERROR(INDEX('06_BANG_GIA_VAT_TU_AP_DUNG'!$E$1:$E$5000, MATCH(E5, '06_BANG_GIA_VAT_TU_AP_DUNG'!$B$1:$B$5000, 0)), 0) | K5: =I5*J5 | L5: Diện tích phủ sơn 0.270m2
A6: SW-DIFF-040-FRAME | B6: SW-DIFF-040 | C6: Khung nhôm định hình (BD) | D6: NHÔM_ĐỊNH_HÌNH | E6: MAT-ALU-KHUNG-BD | F6: kg | G6: 0.756 | H6: =IFERROR(INDEX('00_TONG_HOP_BAO_GIA'!$G$1:$G$5000, MATCH(B6, '00_TONG_HOP_BAO_GIA'!$B$1:$B$5000, 0)), 1) | I6: =G6*H6 | J6: =IFERROR(INDEX('06_BANG_GIA_VAT_TU_AP_DUNG'!$E$1:$E$5000, MATCH(E6, '06_BANG_GIA_VAT_TU_AP_DUNG'!$B$1:$B$5000, 0)), 0) | K6: =I6*J6 | L6: Dài cắt 3.78m @ 0.2kg/m
A7: SW-DIFF-040-BLADE | B7: SW-DIFF-040 | C7: Nan nhôm định hình (BD) | D7: NHÔM_ĐỊNH_HÌNH | E7: MAT-ALU-NAN-BD | F7: kg | G7: 1.739304 | H7: =IFERROR(INDEX('00_TONG_HOP_BAO_GIA'!$G$1:$G$5000, MATCH(B7, '00_TONG_HOP_BAO_GIA'!$B$1:$B$5000, 0)), 1) | I7: =G7*H7 | J7: =IFERROR(INDEX('06_BANG_GIA_VAT_TU_AP_DUNG'!$E$1:$E$5000, MATCH(E7, '06_BANG_GIA_VAT_TU_AP_DUNG'!$B$1:$B$5000, 0)), 0) | K7: =I7*J7 | L7: 24 nan dài 29.99m @ 0.058kg/m
A8: SW-DIFF-040-ACCESSORY | B8: SW-DIFF-040 | C8: Phụ kiện lắp ghép / Ke góc cửa gió | D8: PHỤ_KIỆN_CỬA | E8: MAT-DOOR-ACCESSORY | F8: Bộ | G8: 1 | H8: =IFERROR(INDEX('00_TONG_HOP_BAO_GIA'!$G$1:$G$5000, MATCH(B8, '00_TONG_HOP_BAO_GIA'!$B$1:$B$5000, 0)), 1) | I8: =G8*H8 | J8: =IFERROR(INDEX('06_BANG_GIA_VAT_TU_AP_DUNG'!$E$1:$E$5000, MATCH(E8, '06_BANG_GIA_VAT_TU_AP_DUNG'!$B$1:$B$5000, 0)), 0) | K8: =I8*J8 | L8: 4 ke góc chìm và vít ghép khung
A9: SW-DIFF-040-PAINT | B9: SW-DIFF-040 | C9: Sơn tĩnh điện tiêu chuẩn Polyester | D9: SƠN_TĨNH_ĐIỆN | E9: MAT-PAINT-POWDER | F9: m2 | G9: 1.08 | H9: =IFERROR(INDEX('00_TONG_HOP_BAO_GIA'!$G$1:$G$5000, MATCH(B9, '00_TONG_HOP_BAO_GIA'!$B$1:$B$5000, 0)), 1) | I9: =G9*H9 | J9: =IFERROR(INDEX('06_BANG_GIA_VAT_TU_AP_DUNG'!$E$1:$E$5000, MATCH(E9, '06_BANG_GIA_VAT_TU_AP_DUNG'!$B$1:$B$5000, 0)), 0) | K9: =I9*J9 | L9: Diện tích phủ sơn 1.080m2
A10: SW-DIFF-041-FRAME | B10: SW-DIFF-041 | C10: Khung nhôm định hình (BD) | D10: NHÔM_ĐỊNH_HÌNH | E10: MAT-ALU-KHUNG-BD | F10: kg | G10: 0.672 | H10: =IFERROR(INDEX('00_TONG_HOP_BAO_GIA'!$G$1:$G$5000, MATCH(B10, '00_TONG_HOP_BAO_GIA'!$B$1:$B$5000, 0)), 1) | I10: =G10*H10 | J10: =IFERROR(INDEX('06_BANG_GIA_VAT_TU_AP_DUNG'!$E$1:$E$5000, MATCH(E10, '06_BANG_GIA_VAT_TU_AP_DUNG'!$B$1:$B$5000, 0)), 0) | K10: =I10*J10 | L10: Dài cắt 3.36m @ 0.2kg/m
A11: SW-DIFF-041-BLADE | B11: SW-DIFF-041 | C11: Nan nhôm định hình (BD) | D11: NHÔM_ĐỊNH_HÌNH | E11: MAT-ALU-NAN-BD | F11: kg | G11: 1.446984 | H11: =IFERROR(INDEX('00_TONG_HOP_BAO_GIA'!$G$1:$G$5000, MATCH(B11, '00_TONG_HOP_BAO_GIA'!$B$1:$B$5000, 0)), 1) | I11: =G11*H11 | J11: =IFERROR(INDEX('06_BANG_GIA_VAT_TU_AP_DUNG'!$E$1:$E$5000, MATCH(E11, '06_BANG_GIA_VAT_TU_AP_DUNG'!$B$1:$B$5000, 0)), 0) | K11: =I11*J11 | L11: 24 nan dài 24.95m @ 0.058kg/m
A12: SW-DIFF-041-ACCESSORY | B12: SW-DIFF-041 | C12: Phụ kiện lắp ghép / Ke góc cửa gió | D12: PHỤ_KIỆN_CỬA | E12: MAT-DOOR-ACCESSORY | F12: Bộ | G12: 1 | H12: =IFERROR(INDEX('00_TONG_HOP_BAO_GIA'!$G$1:$G$5000, MATCH(B12, '00_TONG_HOP_BAO_GIA'!$B$1:$B$5000, 0)), 1) | I12: =G12*H12 | J12: =IFERROR(INDEX('06_BANG_GIA_VAT_TU_AP_DUNG'!$E$1:$E$5000, MATCH(E12, '06_BANG_GIA_VAT_TU_AP_DUNG'!$B$1:$B$5000, 0)), 0) | K12: =I12*J12 | L12: 4 ke góc chìm và vít ghép khung
A13: SW-DIFF-041-PAINT | B13: SW-DIFF-041 | C13: Sơn tĩnh điện tiêu chuẩn Polyester | D13: SƠN_TĨNH_ĐIỆN | E13: MAT-PAINT-POWDER | F13: m2 | G13: 0.9 | H13: =IFERROR(INDEX('00_TONG_HOP_BAO_GIA'!$G$1:$G$5000, MATCH(B13, '00_TONG_HOP_BAO_GIA'!$B$1:$B$5000, 0)), 1) | I13: =G13*H13 | J13: =IFERROR(INDEX('06_BANG_GIA_VAT_TU_AP_DUNG'!$E$1:$E$5000, MATCH(E13, '06_BANG_GIA_VAT_TU_AP_DUNG'!$B$1:$B$5000, 0)), 0) | K13: =I13*J13 | L13: Diện tích phủ sơn 0.900m2
... A304: SW-TRD-635-LƯỚI | B304: SW-TRD-635 | C304: Lưới bảo vệ - | D304: THUONG_MAI | E304: MAT-LUOI-CHI_PHI_CHUNG_CHI_PH_7600 | F304: Cái | G304: 1 | H304: =IFERROR(INDEX('00_TONG_HOP_BAO_GIA'!$G$1:$G$5000, MATCH(B304, '00_TONG_HOP_BAO_GIA'!$B$1:$B$5000, 0)), 1) | I304: =G304*H304 | J304: =IFERROR(INDEX('06_BANG_GIA_VAT_TU_AP_DUNG'!$E$1:$E$5000, MATCH(E304, '06_BANG_GIA_VAT_TU_AP_DUNG'!$B$1:$B$5000, 0)), 0) | K304: =I304*J304 | L304: Phụ kiện bóc tách động (Rule-based)

Sheet 03_BOC_TACH_VAN
A1: SUB_KEY | B1: PARENT_ITEM_ID | C1: TÊN CẤU KIỆN | D1: PHÂN LOẠI | E1: MÃ VẬT TƯ (MAT_ID) | F1: ĐVT | G1: ĐỊNH MỨC / 1 SP | H1: SL DỰ ÁN | I1: TỔNG NHU CẦU | J1: ĐƠN GIÁ GỐC | K1: THÀNH TIỀN (VNĐ) | L1: GHI CHÚ KỸ THUẬT
A2: SW-DAMPER-023-BODY | B2: SW-DAMPER-023 | C2: Thân vỏ van NRD bích TDF (0.95mm) | D2: TÔN_CUỘN_MẠ_KẼM | E2: MAT-STEEL-PN-0.95 | F2: kg | G2: 11.050225 | H2: =IFERROR(INDEX('00_TONG_HOP_BAO_GIA'!$G$1:$G$5000, MATCH(B2, '00_TONG_HOP_BAO_GIA'!$B$1:$B$5000, 0)), 1) | I2: =G2*H2 | J2: =IFERROR(INDEX('06_BANG_GIA_VAT_TU_AP_DUNG'!$E$1:$E$5000, MATCH(E2, '06_BANG_GIA_VAT_TU_AP_DUNG'!$B$1:$B$5000, 0)), 0) | K2: =I2*J2 | L2: Kích thước vỏ 1250.0x1250.0x210mm
A3: SW-DAMPER-023-BLADE | B3: SW-DAMPER-023 | C3: Lá cánh van (7 cánh overlap) | D3: TÔN_CUỘN_MẠ_KẼM | E3: MAT-STEEL-PN-0.75 | F3: kg | G3: 11.047894 | H3: =IFERROR(INDEX('00_TONG_HOP_BAO_GIA'!$G$1:$G$5000, MATCH(B3, '00_TONG_HOP_BAO_GIA'!$B$1:$B$5000, 0)), 1) | I3: =G3*H3 | J3: =IFERROR(INDEX('06_BANG_GIA_VAT_TU_AP_DUNG'!$E$1:$E$5000, MATCH(E3, '06_BANG_GIA_VAT_TU_AP_DUNG'!$B$1:$B$5000, 0)), 0) | K3: =I3*J3 | L3: 7 cánh cao 199mm
A4: SW-DAMPER-023-AXLE | B4: SW-DAMPER-023 | C4: Trục Sus 201 D10 | D4: PHỤ_KIỆN_VAN | E4: MAT-DAMPER-TRUC-SUS-201-D10 | F4: m | G4: 9.17 | H4: =IFERROR(INDEX('00_TONG_HOP_BAO_GIA'!$G$1:$G$5000, MATCH(B4, '00_TONG_HOP_BAO_GIA'!$B$1:$B$5000, 0)), 1) | I4: =G4*H4 | J4: =IFERROR(INDEX('06_BANG_GIA_VAT_TU_AP_DUNG'!$E$1:$E$5000, MATCH(E4, '06_BANG_GIA_VAT_TU_AP_DUNG'!$B$1:$B$5000, 0)), 0) | K4: =I4*J4 | L4: 7 trục dài 1310mm
A5: SW-DAMPER-023-BEARING | B5: SW-DAMPER-023 | C5: Bạc đồng D10 | D5: PHỤ_KIỆN_VAN | E5: MAT-DAMPER-BAC-DONG-D10 | F5: Đôi | G5: 7 | H5: =IFERROR(INDEX('00_TONG_HOP_BAO_GIA'!$G$1:$G$5000, MATCH(B5, '00_TONG_HOP_BAO_GIA'!$B$1:$B$5000, 0)), 1) | I5: =G5*H5 | J5: =IFERROR(INDEX('06_BANG_GIA_VAT_TU_AP_DUNG'!$E$1:$E$5000, MATCH(E5, '06_BANG_GIA_VAT_TU_AP_DUNG'!$B$1:$B$5000, 0)), 0) | K5: =I5*J5 | L5: 7 đôi bạc đỡ 2 bên thân
A6: SW-DAMPER-023-GEAR | B6: SW-DAMPER-023 | C6: Bánh răng van nhôm | D6: PHỤ_KIỆN_VAN | E6: MAT-DAMPER-BANH-RANG-VAN-NHOM | F6: Bộ | G6: 1 | H6: =IFERROR(INDEX('00_TONG_HOP_BAO_GIA'!$G$1:$G$5000, MATCH(B6, '00_TONG_HOP_BAO_GIA'!$B$1:$B$5000, 0)), 1) | I6: =G6*H6 | J6: =IFERROR(INDEX('06_BANG_GIA_VAT_TU_AP_DUNG'!$E$1:$E$5000, MATCH(E6, '06_BANG_GIA_VAT_TU_AP_DUNG'!$B$1:$B$5000, 0)), 0) | K6: =I6*J6 | L6: Cơ cấu liên động bánh răng van
A7: SW-DAMPER-023-ECCENTRIC | B7: SW-DAMPER-023 | C7: Cơ cấu lệch tâm / Lò xo đóng mở (NRD) | D7: PHỤ_KIỆN_VAN | E7: ECCENTRIC_SHAFT | F7: Bộ | G7: 1 | H7: =IFERROR(INDEX('00_TONG_HOP_BAO_GIA'!$G$1:$G$5000, MATCH(B7, '00_TONG_HOP_BAO_GIA'!$B$1:$B$5000, 0)), 1) | I7: =G7*H7 | J7: =IFERROR(INDEX('06_BANG_GIA_VAT_TU_AP_DUNG'!$E$1:$E$5000, MATCH(E7, '06_BANG_GIA_VAT_TU_AP_DUNG'!$B$1:$B$5000, 0)), 0) | K7: =I7*J7 | L7: Cơ cấu đóng mở một chiều
A8: SW-DAMPER-024-BODY | B8: SW-DAMPER-024 | C8: Thân vỏ van NRD bích TDF (0.95mm) | D8: TÔN_CUỘN_MẠ_KẼM | E8: MAT-STEEL-PN-0.95 | F8: kg | G8: 10.173223 | H8: =IFERROR(INDEX('00_TONG_HOP_BAO_GIA'!$G$1:$G$5000, MATCH(B8, '00_TONG_HOP_BAO_GIA'!$B$1:$B$5000, 0)), 1) | I8: =G8*H8 | J8: =IFERROR(INDEX('06_BANG_GIA_VAT_TU_AP_DUNG'!$E$1:$E$5000, MATCH(E8, '06_BANG_GIA_VAT_TU_AP_DUNG'!$B$1:$B$5000, 0)), 0) | K8: =I8*J8 | L8: Kích thước vỏ 1700.0x600.0x210mm
A9: SW-DAMPER-024-BLADE | B9: SW-DAMPER-024 | C9: Lá cánh van (4 cánh overlap) | D9: TÔN_CUỘN_MẠ_KẼM | E9: MAT-STEEL-PN-0.75 | F9: kg | G9: 7.350426 | H9: =IFERROR(INDEX('00_TONG_HOP_BAO_GIA'!$G$1:$G$5000, MATCH(B9, '00_TONG_HOP_BAO_GIA'!$B$1:$B$5000, 0)), 1) | I9: =G9*H9 | J9: =IFERROR(INDEX('06_BANG_GIA_VAT_TU_AP_DUNG'!$E$1:$E$5000, MATCH(E9, '06_BANG_GIA_VAT_TU_AP_DUNG'!$B$1:$B$5000, 0)), 0) | K9: =I9*J9 | L9: 4 cánh cao 170mm
A10: SW-DAMPER-024-AXLE | B10: SW-DAMPER-024 | C10: Trục Sus 201 D10 | D10: PHỤ_KIỆN_VAN | E10: MAT-DAMPER-TRUC-SUS-201-D10 | F10: m | G10: 7.04 | H10: =IFERROR(INDEX('00_TONG_HOP_BAO_GIA'!$G$1:$G$5000, MATCH(B10, '00_TONG_HOP_BAO_GIA'!$B$1:$B$5000, 0)), 1) | I10: =G10*H10 | J10: =IFERROR(INDEX('06_BANG_GIA_VAT_TU_AP_DUNG'!$E$1:$E$5000, MATCH(E10, '06_BANG_GIA_VAT_TU_AP_DUNG'!$B$1:$B$5000, 0)), 0) | K10: =I10*J10 | L10: 4 trục dài 1760mm
A11: SW-DAMPER-024-BEARING | B11: SW-DAMPER-024 | C11: Bạc đồng D10 | D11: PHỤ_KIỆN_VAN | E11: MAT-DAMPER-BAC-DONG-D10 | F11: Đôi | G11: 4 | H11: =IFERROR(INDEX('00_TONG_HOP_BAO_GIA'!$G$1:$G$5000, MATCH(B11, '00_TONG_HOP_BAO_GIA'!$B$1:$B$5000, 0)), 1) | I11: =G11*H11 | J11: =IFERROR(INDEX('06_BANG_GIA_VAT_TU_AP_DUNG'!$E$1:$E$5000, MATCH(E11, '06_BANG_GIA_VAT_TU_AP_DUNG'!$B$1:$B$5000, 0)), 0) | K11: =I11*J11 | L11: 4 đôi bạc đỡ 2 bên thân
A12: SW-DAMPER-024-GEAR | B12: SW-DAMPER-024 | C12: Bánh răng van nhôm | D12: PHỤ_KIỆN_VAN | E12: MAT-DAMPER-BANH-RANG-VAN-NHOM | F12: Bộ | G12: 1 | H12: =IFERROR(INDEX('00_TONG_HOP_BAO_GIA'!$G$1:$G$5000, MATCH(B12, '00_TONG_HOP_BAO_GIA'!$B$1:$B$5000, 0)), 1) | I12: =G12*H12 | J12: =IFERROR(INDEX('06_BANG_GIA_VAT_TU_AP_DUNG'!$E$1:$E$5000, MATCH(E12, '06_BANG_GIA_VAT_TU_AP_DUNG'!$B$1:$B$5000, 0)), 0) | K12: =I12*J12 | L12: Cơ cấu liên động bánh răng van
A13: SW-DAMPER-024-ECCENTRIC | B13: SW-DAMPER-024 | C13: Cơ cấu lệch tâm / Lò xo đóng mở (NRD) | D13: PHỤ_KIỆN_VAN | E13: ECCENTRIC_SHAFT | F13: Bộ | G13: 1 | H13: =IFERROR(INDEX('00_TONG_HOP_BAO_GIA'!$G$1:$G$5000, MATCH(B13, '00_TONG_HOP_BAO_GIA'!$B$1:$B$5000, 0)), 1) | I13: =G13*H13 | J13: =IFERROR(INDEX('06_BANG_GIA_VAT_TU_AP_DUNG'!$E$1:$E$5000, MATCH(E13, '06_BANG_GIA_VAT_TU_AP_DUNG'!$B$1:$B$5000, 0)), 0) | K13: =I13*J13 | L13: Cơ cấu đóng mở một chiều
... A825: SW-DAMPER-332-ECCENTRIC | B825: SW-DAMPER-332 | C825: Cơ cấu lệch tâm / Lò xo đóng mở (NRD) | D825: PHỤ_KIỆN_VAN | E825: ECCENTRIC_SHAFT | F825: Bộ | G825: 1 | H825: =IFERROR(INDEX('00_TONG_HOP_BAO_GIA'!$G$1:$G$5000, MATCH(B825, '00_TONG_HOP_BAO_GIA'!$B$1:$B$5000, 0)), 1) | I825: =G825*H825 | J825: =IFERROR(INDEX('06_BANG_GIA_VAT_TU_AP_DUNG'!$E$1:$E$5000, MATCH(E825, '06_BANG_GIA_VAT_TU_AP_DUNG'!$B$1:$B$5000, 0)), 0) | K825: =I825*J825 | L825: Cơ cấu đóng mở một chiều

Sheet 05_DANH_MUC_KY_THUAT_GOC
A1: STT | B1: MAT_ID | C1: PHÂN LOẠI | D1: TÊN VẬT TƯ | E1: ĐVT | F1: BAREM KỸ THUẬT | G1: NGUỒN ĐỐI SOÁT
A2: 1 | B2: MAT-STEEL-DONGBU-0.50 | C2: TÔN_CUỘN_MẠ_KẼM | D2: TÔN DONGBU 0.50mm | E2: kg | F2: 3.925 kg/m2 | G2: Vat tu tôn!R5C2
A3: 2 | B3: MAT-STEEL-DONGBU-0.60 | C3: TÔN_CUỘN_MẠ_KẼM | D3: TÔN DONGBU 0.60mm | E3: kg | F3: 4.71 kg/m2 | G3: Vat tu tôn!R6C2
A4: 3 | B4: MAT-STEEL-DONGBU-0.80 | C4: TÔN_CUỘN_MẠ_KẼM | D4: TÔN DONGBU 0.80mm | E4: kg | F4: 6.28 kg/m2 | G4: Vat tu tôn!R7C2
A5: 4 | B5: MAT-STEEL-DONGBU-1.00 | C5: TÔN_CUỘN_MẠ_KẼM | D5: TÔN DONGBU 1.00mm | E5: kg | F5: 7.85 kg/m2 | G5: Vat tu tôn!R8C2
A6: 5 | B6: MAT-STEEL-DONGBU-1.20 | C6: TÔN_CUỘN_MẠ_KẼM | D6: TÔN DONGBU 1.20mm | E6: kg | F6: 9.42 kg/m2 | G6: Vat tu tôn!R9C2
A7: 6 | B7: MAT-STEEL-DONGBU-1.50 | C7: TÔN_CUỘN_MẠ_KẼM | D7: TÔN DONGBU 1.50mm | E7: kg | F7: 11.775 kg/m2 | G7: Vat tu tôn!R10C2
A8: 7 | B8: MAT-STEEL-DONGBU-2.00 | C8: TÔN_CUỘN_MẠ_KẼM | D8: TÔN DONGBU 2.00mm | E8: kg | F8: 15.7 kg/m2 | G8: Vat tu tôn!R11C2
A9: 8 | B9: MAT-STEEL-VNSTEEL-0.35 | C9: TÔN_CUỘN_MẠ_KẼM | D9: TÔN THĂNG LONG VNSTEEL 0.35mm | E9: kg | F9: 3.15 kg/m2 | G9: Vat tu tôn!R5C7
A10: 9 | B10: MAT-STEEL-VNSTEEL-0.40 | C10: TÔN_CUỘN_MẠ_KẼM | D10: TÔN THĂNG LONG VNSTEEL 0.40mm | E10: kg | F10: 3.72 kg/m2 | G10: Vat tu tôn!R6C7
A11: 10 | B11: MAT-STEEL-VNSTEEL-0.42 | C11: TÔN_CUỘN_MẠ_KẼM | D11: TÔN THĂNG LONG VNSTEEL 0.42mm | E11: kg | F11: 3.91 kg/m2 | G11: Vat tu tôn!R7C7
A12: 11 | B12: MAT-STEEL-VNSTEEL-0.47 | C12: TÔN_CUỘN_MẠ_KẼM | D12: TÔN THĂNG LONG VNSTEEL 0.47mm | E12: kg | F12: 4.38 kg/m2 | G12: Vat tu tôn!R8C7
A13: 12 | B13: MAT-STEEL-VNSTEEL-0.50 | C13: TÔN_CUỘN_MẠ_KẼM | D13: TÔN THĂNG LONG VNSTEEL 0.50mm | E13: kg | F13: 4.66 kg/m2 | G13: Vat tu tôn!R9C7
... A40: 39 | B40: MAT-STEEL-BLUESCOPE-1.15 | C40: TÔN_CUỘN_MẠ_KẼM | D40: TÔN BLUESCOPE 1.15mm | E40: kg | F40: 9.027 kg/m2 | G40: Vat tu tôn!R9C24
A41: 40 | B41: MAT-INOX-SUS304-0-5 | C41: INOX | D41: Inox Sus304-0.5 | E41: kg | G41: Vat tu tôn!R5C29
A42: 41 | B42: MAT-INOX-SUS304-0-6 | C42: INOX | D42: Inox Sus304-0.6 | E42: kg | G42: Vat tu tôn!R6C29
A43: 42 | B43: MAT-INOX-SUS304-0-7 | C43: INOX | D43: Inox Sus304-0.7 | E43: kg | G43: Vat tu tôn!R7C29
A44: 43 | B44: MAT-INOX-SUS304-0-8 | C44: INOX | D44: Inox Sus304-0.8 | E44: kg | G44: Vat tu tôn!R8C29
A45: 44 | B45: MAT-INOX-SUS304-0-9 | C45: INOX | D45: Inox Sus304-0.9 | E45: kg | G45: Vat tu tôn!R9C29
A46: 45 | B46: MAT-INOX-SUS304-1-0 | C46: INOX | D46: Inox Sus304-1,0 | E46: kg | G46: Vat tu tôn!R10C29
A47: 46 | B47: MAT-INOX-SUS304-1-2 | C47: INOX | D47: Inox Sus304-1,2 | E47: kg | G47: Vat tu tôn!R11C29
A48: 47 | B48: MAT-INOX-SUS430-0-5 | C48: INOX | D48: Inox Sus430-0.5 | E48: kg | G48: Vat tu tôn!R12C29
A49: 48 | B49: MAT-INOX-SUS430-0-6 | C49: INOX | D49: Inox Sus430-0.6 | E49: kg | G49: Vat tu tôn!R13C29
A50: 49 | B50: MAT-INOX-SUS430-0-7 | C50: INOX | D50: Inox Sus430-0.7 | E50: kg | G50: Vat tu tôn!R14C29
A51: 50 | B51: MAT-INOX-SUS430-0-8 | C51: INOX | D51: Inox Sus430-0.8 | E51: kg | G51: Vat tu tôn!R15C29
A52: 51 | B52: MAT-INOX-SUS430-0-9 | C52: INOX | D52: Inox Sus430-0.9 | E52: kg | G52: Vat tu tôn!R16C29
... A96: 95 | B96: MAT-INSUL-MOTOR-VAN-AP-SUAT | C96: VẬT_LIỆU_TIÊU_ÂM | D96: Motor van áp suất | E96: m2 | G96: Vat tu tôn!R10C41
A97: 96 | B97: MAT-ALU-NAN-BD | C97: NHÔM_ĐỊNH_HÌNH | D97: Nhôm định hình NAN BD | E97: kg | F97: 0.058 kg/m | G97: BG Cửa (rút gọn)!R3C2
A98: 97 | B98: MAT-ALU-NAN-T | C98: NHÔM_ĐỊNH_HÌNH | D98: Nhôm định hình NAN T | E98: kg | F98: 0.078 kg/m | G98: BG Cửa (rút gọn)!R4C2
A99: 98 | B99: MAT-ALU-KHUNG-BD | C99: NHÔM_ĐỊNH_HÌNH | D99: Nhôm định hình KHUNG BD | E99: kg | F99: 0.2 kg/m | G99: BG Cửa (rút gọn)!R5C2
A100: 99 | B100: MAT-ALU-KHUNG-BD-Z-MONG | C100: NHÔM_ĐỊNH_HÌNH | D100: Nhôm định hình KHUNG BD+ Z MỎNG | E100: kg | F100: 0.173 kg/m | G100: BG Cửa (rút gọn)!R6C2
A101: 100 | B101: MAT-ALU-NAN-Z-DAY | C101: NHÔM_ĐỊNH_HÌNH | D101: Nhôm định hình NAN Z DÀY | E101: kg | F101: 0.217 kg/m | G101: BG Cửa (rút gọn)!R7C2
A102: 101 | B102: MAT-ALU-NAN-Z-MONG | C102: NHÔM_ĐỊNH_HÌNH | D102: Nhôm định hình NAN Z MỎNG | E102: kg | F102: 0.16 kg/m | G102: BG Cửa (rút gọn)!R8C2
A103: 102 | B103: MAT-ALU-KHUNG-Z-2-LOP | C103: NHÔM_ĐỊNH_HÌNH | D103: Nhôm định hình KHUNG Z+2 LỚP | E103: kg | F103: 0.227 kg/m | G103: BG Cửa (rút gọn)!R9C2
A104: 103 | B104: MAT-ALU-NAN-OBD | C104: NHÔM_ĐỊNH_HÌNH | D104: Nhôm định hình NAN OBD | E104: kg | F104: 0.11 kg/m | G104: BG Cửa (rút gọn)!R10C2
A105: 104 | B105: MAT-ALU-KHUNG-OBD | C105: NHÔM_ĐỊNH_HÌNH | D105: Nhôm định hình KHUNG OBD | E105: kg | F105: 0.158 kg/m | G105: BG Cửa (rút gọn)!R11C2
A106: 105 | B106: MAT-ALU-NAN-BD-EUS02 | C106: NHÔM_ĐỊNH_HÌNH | D106: Nhôm định hình NAN BD EUS 02 | E106: kg | F106: 0.071 kg/m | G106: BG Cửa (rút gọn)!R14C2
A107: 106 | B107: MAT-ALU-KHUNG-BD-EUS01 | C107: NHÔM_ĐỊNH_HÌNH | D107: Nhôm định hình KHUNG BD EUS 01 | E107: kg | F107: 0.206 kg/m | G107: BG Cửa (rút gọn)!R15C2
A108: 107 | B108: MAT-ALU-NAN-Z-EUS05 | C108: NHÔM_ĐỊNH_HÌNH | D108: Nhôm định hình NAN Z EUS 05 | E108: kg | F108: 0.162 kg/m | G108: BG Cửa (rút gọn)!R16C2
... A111: 110 | B111: MAT-ALU-KHUNG-OBD-EUS10 | C111: NHÔM_ĐỊNH_HÌNH | D111: Nhôm định hình KHUNG OBD EUS 10 | E111: kg | F111: 0.141 kg/m | G111: BG Cửa (rút gọn)!R19C2
A112: 111 | B112: MAT-PAINT-POWDER | C112: SƠN_TĨNH_ĐIỆN | D112: Sơn tĩnh điện tiêu chuẩn Polyester | E112: m2 | G112: BG Cửa (rút gọn)!R32C21
A113: 112 | B113: MAT-DOOR-ACCESSORY | C113: PHỤ_KIỆN_CỬA | D113: Phụ kiện lắp ghép / Ke góc cửa gió | E113: Bộ | G113: BG Cửa (rút gọn)!R34C20
A114: 113 | B114: MAT-ACTUATOR-NACA-2-05 | C114: ĐỘNG_CƠ_VÀ_CẢM_BIẾN | D114: Model: NACA 2-05 ( 220VAC, On/Off ) | E114: Cái | G114: VT van
A115: 114 | B115: MAT-ACTUATOR-NACA-2-10 | C115: ĐỘNG_CƠ_VÀ_CẢM_BIẾN | D115: Model: NACA 2-10 ( 220VAC, On/Off ) | E115: Cái | G115: VT van
A116: 115 | B116: MAT-ACTUATOR-NACA-2-20 | C116: ĐỘNG_CƠ_VÀ_CẢM_BIẾN | D116: Model: NACA 2-20 ( 220VAC, On/Off ) | E116: Cái | G116: VT van
A117: 116 | B117: MAT-ACTUATOR-NACA-2-40 | C117: ĐỘNG_CƠ_VÀ_CẢM_BIẾN | D117: Model: NACA 2-40 ( 220VAC, On/Off ) | E117: Cái | G117: VT van
A118: 117 | B118: MAT-ACTUATOR-NTC-831 | C118: ĐỘNG_CƠ_VÀ_CẢM_BIẾN | D118: Model: NTC 831 | E118: Cái | G118: VT van
A119: 118 | B119: MAT-ACTUATOR-NACM-1-2-05 | C119: ĐỘNG_CƠ_VÀ_CẢM_BIẾN | D119: Model: NACM 1.2-05 ( Modulating ) | E119: Cái | G119: VT van!R23C3
A120: 119 | B120: MAT-ACTUATOR-NACM-1-1-10 | C120: ĐỘNG_CƠ_VÀ_CẢM_BIẾN | D120: Model: NACM 1.1-10 ( Modulating ) | E120: Cái | G120: VT van!R24C3
A121: 120 | B121: MAT-ACTUATOR-NACM-1-1-20 | C121: ĐỘNG_CƠ_VÀ_CẢM_BIẾN | D121: Model: NACM 1.1-20 ( Modulating ) | E121: Cái | G121: VT van!R25C3
A122: 121 | B122: MAT-ACTUATOR-NACM-1-1-40 | C122: ĐỘNG_CƠ_VÀ_CẢM_BIẾN | D122: Model: NACM 1.1-40 ( Modulating ) | E122: Cái | G122: VT van!R26C3
A123: 122 | B123: MAT-ACTUATOR-MODEL-NPG-1-DIEU-KHI | C123: ĐỘNG_CƠ_VÀ_CẢM_BIẾN | D123: Model: NPG-1 ( Điều khiển cửa gió theo % đóng mở ) | E123: Cái | G123: VT van!R28C3
... A185: 184 | B185: MAT-KHAC-LUOI_BAO_VE | C185: THƯƠNG_MẠI_TỰ_ĐỘNG | D185: Lưới bảo vệ | E185: Cái/Bộ | G185: Auto-learned from Excel
A186: 188 | B186: MAT-THUONG_MAI-HE_THONG_HUT_KHOI_HAM_XE_HUT_K_BDCE | C186: THUONG_MAI | D186: HỆ THỐNG HÚT KHÓI HẦM XE, HÚT KHÓI SỰ CỐ Quạt hướng trục CEF-B2-Z1-01~02 5290/9430 l/s @ 500/1350 Pa, chống cháy 300°C trong 2h, | E186: Cái | F186: - | G186: Phát sinh từ BOQ (chưa có trong CSDL)
A187: 189 | B187: MAT-THUONG_MAI-HE_THONG_HUT_KHOI_HAM_XE_HUT_K_5C8C | C187: THUONG_MAI | D187: HỆ THỐNG HÚT KHÓI HẦM XE, HÚT KHÓI SỰ CỐ Quạt hướng trục CEF-B2-Z2-01~02 5490/8910 l/s @ 600/1350 Pa, chống cháy 300°C trong 2h | E187: Cái | F187: - | G187: Phát sinh từ BOQ (chưa có trong CSDL)
A188: 190 | B188: MAT-THUONG_MAI-HE_THONG_HUT_KHOI_HAM_XE_HUT_K_85A7 | C188: THUONG_MAI | D188: HỆ THỐNG HÚT KHÓI HẦM XE, HÚT KHÓI SỰ CỐ Quạt hướng trục CEF-B1-Z1-01~02 5590/8385 l/s @ 600/1350 Pa, chống cháy 300°C trong 2h | E188: Cái | F188: - | G188: Phát sinh từ BOQ (chưa có trong CSDL)
A189: 191 | B189: MAT-THUONG_MAI-HE_THONG_HUT_KHOI_HAM_XE_HUT_K_50BF | C189: THUONG_MAI | D189: HỆ THỐNG HÚT KHÓI HẦM XE, HÚT KHÓI SỰ CỐ Quạt hướng trục CEF-B1-Z2-01~02 5135/7700 l/s @ 600/1350 Pa, chống cháy 300°C trong 2h | E189: Cái | F189: - | G189: Phát sinh từ BOQ (chưa có trong CSDL)
A190: 192 | B190: MAT-THUONG_MAI-HE_THONG_HUT_KHOI_HAM_XE_HUT_K_C640 | C190: THUONG_MAI | D190: HỆ THỐNG HÚT KHÓI HẦM XE, HÚT KHÓI SỰ CỐ Quạt hướng trục SEF-B1-Z2-01 4800 l/s @ 500 Pa, chống cháy 300°C trong 2h | E190: Cái | F190: - | G190: Phát sinh từ BOQ (chưa có trong CSDL)
A191: 193 | B191: MAT-THUONG_MAI-HE_THONG_HUT_KHOI_HAM_XE_HUT_K_5E99 | C191: THUONG_MAI | D191: HỆ THỐNG HÚT KHÓI HẦM XE, HÚT KHÓI SỰ CỐ Quạt hướng trục SEF-A1.1-03F-01~02 7400 l/s @ 400 Pa, chống cháy 300°C trong 2h | E191: Cái | F191: - | G191: Phát sinh từ BOQ (chưa có trong CSDL)
A192: 194 | B192: MAT-THUONG_MAI-HE_THONG_HUT_KHOI_HAM_XE_HUT_K_0135 | C192: THUONG_MAI | D192: HỆ THỐNG HÚT KHÓI HẦM XE, HÚT KHÓI SỰ CỐ Quạt hướng trục SEF-A1.2-03F-01~02 6700 l/s @ 500 Pa, chống cháy 300°C trong 2h | E192: Cái | F192: - | G192: Phát sinh từ BOQ (chưa có trong CSDL)
A193: 195 | B193: MAT-THUONG_MAI-HE_THONG_HUT_KHOI_HAM_XE_HUT_K_8FEB | C193: THUONG_MAI | D193: HỆ THỐNG HÚT KHÓI HẦM XE, HÚT KHÓI SỰ CỐ Quạt hướng trục SEF-A1.2-03F-03 5100 l/s @ 500 Pa, chống cháy 300°C trong 2h | E193: Cái | F193: - | G193: Phát sinh từ BOQ (chưa có trong CSDL)
A194: 196 | B194: MAT-THUONG_MAI-HE_THONG_HUT_KHOI_HAM_XE_HUT_K_5E9C | C194: THUONG_MAI | D194: HỆ THỐNG HÚT KHÓI HẦM XE, HÚT KHÓI SỰ CỐ Quạt hướng trục SEF-A1.3-03F-01~03 4800 l/s @ 500 Pa, chống cháy 300°C trong 2h | E194: Cái | F194: - | G194: Phát sinh từ BOQ (chưa có trong CSDL)
A195: 197 | B195: MAT-THUONG_MAI-HE_THONG_HUT_KHOI_HAM_XE_HUT_K_2169 | C195: THUONG_MAI | D195: HỆ THỐNG HÚT KHÓI HẦM XE, HÚT KHÓI SỰ CỐ Quạt hướng trục SEF-A1.3-03F-04 4800 l/s @ 450 Pa, chống cháy 300°C trong 2h | E195: Cái | F195: - | G195: Phát sinh từ BOQ (chưa có trong CSDL)
A196: 198 | B196: MAT-THUONG_MAI-HE_THONG_HUT_KHOI_HAM_XE_HUT_K_04CF | C196: THUONG_MAI | D196: HỆ THỐNG HÚT KHÓI HẦM XE, HÚT KHÓI SỰ CỐ Quạt hướng trục SEF-A1.3-03F-05~07 4800 l/s @ 500 Pa, chống cháy 300°C trong 2h | E196: Cái | F196: - | G196: Phát sinh từ BOQ (chưa có trong CSDL)
A197: 199 | B197: MAT-THUONG_MAI-HE_THONG_HUT_KHOI_HAM_XE_HUT_K_6B0C | C197: THUONG_MAI | D197: HỆ THỐNG HÚT KHÓI HẦM XE, HÚT KHÓI SỰ CỐ Quạt hướng trục SEF-A1.3-10F-01 7100 l/s @ 600 Pa, chống cháy 300°C trong 2h | E197: Cái | F197: - | G197: Phát sinh từ BOQ (chưa có trong CSDL)
... A548: 550 | B548: MAT-THUONG_MAI-CHI_PHI_CHUNG_CHI_PHI_CHONG_CH_147A | C548: THUONG_MAI | D548: CHI PHÍ CHUNG Chi phí chống cháy lan | E548: Lô | F548: - | G548: Phát sinh từ BOQ (chưa có trong CSDL)

Sheet 06_BANG_GIA_VAT_TU_AP_DUNG
A1: STT | B1: MAT_ID | C1: TÊN VẬT TƯ | D1: PHÂN LOẠI | E1: ĐƠN GIÁ GỐC (VNĐ)
A2: 1 | B2: MAT-STEEL-DONGBU-0.50 | C2: TÔN DONGBU 0.50mm | D2: TÔN_CUỘN_MẠ_KẼM | E2: 26000
A3: 2 | B3: MAT-STEEL-DONGBU-0.60 | C3: TÔN DONGBU 0.60mm | D3: TÔN_CUỘN_MẠ_KẼM | E3: 26000
A4: 3 | B4: MAT-STEEL-DONGBU-0.80 | C4: TÔN DONGBU 0.80mm | D4: TÔN_CUỘN_MẠ_KẼM | E4: 26000
A5: 4 | B5: MAT-STEEL-DONGBU-1.00 | C5: TÔN DONGBU 1.00mm | D5: TÔN_CUỘN_MẠ_KẼM | E5: 26000
A6: 5 | B6: MAT-STEEL-DONGBU-1.20 | C6: TÔN DONGBU 1.20mm | D6: TÔN_CUỘN_MẠ_KẼM | E6: 26000
A7: 6 | B7: MAT-STEEL-DONGBU-1.50 | C7: TÔN DONGBU 1.50mm | D7: TÔN_CUỘN_MẠ_KẼM | E7: 26000
A8: 7 | B8: MAT-STEEL-DONGBU-2.00 | C8: TÔN DONGBU 2.00mm | D8: TÔN_CUỘN_MẠ_KẼM | E8: 26000
A9: 8 | B9: MAT-STEEL-VNSTEEL-0.35 | C9: TÔN THĂNG LONG VNSTEEL 0.35mm | D9: TÔN_CUỘN_MẠ_KẼM | E9: 23800
A10: 9 | B10: MAT-STEEL-VNSTEEL-0.40 | C10: TÔN THĂNG LONG VNSTEEL 0.40mm | D10: TÔN_CUỘN_MẠ_KẼM | E10: 23550
A11: 10 | B11: MAT-STEEL-VNSTEEL-0.42 | C11: TÔN THĂNG LONG VNSTEEL 0.42mm | D11: TÔN_CUỘN_MẠ_KẼM | E11: 23400
A12: 11 | B12: MAT-STEEL-VNSTEEL-0.47 | C12: TÔN THĂNG LONG VNSTEEL 0.47mm | D12: TÔN_CUỘN_MẠ_KẼM | E12: 23200
A13: 12 | B13: MAT-STEEL-VNSTEEL-0.50 | C13: TÔN THĂNG LONG VNSTEEL 0.50mm | D13: TÔN_CUỘN_MẠ_KẼM | E13: 23200
... A184: 183 | B184: MAT-GIẰNG-TAY-GẠT-1 | C184: Giằng tay gạt 1 | D184: PHỤ_KIỆN_VAN | E184: 20000
A185: 184 | B185: MAT-STEEL-HOA_SEN-1.15 | D185: THUONG_MAI | E185: 22400
A186: 185 | B186: MAT-ACTUATOR-BELIMO-BFN24 | D186: THUONG_MAI | E186: 4200000
A187: 186 | B187: MAT-INSULATION-EI-DAMPER | D187: THUONG_MAI | E187: 300000
A188: 187 | B188: MAT-KHAC-LUOI_BAO_VE | C188: Lưới bảo vệ | D188: THƯƠNG_MẠI_TỰ_ĐỘNG | E188: 165000
A189: 188 | B189: MAT-THUONG_MAI-HE_THONG_HUT_KHOI_HAM_XE_HUT_K_BDCE | C189: HỆ THỐNG HÚT KHÓI HẦM XE, HÚT KHÓI SỰ CỐ Quạt hướng trục CEF-B2-Z1-01~02 5290/9430 l/s @ 500/1350 Pa, chống cháy 300°C trong 2h, | D189: THUONG_MAI | E189: 0
A190: 189 | B190: MAT-THUONG_MAI-HE_THONG_HUT_KHOI_HAM_XE_HUT_K_5C8C | C190: HỆ THỐNG HÚT KHÓI HẦM XE, HÚT KHÓI SỰ CỐ Quạt hướng trục CEF-B2-Z2-01~02 5490/8910 l/s @ 600/1350 Pa, chống cháy 300°C trong 2h | D190: THUONG_MAI | E190: 0
A191: 190 | B191: MAT-THUONG_MAI-HE_THONG_HUT_KHOI_HAM_XE_HUT_K_85A7 | C191: HỆ THỐNG HÚT KHÓI HẦM XE, HÚT KHÓI SỰ CỐ Quạt hướng trục CEF-B1-Z1-01~02 5590/8385 l/s @ 600/1350 Pa, chống cháy 300°C trong 2h | D191: THUONG_MAI | E191: 0
A192: 191 | B192: MAT-THUONG_MAI-HE_THONG_HUT_KHOI_HAM_XE_HUT_K_50BF | C192: HỆ THỐNG HÚT KHÓI HẦM XE, HÚT KHÓI SỰ CỐ Quạt hướng trục CEF-B1-Z2-01~02 5135/7700 l/s @ 600/1350 Pa, chống cháy 300°C trong 2h | D192: THUONG_MAI | E192: 0
A193: 192 | B193: MAT-THUONG_MAI-HE_THONG_HUT_KHOI_HAM_XE_HUT_K_C640 | C193: HỆ THỐNG HÚT KHÓI HẦM XE, HÚT KHÓI SỰ CỐ Quạt hướng trục SEF-B1-Z2-01 4800 l/s @ 500 Pa, chống cháy 300°C trong 2h | D193: THUONG_MAI | E193: 0
A194: 193 | B194: MAT-THUONG_MAI-HE_THONG_HUT_KHOI_HAM_XE_HUT_K_5E99 | C194: HỆ THỐNG HÚT KHÓI HẦM XE, HÚT KHÓI SỰ CỐ Quạt hướng trục SEF-A1.1-03F-01~02 7400 l/s @ 400 Pa, chống cháy 300°C trong 2h | D194: THUONG_MAI | E194: 0
A195: 194 | B195: MAT-THUONG_MAI-HE_THONG_HUT_KHOI_HAM_XE_HUT_K_0135 | C195: HỆ THỐNG HÚT KHÓI HẦM XE, HÚT KHÓI SỰ CỐ Quạt hướng trục SEF-A1.2-03F-01~02 6700 l/s @ 500 Pa, chống cháy 300°C trong 2h | D195: THUONG_MAI | E195: 0
A196: 195 | B196: MAT-THUONG_MAI-HE_THONG_HUT_KHOI_HAM_XE_HUT_K_8FEB | C196: HỆ THỐNG HÚT KHÓI HẦM XE, HÚT KHÓI SỰ CỐ Quạt hướng trục SEF-A1.2-03F-03 5100 l/s @ 500 Pa, chống cháy 300°C trong 2h | D196: THUONG_MAI | E196: 0
A197: 196 | B197: MAT-THUONG_MAI-HE_THONG_HUT_KHOI_HAM_XE_HUT_K_5E9C | C197: HỆ THỐNG HÚT KHÓI HẦM XE, HÚT KHÓI SỰ CỐ Quạt hướng trục SEF-A1.3-03F-01~03 4800 l/s @ 500 Pa, chống cháy 300°C trong 2h | D197: THUONG_MAI | E197: 0
A198: 197 | B198: MAT-THUONG_MAI-HE_THONG_HUT_KHOI_HAM_XE_HUT_K_2169 | C198: HỆ THỐNG HÚT KHÓI HẦM XE, HÚT KHÓI SỰ CỐ Quạt hướng trục SEF-A1.3-03F-04 4800 l/s @ 450 Pa, chống cháy 300°C trong 2h | D198: THUONG_MAI | E198: 0
A199: 198 | B199: MAT-THUONG_MAI-HE_THONG_HUT_KHOI_HAM_XE_HUT_K_04CF | C199: HỆ THỐNG HÚT KHÓI HẦM XE, HÚT KHÓI SỰ CỐ Quạt hướng trục SEF-A1.3-03F-05~07 4800 l/s @ 500 Pa, chống cháy 300°C trong 2h | D199: THUONG_MAI | E199: 0
... A551: 550 | B551: MAT-THUONG_MAI-CHI_PHI_CHUNG_CHI_PHI_CHONG_CH_147A | C551: CHI PHÍ CHUNG Chi phí chống cháy lan | D551: THUONG_MAI | E551: 0
